267.2547318832727,269.493,290.966,279.297,271.358,271.672,235.409,249.885,217.979,245.527,188.567,250.974,202.728,229.187,174.405,234.634,187.477,236.813,199.46,230.277,216.89,207.4,182.03,215.026,199.46,219.383,213.622,212.847,225.605,185.613,197.281,198.685,210.354,207.4,224.515,199.775,236.498,173.63,209.264,157.29,191.835,192.149,227.783
257.85897430960205,325.136,342.829,329.34,312.348,313.574,276.612,289.4,271.357,270.481,287.123,295.706,254.54,274.685,236.672,277.838,245.081,279.94,258.744,275.736,269.255,256.817,248.234,262.072,258.744,271.532,267.153,264.174,279.766,241.051,261.898,247.357,262.949,272.583,285.021,256.817,295.531,230.541,275.561,213.724,261.898,199.009,250.336
270.92398790989324,272.616,319.365,273.721,291.758,262.678,260.837,236.174,247.585,229.548,219.977,226.235,221.082,210.775,206.726,218.505,218.873,225.131,229.916,200.836,226.603,190.897,218.873,204.149,242.064,210.775,255.315,183.167,237.646,172.124,236.542,190.897,253.107,200.836,263.046,183.167,261.941,155.559,249.794,137.89,236.542,122.43,225.499
277.0502000179751,298.717,279.892,303.234,251.66,288.553,216.653,260.321,206.489,233.219,217.782,262.58,189.55,243.382,168.093,249.029,179.386,253.546,188.421,244.512,204.23,223.055,179.386,232.089,195.196,241.124,209.877,230.96,215.523,204.987,196.325,220.797,205.36,230.96,216.653,221.926,229.075,191.435,208.748,172.238,191.808,156.428,178.257
275.92867444323355,246.78,258.256,250.154,232.387,238.907,199.771,207.415,189.648,178.173,202.02,207.415,171.653,189.42,152.533,193.919,163.78,200.667,173.902,188.295,187.399,166.926,163.78,177.048,178.401,186.046,193.022,174.799,198.646,148.93,180.651,157.928,182.9,177.048,200.895,165.801,215.517,134.309,191.898,115.189,176.152,99.4431,163.78
249.59536030343187,345.41,330.378,353.548,301.891,346.427,265.266,320.993,254.075,298.611,263.231,332.184,241.866,310.819,217.449,312.854,225.588,313.871,236.78,309.802,253.057,289.454,224.571,295.558,236.78,302.68,248.988,293.524,261.196,272.159,237.797,285.385,245.936,294.541,261.196,285.385,275.44,260.968,250.005,245.707,235.762,235.534,220.502
262.88359426940286,284.729,348.805,289.015,320.945,279.371,284.512,251.511,268.439,221.508,280.226,253.654,250.223,231.152,225.578,235.438,236.293,239.724,247.009,233.295,264.153,208.649,235.222,217.222,252.366,225.794,262.01,217.222,275.94,188.29,251.295,202.22,262.01,210.792,274.869,206.506,289.87,174.36,264.153,158.287,247.009,143.286,233.079
269.3961826399922,274.68,299.695,284.563,272.243,280.171,231.614,253.817,215.142,247.228,188.788,254.915,203.064,235.149,175.612,237.346,185.494,239.542,196.475,230.757,211.848,212.09,183.298,218.678,196.475,226.365,208.554,216.482,222.829,191.226,195.377,202.207,206.358,210.992,220.633,203.305,237.104,176.951,210.75,160.48,194.279,148.401,177.808
267.3441035145529,259.221,304.729,265.759,272.038,257.041,233.898,229.798,216.462,223.26,190.309,231.978,208.834,208.004,180.502,214.542,190.309,216.722,199.027,206.914,217.552,186.21,189.219,193.838,200.117,203.645,209.924,193.838,229.539,164.415,203.386,179.671,214.283,188.389,226.27,180.761,243.705,153.518,218.642,136.083,204.475,120.826,189.219
270.7961248171768,282.069,328.391,280.966,301.9,261.097,267.683,229.088,262.164,202.597,282.032,227.984,247.814,208.116,229.05,213.635,237.88,222.465,246.711,212.531,263.267,189.351,242.296,200.389,256.645,211.427,270.994,202.597,276.513,173.898,262.164,187.144,267.683,208.116,277.617,194.87,293.07,162.86,276.513,140.785,265.475,123.124,252.23
273.1667206615769,263.162,274.525,262.049,246.689,242.006,212.172,211.943,203.264,189.674,221.08,200.809,176.542,191.901,175.428,198.582,193.243,207.49,202.151,181.88,186.563,175.2,185.449,186.334,207.718,193.015,217.739,174.086,207.718,159.611,205.491,174.086,217.739,191.901,216.626,174.086,229.987,147.363,218.853,123.981,206.605,109.506,194.357
272.42488182432976,276.625,285.319,285.508,258.669,279.956,222.025,253.306,203.147,222.214,212.031,259.968,186.491,237.76,158.73,241.091,170.945,243.312,184.27,235.539,195.374,215.551,164.282,221.103,183.16,225.545,197.595,217.772,206.479,192.232,177.607,206.668,193.153,209.999,204.258,205.557,220.914,180.018,189.822,163.361,170.945,151.146,155.399
261.0102318071075,276.979,311.251,282.298,280.398,273.787,243.162,248.253,230.395,218.464,244.226,242.934,212.309,228.039,192.094,233.359,200.606,237.614,210.181,224.848,228.267,206.761,200.606,216.336,214.436,224.848,222.948,209.953,239.97,185.483,215.5,200.378,226.139,208.889,237.842,200.378,254.865,173.78,229.331,156.758,212.309,141.863,196.35
251.42229011167646,325.668,312.955,330.792,285.285,319.519,246.342,295.949,238.143,290.824,207.399,305.172,226.87,283.651,204.324,287.75,212.523,287.75,222.771,284.676,239.168,263.154,212.523,270.328,223.796,277.502,237.118,269.303,248.391,246.757,226.87,260.08,235.069,270.328,246.342,261.105,262.739,236.509,239.168,220.112,224.82,208.839,211.498
265.0186669519715,275.183,346.995,278.424,314.588,268.702,277.86,240.616,261.656,233.054,236.811,236.295,247.613,216.85,227.089,222.252,235.731,227.653,244.373,219.011,262.737,194.165,235.731,203.888,246.533,213.61,256.255,203.888,273.539,175.801,253.015,192.005,261.656,200.647,272.459,193.085,288.662,164.999,269.218,147.715,253.015,131.512,237.891
249.72100664541622,320.348,329.624,323.402,302.141,312.205,266.515,287.776,257.354,264.365,272.623,293.883,243.104,271.49,222.747,276.579,231.907,277.597,242.086,272.508,256.337,254.186,232.925,261.311,245.14,270.472,250.229,261.311,267.533,237.9,248.194,246.043,251.247,266.4,269.569,253.168,281.784,226.703,262.444,209.399,248.194,197.185,233.943
269.0489024638458,275.591,288.688,283.268,257.981,275.591,219.598,249.272,204.244,248.175,175.731,252.562,189.988,232.822,164.765,237.208,174.635,240.498,184.505,230.628,202.051,209.792,172.441,217.468,184.505,222.952,200.954,213.082,211.921,188.955,184.505,204.308,197.664,211.985,210.824,203.212,227.274,176.892,200.954,160.442,183.408,147.282,165.861
266.1697610548577,284.96,306.174,293.639,276.881,287.129,237.823,262.176,219.379,257.836,193.341,267.601,211.785,243.732,179.237,248.072,189.001,251.327,199.851,243.732,220.464,219.864,185.746,227.458,199.851,235.053,212.87,225.288,228.059,200.335,198.766,214.439,211.785,218.779,222.634,211.184,238.908,184.061,211.785,171.042,196.596,158.023,179.237
264.2268413465975,261.096,276.549,264.327,250.701,253.557,217.313,228.785,203.312,219.092,175.31,220.169,176.387,204.014,160.232,210.476,173.156,214.784,183.926,194.321,181.772,181.397,173.156,195.398,195.773,202.937,209.774,177.089,191.465,163.088,190.388,179.243,206.543,192.167,217.313,176.012,217.313,149.087,203.312,128.624,188.234,116.776,174.233
289.48416828904476,231.158,314.441,238.238,282.582,227.618,241.283,195.759,223.584,165.08,236.563,205.199,215.324,179.24,185.825,180.42,190.545,183.959,203.525,178.06,228.304,156.82,196.445,159.18,207.064,169.8,224.764,163.9,243.643,135.581,214.144,140.301,214.144,160.36,235.384,155.64,256.623,121.421,234.204,100.182,216.504,82.4826,204.704
267.6452994431249,299.537,299.591,309.356,272.317,306.083,233.043,280.991,214.497,250.445,219.952,285.355,195.951,266.809,169.768,271.173,185.041,272.264,197.042,260.263,203.587,242.808,171.95,249.354,194.86,250.445,212.315,240.626,207.951,222.08,186.132,234.08,203.587,239.535,214.497,230.808,225.406,204.625,195.951,190.443,177.405,179.533,161.041
266.3472623493622,267.655,269.849,276.34,244.879,269.826,210.138,247.028,192.768,216.629,202.539,243.771,173.226,230.743,149.342,235.086,164.541,238.342,175.397,225.315,184.083,206.858,156.941,215.544,174.312,220.972,188.425,207.944,192.768,186.231,168.884,200.345,184.083,207.944,198.196,199.259,209.053,173.203,181.911,156.918,165.627,146.062,149.342
265.52528143286094,239.138,280.339,234.809,252.199,213.163,219.73,182.858,211.072,160.13,231.636,178.529,198.084,161.212,181.85,167.706,192.673,176.364,202.413,162.295,214.319,143.895,199.167,155.801,213.237,163.377,224.06,152.554,226.224,128.743,217.566,144.978,226.224,161.212,226.224,146.06,242.459,117.92,233.8,95.1917,225.142,75.7102,218.648
281.8020109527254,287.293,290.429,286.145,258.266,268.915,223.807,240.199,214.618,213.78,229.55,229.861,183.604,221.82,183.604,222.969,206.577,233.307,212.32,211.482,196.239,203.442,193.942,212.631,216.915,220.672,224.956,202.293,215.766,186.212,211.172,201.145,224.956,220.672,222.658,199.996,237.591,171.28,222.658,150.604,210.023,136.82,199.685
268.8909146047891,274.671,304.929,283.439,285.201,275.767,250.128,251.654,233.688,248.366,201.903,249.462,215.055,231.926,188.751,237.406,201.903,239.598,213.959,231.926,230.4,210.005,197.519,216.581,215.055,223.158,227.112,214.389,240.264,188.085,212.863,202.333,226.016,211.101,240.264,204.525,253.416,177.125,227.112,186.989,235.88,195.757,243.552
271.4918149134519,263.538,290.372,267.965,264.92,255.792,233.934,230.34,219.548,222.593,192.989,224.806,194.096,207.1,175.283,212.634,189.669,219.273,201.842,201.567,201.842,184.968,188.562,197.141,209.588,203.781,226.188,190.501,218.441,166.155,204.055,183.861,219.548,193.821,230.614,182.755,237.254,150.663,219.548,131.85,204.055,117.464,191.882
289.26313651241486,224.214,309.192,228.93,276.179,218.319,236.091,186.484,219.584,155.828,233.733,194.737,211.33,169.977,181.854,171.156,187.749,174.693,197.182,169.977,226.658,145.217,192.465,151.112,203.077,160.545,219.584,153.47,239.628,126.352,211.33,132.247,211.33,152.291,232.554,146.396,256.135,113.382,231.374,90.9802,217.226,74.4734,201.898
266.08075455583025,289.855,309.961,299.616,280.678,296.363,241.633,270.333,223.196,243.219,230.788,270.333,208.012,252.98,181.982,256.234,192.828,259.487,204.758,250.811,223.196,229.119,188.49,235.627,202.589,243.219,215.604,233.458,231.872,209.597,201.504,222.612,214.519,226.95,225.365,219.358,241.633,193.329,215.604,179.229,198.251,166.214,181.982
257.93341601661473,266.583,282.779,272.891,251.238,265.532,215.492,240.299,198.67,239.248,170.283,239.248,183.951,222.426,159.769,228.734,170.283,231.888,180.797,221.375,199.721,199.296,167.129,207.707,181.848,215.066,193.413,204.553,209.183,180.371,182.899,196.142,194.464,203.501,207.081,192.988,223.902,165.652,196.567,150.933,179.745,137.266,163.975
253.11485013922038,317.85,317.58,319.914,287.66,308.565,249.486,283.804,245.359,261.106,256.708,291.026,229.884,268.328,207.186,270.391,217.503,272.455,229.884,270.391,241.233,249.757,219.566,254.916,228.852,264.201,241.233,259.042,254.645,234.281,231.947,244.598,239.169,260.074,254.645,250.789,269.089,223.964,247.423,206.425,231.947,194.044,219.566
267.2200954213587,276.945,323.431,285.659,298.379,278.034,263.524,256.25,246.097,250.804,217.777,250.804,227.58,234.466,203.618,241.001,217.777,243.18,228.67,233.377,243.919,211.592,211.242,221.395,229.759,226.841,245.008,215.949,252.632,189.808,227.58,206.146,242.829,214.86,254.811,207.236,268.97,180.005,242.829,162.578,224.313,199.611,261.346
277.7901421721081,279.14,285.532,278.008,253.828,259.891,219.859,232.716,210.801,206.673,226.653,217.996,180.229,213.467,180.229,215.732,200.61,225.922,207.404,203.276,196.081,194.218,190.419,204.409,213.065,213.467,222.124,194.218,215.33,178.366,209.668,193.086,222.124,212.335,219.859,193.086,236.843,162.514,222.124,143.265,209.668,126.28,198.345
274.0858388917604,248.476,286.614,244.007,258.684,223.898,224.051,192.616,215.113,171.389,234.106,185.913,199.473,171.389,187.183,180.327,200.59,190.382,212.879,164.686,207.293,153.514,200.59,166.921,218.465,175.858,228.52,155.749,224.051,137.873,221.817,154.631,231.871,171.389,231.871,154.631,243.043,126.701,235.223,103.24,227.403,84.2479,219.582
258.35325611650416,277.736,276.799,284.055,250.473,280.896,214.668,256.675,197.819,225.083,207.297,254.569,176.758,239.826,152.537,247.197,168.333,249.303,178.864,232.454,185.182,216.658,159.909,227.189,178.864,231.401,190.448,215.605,193.607,196.65,172.545,212.446,189.395,216.658,200.978,206.127,210.456,180.854,184.129,167.164,167.28,154.527,151.484
266.88765652423865,291.974,341.671,296.325,314.475,287.622,279.663,262.602,265.521,234.317,280.751,260.426,244.852,243.02,224.183,248.46,235.061,252.811,245.94,241.932,261.17,219.087,233.974,229.966,247.028,237.581,258.994,225.615,270.961,200.594,247.028,216.912,261.17,225.615,272.048,216.912,287.279,189.715,262.258,172.31,245.94,157.08,230.71
266.2368252383581,271.605,299.919,278.116,267.363,270.52,229.381,244.475,214.188,243.39,187.058,243.39,197.91,226.027,176.206,231.453,184.888,235.793,194.654,223.856,213.103,202.152,184.888,211.919,196.825,218.43,209.847,208.663,223.955,183.704,197.91,199.982,210.932,208.663,222.87,197.811,239.148,169.596,213.103,155.488,196.825,140.296,179.462
259.81224700348514,268.943,330.968,274.238,302.374,261.53,262.132,235.054,246.247,225.523,219.771,233.995,236.715,212.815,211.299,219.169,219.771,221.287,229.302,215.992,251.542,191.634,219.771,200.107,233.538,209.638,240.951,200.107,261.073,173.631,236.715,188.457,246.247,197.989,260.014,190.575,274.84,159.864,251.542,142.92,236.715,128.093,221.889
278.75526712153794,269.008,331.609,272.416,308.885,256.509,274.798,224.695,265.708,196.289,283.888,221.286,246.392,201.97,229.349,209.924,240.711,217.877,250.937,203.106,262.299,182.654,244.12,192.88,257.754,203.106,273.661,191.744,274.798,164.475,261.163,181.518,271.389,197.425,280.479,183.79,292.977,151.976,274.798,130.388,262.299,112.208,248.664
272.5923649059159,284.489,270.468,285.6,242.69,272.267,209.357,242.267,199.357,214.489,212.69,243.378,183.801,224.489,162.69,231.156,172.69,235.6,181.579,224.489,199.357,204.489,173.801,213.378,189.357,223.378,203.801,212.267,209.357,186.711,191.579,195.6,192.69,214.489,209.357,204.489,223.801,173.378,203.801,154.489,190.468,137.823,173.801
250.73204081050355,333.856,319.089,337.944,289.451,326.702,249.592,304.218,242.438,284.8,255.725,309.328,228.13,292.976,207.69,295.02,216.888,297.064,226.086,291.954,243.46,271.513,217.91,279.69,228.13,286.844,240.394,277.646,252.658,255.161,229.152,268.447,239.372,279.69,251.636,268.447,266.967,244.941,242.438,228.589,227.108,218.369,212.8
265.58432424373245,265.091,321.829,270.503,288.27,260.76,248.216,230.449,235.225,229.367,208.162,229.367,218.987,210.963,196.254,218.541,207.079,221.789,216.822,212.046,235.225,187.148,205.996,195.808,217.904,205.551,228.73,195.808,244.968,168.744,218.987,177.405,223.317,194.725,243.885,184.982,260.124,157.919,236.308,140.598,221.152,124.36,204.914
265.0795871978829,269.136,296.283,276.699,267.11,270.216,228.212,244.285,213.085,236.721,186.073,244.285,197.958,223.755,172.027,228.077,181.751,230.238,193.636,222.675,209.844,202.146,179.59,208.628,194.717,212.95,210.924,207.548,221.729,180.536,193.636,194.582,205.522,201.065,216.327,194.582,232.534,167.57,207.683,151.363,191.475,137.316,175.268
266.86291073320774,282.636,288.919,291.338,261.725,290.25,224.741,264.144,206.249,235.863,213.864,267.408,188.845,247.828,161.651,252.179,175.792,255.442,187.758,245.652,200.811,223.897,167.09,230.424,186.67,236.95,201.898,227.161,211.688,203.23,180.143,216.283,196.46,221.722,209.513,214.107,223.653,188.001,192.109,174.948,172.529,160.807,156.213
279.10935685677043,271.412,280.304,269.136,249.586,249.796,215.456,222.492,207.492,197.463,224.558,208.84,176.775,204.289,179.051,205.427,200.666,215.666,207.492,189.499,187.014,183.811,190.427,195.188,212.043,203.151,220.007,181.535,206.355,169.021,207.492,184.948,220.007,202.014,221.145,182.673,231.384,151.956,218.869,132.615,207.492,117.826,194.978
263.84736727888725,288.49,339.921,291.716,310.884,280.962,271.092,253,260.337,223.962,272.167,248.698,243.13,232.566,219.469,240.094,229.149,246.547,239.903,232.566,259.262,213.207,230.224,221.811,243.13,231.49,252.809,218.585,270.016,193.849,244.205,205.679,252.809,219.66,268.941,209.981,286.148,180.943,261.412,162.661,244.205,147.604,228.073
269.74442723808033,263.686,277.644,273.582,256.754,269.184,221.57,244.995,203.978,246.094,172.092,242.796,183.087,228.502,159.997,232.9,174.291,237.298,186.385,221.905,195.182,203.214,166.594,212.01,185.286,218.607,198.48,204.313,203.978,183.423,178.689,197.716,195.182,203.214,206.177,194.418,219.371,168.029,190.783,152.636,174.291,140.542,158.898
267.84628303935824,266.668,367.478,266.668,339.092,252.476,303.063,221.906,292.146,194.612,309.614,215.356,273.586,195.704,256.118,202.254,263.76,209.897,272.494,196.796,288.871,173.869,270.311,188.061,284.503,197.887,296.513,185.878,304.155,158.584,288.871,177.144,297.605,188.061,307.431,178.236,321.623,145.483,305.247,125.831,291.054,109.454,280.136
282.48904847621964,256.443,265.253,258.746,237.618,247.231,204.226,218.445,193.863,190.81,207.681,218.445,173.137,200.022,154.714,204.628,167.38,210.385,178.894,200.022,190.409,176.993,165.077,185.053,181.197,196.568,199.62,183.902,200.772,158.57,182.349,172.387,191.56,187.356,205.378,173.539,218.044,144.752,193.863,126.329,180.046,109.058,163.926
276.0470130702377,292.233,274.469,294.483,247.465,283.231,213.709,251.726,202.457,223.596,217.085,255.101,186.704,233.723,165.326,240.474,175.453,247.225,185.579,235.973,202.457,214.594,175.453,223.596,191.205,232.597,208.083,222.471,211.459,195.466,192.33,204.468,194.581,225.846,213.709,213.469,227.211,183.089,205.833,163.961,192.33,148.208,175.453
268.55167458424086,269.024,303.644,270.119,278.467,259.173,246.723,232.901,233.587,225.239,207.316,225.239,207.316,208.819,190.896,215.387,202.937,220.86,216.073,198.967,210.6,186.926,206.221,198.967,225.924,207.725,242.344,183.642,224.83,169.412,222.641,188.021,239.06,198.967,248.912,181.453,250.007,154.087,234.682,135.478,219.357,120.153,208.41
253.34825324836956,332.523,357.088,334.588,328.173,319.098,293.062,295.346,286.866,274.693,298.226,302.575,271.376,278.824,250.723,282.954,257.951,285.02,269.311,283.987,285.833,260.236,262.082,267.464,271.376,276.758,282.735,269.53,296.16,244.746,277.572,253.007,278.605,271.595,296.16,261.268,311.65,235.452,290.997,217.896,278.605,203.439,265.18
270.41228635178544,279.074,312.716,275.768,286.263,257.03,255.401,228.372,247.685,201.919,266.423,227.27,232.254,204.123,212.414,212.941,223.436,221.759,234.458,211.839,247.685,186.487,228.947,197.51,243.276,210.736,255.401,198.612,259.81,172.158,247.685,187.59,254.298,204.123,264.218,191.999,275.241,158.932,260.912,139.092,247.685,121.456,236.663
274.061798740722,272.576,298.411,269.225,269.366,248,234.736,220.072,224.682,194.379,243.673,214.487,211.277,201.082,196.755,205.55,209.043,214.487,222.448,197.73,223.565,182.091,207.926,191.028,224.682,202.199,235.853,186.559,234.736,166.452,228.034,179.857,238.087,201.082,236.97,183.208,252.61,151.929,242.556,130.704,233.619,111.714,224.682
260.63059271889017,278.008,302.105,286.507,275.546,279.07,238.363,252.511,224.553,224.89,235.176,252.511,203.306,236.576,180.996,240.826,192.682,245.075,203.306,233.389,218.179,212.142,187.37,221.703,204.368,228.077,216.054,216.391,226.677,193.02,201.181,210.017,217.116,213.204,226.677,204.706,240.488,178.147,214.992,164.336,197.994,150.525,183.121
265.95511465283005,269.419,281.053,277.008,252.867,270.503,216.009,244.486,198.664,215.216,207.337,244.486,180.235,227.141,154.218,233.645,167.227,235.813,180.235,226.057,194.328,204.376,160.722,211.964,179.151,218.468,193.244,208.712,205.169,183.779,172.647,197.871,188.908,202.208,200.832,195.703,216.009,169.686,187.824,155.593,169.395,141.5,153.134
259.69785166034774,299.411,290.951,308.938,264.487,306.821,229.555,282.475,212.618,256.011,218.97,285.65,191.447,271.889,166.042,274.006,180.862,276.123,194.623,265.538,205.208,247.542,171.335,254.952,190.389,257.069,208.384,247.542,211.56,224.254,181.92,238.015,198.857,242.25,212.618,233.781,223.204,210.493,193.564,196.732,175.569,185.088,157.574
268.0244253981342,280.62,334.608,284.99,307.296,276.25,270.152,248.938,254.857,218.348,265.782,253.308,236.284,230.366,211.157,233.643,222.082,238.013,231.914,231.458,248.302,206.331,218.804,213.978,236.284,222.718,248.302,213.978,259.227,187.759,234.099,201.961,248.302,207.424,259.227,204.146,274.522,172.464,248.302,156.076,230.822,142.967,215.527
295.4027345337209,259.588,330.703,269.221,299.397,260.792,254.846,230.69,234.376,198.18,245.213,239.119,228.356,216.241,195.846,216.241,205.478,216.241,213.907,213.833,241.601,192.16,205.478,194.568,217.519,202.996,234.376,198.18,253.642,171.69,223.54,174.098,222.336,192.16,246.417,188.547,269.295,154.833,242.805,134.363,224.744,116.302,207.887
275.3695830788143,257.299,289.005,259.544,263.189,246.075,231.761,214.647,222.782,187.708,236.251,212.402,201.456,195.565,183.497,201.177,196.966,207.912,208.19,194.443,216.047,171.994,196.966,184.341,214.925,192.198,230.639,179.851,227.272,154.036,213.802,170.872,223.904,182.096,234.006,171.994,244.108,141.689,225.027,122.608,212.68,106.894,198.089
264.39845615472115,305.781,308.143,315.48,276.889,309.014,235.936,283.149,223.003,282.071,191.75,288.538,207.915,271.294,180.973,274.527,190.672,276.683,201.449,265.906,220.848,247.585,185.284,256.206,201.449,258.362,217.615,248.662,229.47,226.03,198.216,238.963,208.993,247.585,224.081,236.807,241.325,212.02,213.304,196.932,191.75,186.155,173.429
269.0303426493004,252.582,290.127,260.258,257.229,251.485,217.752,225.167,202.399,224.071,177.178,225.167,187.047,204.332,162.922,209.815,173.888,216.395,183.757,206.525,203.496,182.4,171.695,190.076,185.95,199.946,195.82,188.98,212.269,163.758,187.047,173.627,194.723,184.593,211.172,176.917,226.524,147.309,201.303,131.957,185.95,118.798,170.598
271.914442097142,276.171,332.45,277.279,306.957,266.196,275.924,239.596,262.624,229.62,236.023,224.079,229.373,212.995,221.615,220.754,234.915,226.295,245.998,199.695,237.131,191.937,236.023,206.345,260.407,216.32,272.599,186.395,252.648,176.42,254.865,195.262,271.49,207.453,280.357,173.095,270.382,159.794,267.057,139.844,253.757,125.436,242.673
273.1963797948282,270.779,273.144,277.461,247.532,268.552,215.238,237.372,200.762,207.306,213.011,239.599,182.945,218.441,162.9,225.123,172.923,229.577,184.058,220.668,198.535,197.283,172.923,206.192,189.626,215.101,205.216,203.965,208.557,178.353,189.626,188.375,194.08,201.738,209.67,192.829,223.033,162.763,199.648,144.946,182.945,127.128,168.468
267.9275338780992,256.498,336.936,257.59,308.542,244.485,272.503,214.998,262.674,188.788,280.147,210.63,245.2,188.788,226.635,196.432,234.279,204.077,241.924,187.696,256.121,169.13,237.556,178.959,249.569,189.88,257.213,177.867,272.503,151.657,255.029,169.13,265.95,182.235,279.055,170.222,289.976,137.459,272.503,118.894,258.306,102.512,246.292
260.71082902902214,292.034,286.226,302.661,260.721,297.347,224.59,273.968,208.65,244.213,215.026,275.031,186.334,261.216,160.83,264.404,176.77,266.529,189.522,254.84,201.211,236.774,168.268,245.276,186.334,247.401,203.337,236.774,208.65,213.396,179.958,229.336,195.898,236.774,209.713,226.148,221.402,201.706,192.71,186.829,174.644,176.202,158.704
268.75013477391974,249.806,321.959,254.188,294.573,239.947,259.519,211.466,248.564,182.984,262.805,205.988,231.037,186.27,209.128,193.938,216.796,201.606,225.56,186.27,244.182,165.457,223.369,176.411,235.419,187.366,245.278,174.22,258.423,147.93,239.801,166.552,250.755,176.411,260.614,167.648,275.95,133.689,256.232,116.161,241.991,98.6343,227.751
275.5781128972328,264.059,295.187,262.936,265.981,241.594,230.036,211.265,221.05,186.553,241.269,206.772,209.817,189.923,192.968,195.539,206.447,204.526,218.803,191.046,223.297,171.95,207.571,180.937,222.173,192.169,234.529,179.813,235.653,156.225,226.666,170.827,236.776,189.923,240.146,175.32,252.502,143.868,240.146,121.403,231.16,102.307,222.173
263.1345119515873,284.685,293.275,291.121,264.316,283.613,222.486,257.871,210.688,228.912,221.414,261.089,194.6,242.855,169.931,247.146,179.584,249.291,189.237,238.565,206.398,218.187,176.366,226.767,191.382,234.275,206.398,224.622,219.268,199.953,189.237,216.041,204.253,219.259,213.906,210.679,231.067,183.865,203.18,170.994,187.092,157.051,169.931
292.06338220495905,237.517,318.293,244.66,284.96,236.326,245.674,205.374,226.626,173.231,239.721,212.517,218.293,188.707,188.531,191.088,195.674,191.088,206.388,187.517,231.388,166.088,199.245,168.469,208.769,177.993,226.626,173.231,245.674,144.66,217.102,148.231,217.102,168.469,238.531,164.898,262.34,129.183,236.15,108.945,219.483,91.0882,206.388
267.22342224438336,284.505,328.898,287.773,298.4,276.881,261.366,250.739,245.028,240.936,218.886,245.293,229.778,227.865,209.083,234.401,218.886,236.579,227.6,226.776,245.028,207.17,218.886,216.973,233.046,226.776,239.582,214.795,258.098,187.564,236.314,201.724,245.028,215.884,261.366,204.992,273.348,174.493,251.563,157.066,235.225,141.817,219.975
267.90783797791363,265.51,290.773,274.246,264.565,266.602,225.252,239.301,207.78,237.117,179.388,244.762,190.308,221.829,164.099,225.105,178.296,229.473,189.216,221.829,204.504,197.805,171.743,205.449,189.216,213.093,201.228,204.357,213.24,178.149,187.032,193.437,202.32,197.805,214.332,192.345,229.62,161.768,199.044,147.572,181.572,134.468,165.191
277.0916362379059,268.127,260.328,269.257,233.221,255.703,200.467,222.949,190.302,195.843,206.114,227.467,176.748,204.878,153.03,211.655,165.454,216.173,175.619,207.137,190.302,185.678,168.842,194.713,182.396,204.878,197.079,194.713,201.596,168.736,185.784,184.548,194.82,196.972,204.985,186.807,216.279,156.312,198.208,135.982,185.784,120.169,169.972
281.8570065157154,277.871,277.484,284.764,251.06,275.573,217.743,245.703,205.105,215.832,214.296,248,185.575,229.618,166.044,233.065,176.384,238.809,187.872,229.618,200.51,205.492,175.235,213.534,191.319,222.725,207.403,212.385,210.85,185.961,190.17,194.003,194.766,211.237,214.296,202.046,225.785,173.324,202.808,154.942,185.575,137.709,169.49
251.02913507399887,316.602,305.825,323.765,279.222,309.44,239.316,286.929,236.247,266.465,247.502,293.068,217.829,274.65,198.388,279.767,206.573,280.79,217.829,274.65,234.2,255.209,207.597,263.395,220.898,270.558,231.13,261.349,244.432,239.861,222.945,250.093,229.084,265.442,244.432,252.14,256.711,227.583,236.247,211.211,221.922,200.979,206.573
274.05027461763285,262.647,306.048,263.764,280.356,250.359,245.727,217.964,236.791,191.155,252.43,217.964,218.918,197.857,199.928,203.443,209.982,210.145,220.035,200.092,234.557,175.516,211.099,185.57,226.737,196.74,243.493,185.57,245.727,157.643,228.972,174.399,237.908,188.921,249.079,176.633,262.483,146.473,241.259,125.249,227.854,108.493,215.567
265.75413938638854,276.692,357.796,282.108,328.549,268.026,289.552,240.945,277.637,233.362,249.472,239.862,263.555,218.197,239.723,223.613,248.389,230.113,258.138,222.53,279.803,197.616,252.722,205.198,263.555,214.947,273.304,206.281,289.552,179.201,267.887,188.95,272.22,203.032,289.552,196.532,305.801,165.118,283.053,149.953,270.054,134.788,254.889
276.1925341206746,263.113,270.814,263.113,244.921,247.352,211.147,216.956,201.015,189.937,219.028,216.956,186.38,197.818,166.116,204.572,178.499,210.201,188.632,200.069,202.141,178.679,181.877,186.56,193.135,198.943,210.021,188.811,214.525,161.792,197.638,177.553,207.77,195.566,215.65,180.931,229.16,150.535,211.147,129.145,199.889,112.258,185.254
260.1774650233952,283.101,314.456,289.464,289.004,282.04,254.007,256.588,239.16,225.833,249.765,254.467,215.829,239.62,195.679,243.862,206.284,249.164,220.071,235.378,229.615,215.228,203.103,224.773,221.131,233.257,231.736,218.41,239.16,195.079,216.889,210.986,231.736,218.41,243.402,209.926,255.067,182.352,230.676,166.445,213.708,152.658,197.8
268.8040572926682,265.45,317.958,267.641,292.758,254.493,259.888,221.623,251.122,194.232,267.557,220.528,232.496,200.806,213.87,208.475,225.922,213.954,236.879,202.997,248.931,178.892,229.209,188.753,243.453,199.71,258.792,187.658,259.888,160.266,246.74,177.797,255.505,187.658,265.366,178.892,276.323,149.309,258.792,128.492,245.644,112.057,231.4
249.07604104971637,310.157,300.185,313.203,274.803,305.081,241.3,279.699,229.117,256.348,242.315,287.821,214.903,264.47,193.583,268.531,201.705,268.531,210.842,265.486,227.086,246.196,202.72,253.303,215.918,260.409,224.041,252.287,237.239,230.967,217.949,239.089,220.995,254.318,236.224,242.135,251.452,218.784,232.163,202.54,217.949,190.357,202.72
277.3376533397512,285.4,282.601,293.313,256.601,285.4,221.557,253.748,210.252,224.356,219.296,257.139,192.165,239.052,168.426,242.443,180.861,248.095,192.165,239.052,205.73,214.182,178.6,220.964,192.165,231.139,210.252,222.095,215.905,194.964,193.295,201.747,193.295,192.703,193.295,211.921,229.47,183.66,205.73,164.442,189.904,148.615,172.947
278.26452959189754,258.012,253.727,259.146,227.64,243.267,194.747,213.777,185.673,186.555,203.821,212.643,169.794,193.361,150.512,201.3,161.854,208.106,172.062,195.629,186.807,175.213,164.123,184.287,176.599,194.495,194.747,184.287,198.15,157.065,180.002,174.079,187.942,189.958,199.284,176.347,214.029,146.857,195.881,125.307,181.136,109.428,167.525
260.2460743834573,269.202,306.832,276.628,277.13,269.202,240.002,242.683,223.03,240.561,195.449,243.743,206.057,223.589,180.598,227.832,193.328,232.075,203.936,225.71,221.969,200.251,189.085,208.738,204.996,217.224,215.604,206.616,230.455,180.096,203.936,193.887,214.543,201.312,230.455,194.947,246.367,166.306,216.665,150.394,198.632,135.543,182.72
266.0360438154951,287.989,329.331,294.496,301.137,286.905,265.352,260.88,250.171,231.601,265.352,259.795,231.736,241.361,207.88,246.783,221.977,252.205,232.82,241.361,248.002,217.504,217.639,228.348,233.905,235.939,244.749,225.095,257.761,199.07,231.736,216.42,246.917,224.011,257.761,214.251,271.858,187.141,248.002,170.876,230.652,155.694,214.386
275.36287518109623,268.777,284.904,268.777,257.967,253.063,226.539,221.636,217.56,194.698,235.519,219.391,201.847,200.31,182.766,208.167,193.99,213.779,202.969,203.677,218.683,181.229,198.479,190.208,208.581,201.433,225.417,192.453,229.907,164.393,215.315,181.229,224.295,196.943,233.274,184.596,245.62,154.292,228.784,132.966,217.56,115.008,202.969
277.21916651090345,254.516,289.472,253.386,261.223,233.047,228.454,201.408,219.414,177.678,237.494,196.888,205.855,181.068,188.905,188.978,202.465,196.888,212.634,181.068,218.284,162.989,205.855,173.158,218.284,182.198,231.844,170.899,232.974,147.169,225.064,162.989,232.974,181.068,234.104,165.249,248.794,135.869,238.624,113.27,231.844,94.0606,222.804
259.2047920563969,285.558,280.348,295.067,256.048,288.727,218.012,264.427,202.164,233.787,210.616,264.427,182.09,250.692,157.789,254.918,173.637,257.031,184.203,246.466,197.938,227.448,165.185,235.9,183.146,238.013,198.994,228.504,205.334,205.261,176.807,220.052,192.655,227.448,206.39,216.883,218.012,192.582,190.542,177.79,172.581,166.168,156.733
266.8443066003095,277.71,313.92,284.236,284.553,271.184,245.396,243.992,234.519,239.641,201.889,249.43,218.204,225.501,193.187,230.94,202.976,233.115,212.766,225.501,231.256,204.836,204.064,212.449,218.204,223.326,227.993,211.362,244.308,184.17,219.292,198.309,227.993,208.099,244.308,201.572,260.624,171.117,235.607,153.714,219.292,137.399,202.976
292.45663343477105,243.807,323.855,253.343,289.285,244.999,248.754,214.005,229.681,181.819,241.602,222.349,221.336,197.316,191.534,199.7,196.303,202.084,205.839,196.124,235.641,174.666,201.071,177.05,211.8,186.587,229.681,180.627,248.754,153.209,220.144,156.785,217.76,177.05,241.602,172.282,265.443,138.904,239.218,117.446,221.336,99.5652,205.839
262.49911793375617,291.112,298.379,299.672,268.42,292.182,227.761,267.573,211.712,266.503,183.893,268.643,197.802,251.523,173.193,255.803,182.823,259.013,193.522,249.383,211.712,229.054,178.543,236.544,193.522,241.894,208.502,231.194,220.272,207.654,192.452,223.704,205.292,230.124,218.132,218.354,235.251,193.745,206.362,179.835,187.103,165.926,169.983
279.6263123974567,261.565,269.462,269.543,243.247,259.285,212.473,227.371,197.656,197.737,210.194,230.791,179.419,209.135,158.903,213.694,169.161,218.253,180.559,210.275,194.237,187.479,169.161,193.178,185.118,204.576,202.215,194.318,204.495,168.103,186.258,176.081,188.538,190.898,206.774,184.06,220.452,152.146,196.516,133.909,181.699,117.953,168.022
264.5311192279653,274.072,299.576,280.542,271.541,268.681,232.724,241.725,220.864,213.69,233.803,243.881,204.69,223.395,178.812,227.708,188.516,232.021,198.22,223.395,216.551,200.751,188.516,210.456,203.612,219.082,214.394,207.221,228.411,181.343,204.69,196.438,214.394,206.143,229.49,197.516,243.507,169.482,220.864,152.23,203.612,136.056,187.438
251.6032001147839,335.086,369.087,338.162,342.422,323.805,307.553,299.191,300.375,277.655,312.681,300.217,282.94,280.731,264.48,285.859,272.685,288.936,283.966,282.782,297.298,263.297,276.787,271.501,287.042,280.731,297.298,272.527,310.63,248.939,293.196,264.322,301.4,276.629,310.63,265.348,326.013,238.683,305.502,221.249,293.196,206.891,280.889
268.4327706521691,261.66,350.871,262.754,322.423,247.436,287.41,218.988,277.562,191.634,295.069,211.329,258.962,192.728,241.455,200.387,249.114,209.14,257.867,192.728,269.903,171.939,252.397,183.975,266.621,194.916,274.28,181.786,287.41,155.527,270.997,174.127,281.939,187.257,293.975,175.222,304.916,141.303,287.41,122.702,275.374,106.29,262.244
258.43832325140943,273.947,285.97,281.321,260.688,273.947,224.871,248.665,210.124,220.223,218.551,250.772,188.002,232.864,164.827,239.185,177.468,242.345,191.162,230.757,201.696,208.635,172.201,219.17,189.055,224.437,202.75,212.849,210.124,189.674,184.842,205.475,200.643,211.796,210.124,202.315,224.871,177.033,199.589,162.285,182.735,147.537,166.933
258.37845956658236,307.614,296.1,319.199,269.77,313.933,233.962,290.763,216.058,261.274,222.377,292.869,194.995,279.178,169.719,285.497,185.516,287.604,197.101,270.753,206.58,253.902,174.985,262.327,194.995,265.487,209.739,253.902,213.952,234.945,186.57,246.53,202.367,252.849,216.058,243.37,228.697,219.147,197.101,205.456,178.144,194.924,162.346
270.79236065480137,259.735,277.568,267.462,249.974,263.046,212.446,236.556,192.578,231.037,164.984,240.971,179.333,217.792,149.531,221.103,161.672,223.311,172.71,216.688,189.267,195.716,156.154,201.235,173.814,206.754,190.37,199.028,199.201,172.537,170.503,186.886,182.644,195.716,198.097,187.99,214.653,160.396,183.748,142.735,164.984,130.594,148.427
280.5723009796227,249.181,266.022,242.319,236.287,221.734,205.409,194.286,197.404,169.126,215.702,178.275,166.526,172.557,169.957,177.132,188.255,186.281,197.404,161.121,179.106,155.403,181.393,164.552,199.691,175.988,208.84,156.546,199.691,140.535,199.691,157.69,209.984,175.988,207.697,158.833,224.851,130.243,212.271,105.083,201.978,91.3589,190.542
266.74781263395585,277.84,304.141,275.665,273.697,258.269,239.991,227.825,226.944,204.991,245.428,226.737,217.158,207.166,198.674,214.777,210.635,223.475,224.769,207.166,230.206,188.682,210.635,201.73,226.944,209.341,238.904,196.293,239.991,172.373,229.118,188.682,239.991,203.904,244.34,189.769,255.213,161.5,243.253,137.58,234.555,118.008,225.857
270.6348272728401,275.089,299.42,272.882,271.842,255.232,242.058,223.242,233.233,196.766,250.883,224.345,216.686,201.179,197.932,208.901,207.861,216.623,221.098,207.798,234.336,182.426,214.479,191.251,224.407,205.591,240.954,196.766,245.367,168.085,232.129,180.22,236.542,198.973,249.779,189.045,260.811,155.951,244.264,136.094,233.233,117.341,218.892
263.64575837285906,291.578,354.248,293.727,324.157,282.98,284.396,256.114,274.724,230.323,288.694,255.04,257.529,236.771,233.887,241.069,243.559,248.592,255.38,237.845,273.649,214.203,245.708,223.875,257.529,232.472,268.276,222.8,284.396,195.934,259.679,206.681,266.127,221.726,283.321,213.129,300.515,183.038,276.873,165.844,259.679,150.799,246.783
269.6820232737066,261.693,291.268,269.388,262.688,261.693,222.016,235.311,206.626,226.517,176.947,236.41,193.435,214.426,168.153,217.723,176.947,219.922,186.84,216.624,207.726,192.441,175.847,199.036,189.038,207.83,201.13,199.036,216.52,173.753,191.237,183.647,200.031,192.441,213.222,185.845,230.81,157.265,204.428,141.875,189.038,128.684,174.748
258.7270704448995,296.826,302.14,306.317,273.666,302.099,232.537,277.843,215.664,277.843,189.299,276.788,199.845,262.024,176.644,267.297,188.244,269.406,197.736,256.751,215.664,237.768,181.917,246.205,198.79,252.533,210.391,238.823,224.1,218.786,196.681,229.332,205.118,236.714,221.991,228.277,238.865,202.967,209.336,189.257,190.353,176.602,173.48
276.3625670545851,253.434,276.055,255.687,250.146,243.296,215.225,211.755,205.087,182.466,217.478,215.134,188.19,191.478,167.913,198.237,178.052,202.743,187.063,193.731,200.581,172.328,179.178,179.087,193.822,190.352,209.593,180.213,214.099,153.178,196.075,161.063,198.328,182.466,216.352,171.201,230.996,137.407,207.34,119.383,194.949,101.36,179.178
291.34536273124377,252.882,324.863,262.383,292.8,254.07,252.423,223.194,233.422,189.942,245.298,233.882,225.109,207.756,195.421,208.943,198.983,211.318,212.046,205.381,235.797,182.817,204.921,187.567,215.609,195.88,233.422,188.755,250.048,161.441,219.172,168.567,220.359,185.192,245.298,180.442,264.299,148.378,240.548,127.002,223.922,110.377,207.296
268.46227481156455,276.632,320.947,281.009,293.59,274.443,256.384,244.898,239.97,216.446,250.913,252.557,222.462,226.295,196.199,229.578,207.142,235.049,218.085,227.389,234.499,202.221,203.859,209.881,220.273,218.635,234.499,209.881,244.347,183.618,218.085,198.938,233.404,202.221,243.253,200.032,259.667,170.487,233.404,154.073,215.896,139.847,199.482
289.32787485826526,255.921,322.372,262.997,289.351,252.383,250.433,220.541,231.564,193.416,242.178,219.362,219.771,208.748,202.081,207.568,218.592,211.106,231.564,199.313,237.461,187.52,211.516,189.878,231.564,199.313,240.999,187.52,251.613,166.292,228.026,180.444,240.999,192.237,249.254,181.623,266.944,152.14,243.357,132.092,228.026,114.402,212.695
279.238449164867,287.578,329.472,288.716,299.879,270.505,258.904,239.774,247.522,220.424,250.936,242.05,230.449,220.424,235.001,220.424,249.798,229.53,256.627,231.806,241.831,204.49,249.798,212.457,257.765,224.977,262.318,223.839,260.042,196.522,256.627,211.319,265.733,221.563,273.7,214.733,274.838,191.969,266.871,169.205,257.765,214.733,279.391
246.76024279855125,320.463,341.856,322.474,311.681,310.405,277.483,282.242,269.437,261.12,283.518,289.282,255.356,266.149,237.251,265.143,246.303,267.154,257.367,271.178,269.437,248.044,247.309,252.067,255.356,262.125,267.425,257.096,279.495,232.957,263.402,248.044,270.443,257.096,279.495,250.056,293.577,223.904,275.472,206.805,263.402,192.724,252.338
307.568346227306,278.194,229.311,288.224,186.687,284.463,140.301,246.853,118.988,216.764,132.779,240.584,117.734,228.047,90.1536,231.808,107.705,238.077,121.495,214.257,131.525,205.481,106.451,216.764,134.032,228.047,139.047,199.213,146.569,184.169,127.764,207.989,152.837,221.779,167.881,185.422,165.374,150.32,139.047,126.5,120.242,102.68,101.437
270.9822757986212,264.278,265.1,268.696,241.904,258.755,208.768,232.246,193.304,230.037,165.69,232.246,169.004,213.468,149.122,215.677,160.167,222.305,174.527,205.737,175.631,188.064,159.063,199.109,181.154,205.737,196.617,194.691,191.095,169.286,175.631,185.855,191.095,195.796,202.14,184.75,208.768,153.823,188.886,136.15,174.527,122.895,159.063
292.7366464930552,276.867,312.893,286.413,278.29,278.061,237.72,251.81,217.435,225.559,223.401,251.81,210.276,242.264,181.639,241.071,194.764,243.457,200.73,230.332,224.595,219.593,191.185,220.786,209.083,229.139,219.822,219.593,237.72,194.535,206.696,208.854,217.435,218.4,228.174,210.047,248.459,181.41,219.822,162.318,200.73,145.613,184.025
274.432769320648,278.467,279.994,281.823,249.791,265.044,207.284,238.197,190.505,219.181,192.742,238.197,174.844,219.181,179.318,218.062,193.86,227.011,199.453,228.13,183.793,201.283,191.623,210.232,200.572,220.299,206.165,219.181,200.572,193.452,197.216,206.876,207.284,218.062,215.114,210.232,216.233,184.504,207.284,166.606,198.335,152.064,182.674
274.33067821335624,270.864,336.698,264.155,309.862,238.437,279.671,210.482,274.08,188.118,293.089,192.591,245.007,188.118,255.07,191.472,272.961,201.536,280.789,175.818,256.189,169.109,267.37,181.409,285.262,193.709,288.616,170.227,272.961,159.045,283.025,176.936,296.444,192.591,290.853,170.227,295.325,146.745,291.971,122.144,287.498,106.49,276.316
267.0195738312081,278.395,316.571,283.837,285.008,275.13,248.002,247.92,231.676,246.831,205.555,244.655,216.439,228.329,195.759,234.859,204.466,239.213,213.173,226.152,232.765,203.296,203.378,214.18,215.35,220.71,231.676,210.914,243.649,184.793,218.615,202.207,230.588,209.826,240.383,201.119,257.798,169.555,233.853,153.229,217.527,139.08,203.378
266.4433998281811,265.67,269.341,272.187,242.19,260.24,205.264,234.175,188.974,229.831,160.736,240.691,173.769,220.056,147.704,221.142,156.392,223.314,167.253,216.798,184.629,196.163,156.392,202.68,171.597,211.368,181.371,200.507,196.576,174.442,171.597,188.561,181.371,197.249,197.662,188.561,211.781,161.41,186.802,145.119,169.425,129.914,153.134
298.8221809504777,249.884,299.679,252.32,268.01,236.486,222.943,204.817,207.109,176.803,219.289,207.253,201.019,196.291,180.312,191.419,197.365,195.073,210.763,193.855,219.289,173.149,190.056,175.585,209.545,185.329,219.289,180.457,233.905,153.66,209.545,168.276,221.725,184.111,238.777,174.367,248.522,143.916,229.033,115.901,216.853,97.631,204.673
288.14924013260907,274.189,326.388,282.41,289.978,273.014,246.521,246,226.554,215.463,234.775,247.175,218.332,237.779,193.667,235.43,208.936,237.779,220.681,227.208,239.474,214.288,203.063,215.463,223.03,223.684,233.601,216.637,255.917,191.972,221.856,207.241,241.823,217.812,250.044,210.765,270.011,181.402,241.823,199.02,258.266,209.59,267.662
292.6740968808138,240.228,353.378,243.807,322.361,231.878,280.607,198.474,266.291,167.457,284.186,199.667,257.94,181.773,229.309,182.966,236.467,186.545,246.011,178.194,274.642,155.528,243.625,162.686,254.362,173.422,271.063,165.071,287.765,137.633,262.712,145.984,263.905,166.264,284.186,160.3,304.466,125.704,282.993,103.037,267.484,85.1428,255.555
280.2720011149883,245.62,256.519,258.187,223.389,258.187,178.835,234.196,158.272,210.205,163.984,230.769,152.56,211.348,122.857,211.348,125.142,214.775,139.993,207.921,166.269,185.072,128.569,199.924,141.136,204.493,158.272,190.784,178.835,165.651,143.421,185.072,153.702,194.212,167.411,177.075,189.117,145.088,163.984,126.809,146.848,107.388,130.854
288.8014458499126,234.898,338.993,239.606,308.387,226.657,268.362,196.051,250.705,185.456,222.452,205.468,242.464,178.393,214.212,179.57,221.275,180.747,233.047,178.393,257.768,152.495,224.807,159.558,237.756,170.153,253.059,161.912,270.717,133.66,244.819,139.546,244.819,160.735,267.185,154.849,288.374,120.711,264.831,98.3448,251.882,80.6871,237.756
301.41448727624226,267.608,242.056,279.894,200.284,282.351,152.369,246.722,122.883,212.322,132.712,262.694,110.597,241.808,89.7112,236.893,115.512,246.722,132.712,227.065,121.655,214.779,100.769,216.007,132.712,233.208,152.369,202.493,131.483,188.978,115.512,204.95,147.455,222.15,168.341,186.521,147.455,158.264,116.74,141.063,93.397,122.634,68.8252
253.18204211396989,317.623,324.321,319.687,294.393,309.367,260.337,284.599,251.049,260.864,265.497,285.631,243.825,267.056,219.057,269.12,225.249,271.184,233.505,270.152,259.305,247.448,229.377,253.64,238.665,262.928,253.113,258.8,268.593,235.064,245.889,245.384,253.113,257.768,261.369,252.608,280.977,227.84,260.337,211.328,248.985,195.848,236.601
237.68507735446917,339.578,357.094,343.453,325.123,327.952,285.401,306.638,277.651,287.261,293.152,312.451,269.9,290.168,246.648,290.168,256.336,293.074,267.962,295.981,284.432,272.729,258.274,277.573,266.993,287.261,277.651,281.448,293.152,258.197,274.744,265.947,278.619,278.542,292.183,272.729,305.746,248.508,285.401,232.038,273.775,219.444,262.149
296.79207612906384,257.757,268.237,267.435,227.105,267.435,178.716,227.513,152.101,193.64,164.199,249.289,135.165,221.464,117.018,219.045,144.843,228.723,161.779,211.786,147.262,193.64,129.116,198.479,162.989,219.045,182.345,186.382,158.15,169.445,144.843,186.382,176.296,205.738,195.652,168.235,173.877,141.621,143.633,123.475,120.648,105.328,96.4526
264.7580036939394,282.589,276.223,293.381,254.639,291.222,220.106,268.56,202.839,239.422,210.393,265.322,179.097,255.609,157.514,259.926,174.78,261.005,186.651,244.818,188.81,230.788,160.751,238.343,183.414,240.501,199.602,225.393,195.285,209.205,174.78,222.155,193.126,229.709,202.839,216.759,213.631,195.176,185.572,178.988,167.226,169.275,149.959
293.10328538759165,271.842,371.221,273.037,336.574,253.921,297.148,222.859,281.617,195.38,297.148,222.859,270.865,188.212,268.475,197.77,284.007,207.328,292.37,210.912,288.785,175.07,287.591,188.212,295.954,203.743,298.343,201.354,311.485,169.097,298.343,187.017,307.901,203.743,315.069,196.575,325.822,171.486,313.874,184.628,317.459,196.575,324.627
274.8672407781619,276.242,288.924,278.483,256.433,260.557,218.34,231.427,202.655,211.26,204.896,234.788,185.849,213.501,186.97,213.501,202.655,220.223,210.498,224.705,197.053,196.695,201.535,206.779,210.498,216.862,216.1,214.621,216.1,188.853,208.257,200.056,219.461,211.26,228.424,205.658,230.665,179.89,220.581,159.723,210.498,145.158,197.053
251.57722782875234,344.771,389.65,345.796,362.988,329.389,328.123,304.778,320.945,282.218,336.327,305.804,314.792,286.32,291.207,288.371,297.36,291.447,305.563,291.447,330.174,268.888,302.487,274.015,310.69,283.244,324.021,280.167,340.428,255.557,319.919,264.786,324.021,281.193,332.225,276.066,351.708,247.353,333.25,229.92,322.996,214.539,313.767
292.3106949805292,261.763,335.223,266.529,303.053,253.423,264.925,224.827,245.861,196.232,255.393,224.827,236.329,212.913,216.074,211.721,229.18,215.296,244.67,205.764,254.202,189.083,226.798,193.849,244.67,203.381,254.202,192.657,267.308,167.636,244.67,184.317,255.393,202.189,255.393,186.7,281.606,156.913,258.968,136.658,244.67,118.785,227.989
272.3559017333753,255.552,303.528,261.102,274.664,251.111,238.03,222.247,222.488,192.273,239.14,217.807,204.725,198.934,185.853,205.595,194.734,212.256,202.505,198.934,221.378,175.621,195.844,187.833,208.056,197.824,216.937,184.502,232.479,157.859,212.496,173.401,221.378,187.833,234.699,176.731,249.131,145.647,229.149,126.775,212.496,111.233,196.954
263.81447597127794,276.808,274.816,286.486,252.234,285.411,216.748,259.603,199.542,234.87,207.07,257.452,174.81,245.624,154.379,249.925,171.584,251,183.413,235.946,185.563,220.891,157.605,228.418,180.187,232.72,193.091,217.665,193.091,199.385,170.509,212.288,187.714,217.665,199.542,207.987,209.22,183.255,181.262,170.351,164.057,158.522,147.927
298.30146958571964,259.607,302.936,269.334,268.891,259.607,227.55,231.641,208.095,204.891,216.607,232.857,198.368,224.346,177.698,220.698,193.505,221.914,206.88,212.186,212.959,200.027,186.209,201.243,204.448,209.755,216.607,200.027,227.55,178.141,199.584,190.3,214.175,201.243,225.118,191.516,242.141,162.335,215.391,142.88,197.152,127.073,180.13
267.2220723368487,261.897,305.299,268.433,275.89,259.719,239.946,231.399,229.054,200.901,241.035,225.953,208.358,208.526,187.663,215.061,197.466,220.507,206.18,207.436,221.429,185.652,197.466,197.633,212.715,207.436,223.607,191.098,232.321,166.046,213.805,182.384,224.697,192.187,238.857,182.384,249.749,154.065,230.143,136.637,213.805,121.388,199.645
296.4827300619717,265.43,349.335,272.681,320.332,258.18,279.243,226.759,262.324,198.964,271.992,226.759,249.031,214.674,232.112,211.048,251.448,217.091,263.533,207.423,265.95,190.504,245.405,196.547,263.533,206.214,271.992,195.338,282.868,171.168,261.116,186.879,273.2,201.381,288.911,189.296,296.162,161.5,275.617,139.748,261.116,121.62,245.405
299.2532786319976,260.304,319.019,266.403,282.425,256.645,237.293,228.59,218.997,195.656,228.755,234.689,212.898,222.491,186.063,217.612,203.139,224.931,212.898,210.293,228.755,196.876,195.821,199.315,214.118,207.854,225.096,196.876,240.953,176.14,214.118,188.337,228.755,201.755,239.733,189.557,253.151,157.843,229.975,135.887,215.337,117.59,200.7
292.3800068985566,228.031,321.52,233.99,290.534,223.264,251.206,192.278,233.33,161.292,251.206,194.661,224.987,174.401,197.577,175.593,204.727,180.36,214.261,172.018,241.672,148.182,209.494,155.333,221.412,166.059,239.288,156.525,253.59,130.306,228.563,136.265,226.179,156.525,251.206,152.949,271.466,117.196,248.823,95.7447,233.33,77.8682,221.412
274.2972841662855,233.518,249.104,249.171,216.68,245.816,173.076,222.337,152.951,196.622,160.777,216.747,147.36,198.858,118.291,199.976,122.763,205.566,137.298,195.504,161.895,175.379,124.999,186.559,136.18,195.504,152.951,178.733,171.958,154.136,141.77,176.497,151.833,179.851,161.895,168.67,186.492,134.01,160.777,115.003,144.006,97.1145,127.235
268.24712937327024,263.379,354.508,255.725,328.267,232.764,295.465,202.149,289.998,182.467,310.773,189.028,270.317,177,264.85,186.841,279.064,197.775,286.718,169.347,281.251,160.6,282.344,175.907,300.932,185.748,308.586,161.693,299.839,149.666,303.119,167.16,314.053,180.281,317.333,159.506,318.426,134.358,316.24,114.677,311.866,94.9957,305.306
291.7107630547766,227.326,293.723,234.46,255.674,232.082,212.868,195.222,184.331,165.496,199.789,222.57,171.252,191.655,148.66,186.899,177.197,196.411,192.655,188.088,177.197,163.118,160.551,166.685,193.844,180.954,211.679,166.685,187.899,139.337,174.819,154.795,208.112,173.819,228.326,136.959,191.466,113.178,170.063,96.5316,147.471,79.8851,123.69
245.9271193666937,332.598,351.911,336.608,320.836,322.574,285.752,297.513,278.735,275.46,290.764,305.533,263.698,282.477,243.65,282.477,252.672,284.482,263.698,285.484,277.732,264.434,254.676,269.446,262.696,279.47,275.727,273.455,287.756,250.4,270.715,257.417,271.718,273.455,287.756,265.436,300.788,240.375,281.742,224.337,270.715,210.303,256.681
250.0377022490808,325.815,330.528,328.873,301.991,318.681,267.339,293.202,257.147,268.742,269.377,297.279,252.051,276.895,224.534,277.914,229.629,280.972,237.783,278.933,263.262,256.511,236.764,261.607,241.86,269.761,258.166,268.742,276.512,244.281,252.051,252.435,255.109,263.646,266.32,260.588,285.684,236.128,264.281,219.821,253.071,204.533,238.802
274.5668655919719,269.093,274.731,273.569,243.394,256.782,203.104,228.803,186.317,210.897,188.555,229.922,172.887,210.897,170.649,210.897,186.317,219.85,194.151,219.85,184.079,192.99,186.317,201.943,194.151,212.016,200.866,208.658,201.985,185.156,193.032,196.348,201.985,205.301,212.058,200.824,216.534,175.084,204.224,156.058,194.151,140.39,179.602
292.90235241458885,282.231,317.313,292.976,282.69,287.006,242.097,259.547,220.607,232.087,225.383,261.935,211.056,251.19,184.79,249.996,201.505,254.771,206.281,240.444,222.995,228.505,193.148,230.893,211.056,238.057,224.189,223.73,232.546,203.434,206.281,218.954,220.607,223.73,230.159,214.179,245.679,186.719,220.607,170.004,202.699,154.484,184.79
263.85532786927,298.333,287.457,309.088,264.871,308.012,229.38,287.578,212.172,288.653,184.209,285.427,189.587,274.672,165.926,278.974,183.134,277.898,196.04,266.068,204.643,249.935,169.152,256.388,189.587,258.539,205.719,247.784,212.172,228.425,178.832,239.18,194.964,246.709,211.096,233.803,221.851,212.293,189.587,198.311,170.228,187.556,154.095
269.51195697779343,256.758,260.848,260.054,236.68,249.068,203.723,222.703,188.344,216.111,160.88,220.506,164.175,202.929,144.401,206.224,156.485,211.717,169.668,196.337,170.767,178.761,155.387,188.648,177.358,196.337,193.836,184.253,186.146,158.987,170.767,176.564,187.245,186.451,198.231,175.465,204.822,143.607,185.048,124.931,169.668,110.65,155.387
295.04947782533014,244.404,366.598,248.012,334.126,234.783,295.642,202.311,281.21,171.042,298.047,203.514,269.183,184.271,246.333,185.474,251.144,187.879,264.373,181.866,287.223,159.016,258.36,166.232,269.183,178.258,284.818,169.84,302.858,140.976,277.602,148.192,277.602,168.637,298.047,165.029,319.695,128.95,298.047,106.099,286.021,88.0598,272.791
292.5500001384379,265.588,319.915,273.935,287.718,265.588,242.405,238.162,222.133,207.158,231.673,240.547,217.363,232.199,191.129,227.43,206.631,232.199,217.363,217.89,234.058,205.965,199.476,208.35,218.556,216.697,230.48,207.158,249.56,185.693,214.978,197.618,232.865,209.543,245.982,200.003,260.292,168.999,234.058,147.535,218.556,129.648,203.054
291.31822869329676,258.513,307.564,260.888,271.941,246.638,229.193,214.578,211.381,184.892,222.068,218.14,207.819,207.453,184.07,202.703,198.319,203.891,214.944,203.891,223.256,183.704,193.57,184.892,211.381,194.391,220.881,192.016,239.88,163.518,212.569,180.142,223.256,190.829,238.692,183.704,251.754,155.206,232.755,171.83,236.317,183.704,248.192
264.63147149384935,273.528,275.425,281.078,248.458,270.292,207.469,247.64,190.21,239.01,163.244,249.797,180.502,230.381,154.615,232.538,162.165,233.617,172.952,224.988,190.21,206.651,162.165,213.123,176.188,222.83,184.817,207.729,198.84,185.077,174.03,198.021,186.974,206.651,198.84,198.021,215.02,171.055,189.132,154.875,171.873,140.852,155.693
269.269620152367,269.642,311.484,276.228,281.849,267.447,243.434,240.008,232.459,209.276,243.434,240.008,214.898,216.959,190.751,224.642,199.532,231.227,208.312,215.862,225.873,196.105,199.532,205.983,214.898,214.764,224.776,202.691,239.044,177.447,215.995,190.617,225.873,203.788,242.337,192.813,253.313,162.081,232.459,144.52,215.995,129.154,199.532
296.9756988054747,250.594,306.46,256.647,273.776,245.752,233.83,216.7,214.462,188.859,224.146,216.7,199.936,205.806,185.41,202.174,203.567,207.016,218.093,197.332,216.883,184.017,195.094,186.438,214.462,196.122,224.146,184.017,233.83,161.017,212.041,176.754,224.146,194.911,224.146,177.964,249.566,148.912,225.356,128.334,210.83,111.387,193.883
247.11460666055336,335.509,398.482,329.466,366.25,306.299,327.974,286.153,318.909,269.03,344.09,273.059,301.785,262.986,301.785,267.015,310.85,277.088,318.909,262.986,318.909,248.885,311.858,261.979,324.952,272.052,335.025,256.943,335.025,239.819,332.003,253.921,339.054,267.015,344.09,258.957,351.141,233.776,343.083,247.877,348.119,263.994,355.17
307.5361356491299,275.653,220.775,286.935,180.662,281.921,134.28,246.822,112.97,216.736,128.013,239.3,111.717,229.272,84.1386,229.272,101.688,235.54,117.984,214.229,124.252,205.455,101.688,215.483,128.013,226.765,139.295,197.933,139.295,184.144,121.745,205.455,145.562,219.244,158.098,184.144,156.844,149.045,134.28,126.481,116.731,102.664,97.9276
250.2240202098911,327.161,345.008,329.201,315.43,314.922,278.712,291.464,269.533,271.065,286.872,295.543,261.373,274.125,238.935,275.145,246.074,278.205,257.293,277.185,272.592,255.766,250.154,261.886,259.333,271.065,269.533,263.925,282.792,242.507,266.473,253.726,271.573,264.945,284.832,256.786,296.051,232.307,278.712,214.969,266.473,203.749,255.254
271.9226259508392,286.244,318.057,287.353,285.914,268.51,247.121,237.476,230.495,216.416,238.254,239.692,220.52,217.525,219.411,219.741,231.604,227.5,239.362,228.608,231.604,200.899,232.712,209.766,241.579,221.958,248.229,218.633,248.229,193.14,240.471,207.549,250.446,217.525,260.422,211.983,264.855,187.598,253.771,164.322,240.471,151.022,230.495
282.20607335243517,256.698,322.069,265.9,291.011,262.449,247.3,237.143,228.895,210.686,236.947,231.391,226.594,210.686,196.687,210.686,198.987,217.588,212.791,209.536,238.097,184.229,203.589,200.333,216.242,207.235,230.045,194.582,253.051,166.975,221.993,185.38,228.895,195.732,241.548,183.079,265.705,147.42,243.849,126.715,228.895,108.31,215.092
284.1645242337614,232.308,287.797,243.89,249.574,243.89,203.242,207.984,180.077,176.71,196.293,205.667,167.336,194.084,146.487,196.401,170.811,204.509,187.027,180.185,184.71,169.76,161.544,176.71,192.818,198.717,211.35,159.336,195.135,146.595,176.602,165.127,206.717,184.818,225.25,144.278,210.192,114.163,178.919,97.9472,155.753,79.4147,132.587
266.0456307102223,247.003,310.066,244.834,282.955,220.977,250.423,190.613,242.832,167.84,263.436,184.107,228.734,167.84,214.637,176.516,228.734,185.191,238.494,167.84,241.747,151.574,231.987,163.503,249.338,173.262,258.014,159.165,256.929,138.561,254.76,152.658,263.436,167.84,262.351,153.743,274.28,125.548,267.773,102.775,261.267,83.2552,255.845
264.2424763980992,287.515,284.664,297.208,257.737,287.515,215.731,263.819,201.729,257.357,172.648,269.205,188.804,249.817,161.878,251.971,170.494,251.971,181.265,243.355,198.498,225.045,168.34,232.584,183.419,241.201,193.113,226.122,207.115,204.58,181.265,216.428,192.036,223.967,207.115,216.428,223.271,189.501,195.267,173.345,176.957,160.42,159.723
299.419527926954,271.518,313.239,276.4,281.507,265.416,237.571,233.684,216.823,205.613,227.807,236.125,209.5,209.275,197.296,214.156,210.721,217.818,222.925,217.818,226.587,188.527,211.941,198.29,222.925,208.054,231.468,206.834,243.673,178.763,222.925,197.07,233.909,208.054,250.996,201.952,260.76,171.44,241.232,188.527,249.775,203.172,259.539
301.34806552224626,248.302,265.142,258.128,224.607,255.671,176.703,215.137,150.908,180.744,163.191,238.475,137.397,210.224,116.515,205.31,144.766,216.365,159.506,201.625,148.451,181.972,131.255,185.657,166.876,207.767,184.073,175.831,159.506,158.634,145.995,178.287,179.159,195.484,197.584,161.091,177.931,131.611,149.68,111.958,126.342,92.3048,104.232
269.88987672196964,269.551,269.036,277.252,245.934,268.451,214.031,242.049,197.529,236.548,170.027,237.648,172.227,222.247,153.526,225.547,164.527,231.048,178.828,216.747,179.928,198.045,163.427,209.046,186.529,215.647,199.73,200.245,190.929,179.343,179.928,195.845,195.329,204.646,206.33,191.445,210.731,162.842,190.929,145.241,175.528,130.939,162.326
272.45917454914235,285.826,285.31,290.269,255.325,275.831,212.013,246.957,196.465,224.745,198.686,249.178,178.696,222.524,184.249,223.635,200.907,233.63,205.349,239.183,187.58,206.976,197.575,216.971,207.571,231.409,208.681,231.409,204.239,202.534,203.128,214.75,213.123,225.856,219.787,220.303,218.676,196.981,213.123,204.755,216.455,222.524,223.118
277.2223888523436,266.571,324.711,259.792,295.332,237.192,264.822,206.682,260.302,185.213,279.512,191.992,229.792,184.083,233.182,190.863,254.652,199.902,261.432,176.173,245.612,168.263,247.872,180.693,264.822,191.992,271.602,170.523,264.822,156.963,265.952,171.653,274.992,190.863,273.862,175.043,289.682,143.403,278.382,120.803,271.602,103.854,260.302
297.8061695348167,254.128,315.166,256.556,281.177,243.203,238.691,210.428,222.911,183.723,233.836,212.856,215.628,200.717,194.992,195.862,210.772,197.076,225.339,195.862,233.836,176.44,205.917,177.654,224.125,186.151,233.836,184.937,252.044,157.018,225.339,174.012,236.264,184.937,252.044,178.867,264.183,147.306,245.975,119.387,232.622,102.393,222.911
288.932840781383,230.094,292.021,238.338,254.334,234.805,208.403,195.94,181.316,165.319,198.982,220.672,163.65,191.229,145.984,188.874,173.072,197.118,188.382,187.696,174.249,162.964,160.117,167.675,191.915,181.807,209.581,172.386,187.204,139.41,175.427,157.075,207.226,175.919,226.069,142.943,197.804,114.678,171.894,141.765,210.759,160.609,224.891
276.48506312276623,249.522,294.82,259.665,259.883,256.284,218.185,231.49,197.9,205.57,205.789,228.11,195.646,207.824,167.471,205.57,165.217,213.459,178.741,204.443,206.915,181.903,171.979,195.427,184.376,202.189,199.027,188.665,221.566,162.745,188.884,181.903,196.773,188.665,211.423,177.396,232.836,142.459,210.296,123.301,195.646,104.142,179.868
277.93252666789465,294.416,344.61,293.283,315.156,271.758,274.372,241.17,263.043,223.044,266.442,243.436,244.917,221.911,251.714,223.044,266.442,233.24,272.106,234.373,251.714,206.051,265.309,216.247,275.505,230.974,277.771,228.709,260.777,199.254,273.239,215.114,282.302,225.31,286.834,217.38,280.036,196.988,282.302,206.051,290.232,220.779,294.764
249.19687152329985,346.673,346.09,350.736,319.68,341.594,284.129,317.216,271.94,293.854,283.113,320.263,265.845,300.964,238.42,304.011,245.53,302.996,252.641,301.98,279.05,282.681,247.562,287.759,256.704,294.87,270.924,289.791,287.176,267.444,262.798,274.555,263.814,289.791,279.05,282.681,296.318,258.303,277.019,243.066,262.798,229.862,248.578
250.90701355283,312.126,334.479,315.194,304.821,299.853,269.025,275.308,259.821,253.831,278.23,279.399,251.639,258.944,229.139,258.944,237.321,260.99,249.594,260.99,262.889,238.49,243.458,244.626,250.617,254.853,261.866,250.762,276.185,227.24,259.821,236.444,262.889,251.785,276.185,243.603,287.434,217.013,270.048,198.604,259.821,186.331,248.571
245.86927170754788,323.555,369.713,323.555,340.649,303.511,304.57,280.461,300.562,261.419,318.601,285.471,287.533,261.419,271.498,261.419,279.516,265.428,290.54,269.436,302.566,243.38,281.52,249.393,291.542,260.417,303.568,255.406,312.588,231.353,299.56,243.38,305.573,255.406,313.59,251.397,327.621,222.334,312.588,205.297,303.568,190.264,293.546
253.1066887085365,323.773,336.965,325.837,309.11,315.52,275.064,289.728,265.779,267.031,278.159,291.791,258.557,271.157,233.797,273.221,241.018,274.252,249.272,275.284,273.001,251.555,245.145,257.745,252.367,268.062,266.811,263.936,283.318,240.207,260.62,250.524,266.811,260.841,276.096,257.745,293.634,231.953,275.064,214.415,262.684,199.971,250.304
292.59448292303813,254.596,347.282,255.788,311.503,242.669,272.146,211.66,254.256,179.459,267.375,208.082,230.403,197.349,226.825,197.349,245.908,202.119,257.834,189,260.219,178.266,236.367,180.652,259.027,191.385,266.183,180.652,276.916,159.184,256.641,178.266,274.531,191.385,281.687,177.074,292.421,143.68,273.338,119.827,261.412,103.13,245.908
277.72909784356415,276.082,271.902,291.931,240.205,294.195,198.319,273.818,172.282,248.913,175.678,268.158,170.018,252.309,136.057,251.177,137.189,255.705,153.037,243.253,180.206,226.272,140.585,239.857,154.169,244.385,171.15,227.404,190.395,204.763,154.169,222.876,164.358,231.933,180.206,213.82,203.979,185.519,174.546,166.274,155.301,148.161,137.189
292.7232679665216,276.932,319.915,285.285,287.699,273.353,241.166,244.717,220.882,229.206,193.439,247.103,220.882,236.365,193.439,231.592,200.598,230.399,220.882,229.206,235.2,210.115,201.791,211.308,218.496,220.854,230.427,217.274,249.518,189.831,220.882,205.342,231.62,211.308,238.779,208.922,261.45,180.286,239.973,151.65,224.461,134.946,212.53
290.7593846911911,248.288,310.527,250.658,273.787,239.991,231.121,211.548,212.158,180.733,224.01,213.918,207.418,203.251,180.159,202.066,192.011,205.622,205.047,193.77,224.01,177.178,190.825,183.104,212.158,191.4,222.825,183.104,241.787,157.03,210.973,173.622,226.38,185.474,239.417,175.993,252.454,146.364,229.936,117.92,212.158,179.548,252.454
247.1156577313546,342.706,377.623,342.706,350.427,327.597,315.173,302.415,306.108,280.255,321.216,308.459,302.078,283.277,277.904,284.284,280.926,286.299,287.977,293.35,314.166,264.139,288.984,270.183,296.035,280.255,309.129,279.248,327.26,253.059,305.1,255.074,304.093,246.008,305.1,271.19,337.333,245.001,320.209,226.87,308.122,212.769,296.035
266.81333810175227,247.003,299.163,254.616,269.799,243.74,232.822,213.289,219.771,185.012,233.91,212.201,205.633,189.362,180.619,195.888,189.32,202.413,198.02,193.713,219.771,168.699,192.582,177.399,204.546,187.187,215.421,177.399,230.647,150.21,207.808,167.611,220.859,177.399,231.734,168.699,246.96,136.072,225.209,117.584,208.896,102.358,196.933
289.10227627087266,248.307,335.127,254.199,299.775,238.88,256.174,209.42,239.676,177.603,252.639,210.598,232.606,199.993,207.859,197.636,224.357,203.528,237.319,190.565,252.639,174.068,220.822,179.96,242.033,190.565,251.46,179.96,267.958,155.213,240.855,172.889,254.995,188.209,269.136,174.068,279.742,143.429,258.531,116.326,243.211,98.65,232.606
294.08977184696516,242.442,289.827,252.032,259.858,242.442,220.3,212.474,201.12,184.903,209.512,212.474,185.537,201.685,168.755,200.486,183.139,202.884,201.12,193.294,201.12,180.108,178.344,182.505,199.922,192.095,210.71,181.307,216.704,158.531,193.928,172.915,209.512,183.704,219.101,172.915,231.089,145.345,210.71,124.966,192.729,108.184,179.543
272.86403031729924,308.75,299.961,313.199,266.594,302.077,225.442,274.271,206.534,255.364,209.871,278.72,194.3,257.588,190.963,257.588,203.198,264.261,213.208,266.486,203.198,239.793,203.198,247.578,212.095,257.588,219.881,255.364,220.993,230.895,208.759,242.017,219.881,249.803,229.891,245.354,235.452,220.885,220.993,204.202,209.871,188.631,195.412
297.0377028611015,269.062,358.461,271.483,324.56,253.322,284.605,219.421,266.444,193.995,283.394,220.631,261.601,208.524,242.229,204.892,261.601,209.735,274.919,207.313,278.551,186.73,255.547,189.152,273.708,200.049,282.183,196.416,295.502,168.569,276.13,186.73,285.816,198.838,301.556,191.573,311.242,158.883,294.291,131.036,284.605,111.664,274.919
279.72033350652225,245.546,281.044,255.808,247.979,254.667,205.793,228.444,185.27,202.22,194.391,227.303,180.709,206.78,151.065,203.36,151.065,210.201,168.168,203.36,192.111,180.557,157.906,190.818,169.308,201.08,185.27,187.398,206.933,160.034,173.868,181.697,186.41,189.678,196.672,174.856,220.615,141.791,196.672,120.128,179.569,100.745,162.467
270.8250021932983,294.627,281.252,302.355,259.174,294.627,224.953,269.237,208.394,267.03,179.692,264.822,181.9,251.575,163.134,254.887,177.485,259.302,189.628,243.848,189.628,226.185,171.965,236.12,195.147,242.744,208.394,226.185,198.459,207.419,187.42,222.873,203.978,229.497,215.017,217.354,217.225,190.86,198.459,173.198,180.796,161.055,165.342
269.459544291903,259.836,264.205,268.623,241.139,265.328,205.992,241.164,189.517,215.902,197.206,240.066,168.649,224.689,143.387,229.083,159.862,231.279,169.747,221.394,182.927,200.526,151.075,208.214,169.747,213.706,182.927,200.526,188.419,179.657,162.059,193.936,178.534,198.329,191.714,190.641,203.796,164.28,175.239,151.1,158.764,137.92,142.289
244.83083930338512,340.377,341.399,342.373,312.458,334.389,277.53,310.439,267.55,285.49,278.528,314.43,262.561,293.473,235.616,293.473,238.61,295.469,246.594,295.469,272.54,272.517,245.596,277.506,249.587,286.488,264.557,284.492,285.514,260.541,261.563,258.545,255.575,254.553,259.567,276.508,294.495,251.56,274.536,236.59,261.563,221.621,246.594
295.02208277517127,239.145,280.148,248.766,244.072,247.563,198.376,211.487,170.717,181.424,185.148,236.74,156.287,204.272,133.439,201.867,162.3,210.285,176.73,203.069,161.097,176.614,147.869,182.626,181.54,197.057,197.173,180.221,170.717,156.171,163.502,171.804,194.768,188.639,211.604,151.361,179.135,127.31,156.287,156.171,197.173,176.614,212.806
278.72557842078294,255.991,282.115,248.038,252.576,227.588,219.628,198.049,213.948,174.191,229.853,183.28,182.137,175.327,188.953,178.735,208.267,187.824,216.22,166.238,196.906,158.285,201.451,168.51,217.356,181.008,225.309,159.421,215.084,145.788,217.356,159.421,226.445,177.599,226.445,162.83,240.078,132.155,227.581,110.569,218.492,93.5269,208.267
273.87688104876617,254.774,325.785,248.076,297.876,225.749,266.618,194.492,258.804,174.397,278.898,190.026,247.641,169.932,230.895,177.746,242.059,187.793,253.222,175.514,261.037,155.419,248.757,159.885,265.502,176.63,273.316,166.583,275.549,140.907,271.084,156.536,278.898,175.514,276.666,162.117,292.294,130.86,284.48,107.417,277.782,87.3223,273.316
279.02298479695185,259.195,294.797,251.234,266.363,229.625,236.793,201.192,228.832,177.308,248.166,186.406,200.399,178.445,202.673,185.269,220.87,194.368,229.969,168.209,211.772,162.523,214.047,173.896,232.244,185.269,240.205,163.66,232.244,150.012,235.656,163.66,243.617,184.132,240.205,165.935,256.128,134.09,245.892,113.618,237.93,96.5579,226.557
291.18790228476183,235.165,280.14,243.474,242.159,242.287,197.057,205.493,169.758,174.633,182.814,233.978,157.889,201.932,134.151,197.184,162.637,206.68,179.253,210.24,165.01,173.446,147.207,175.82,180.44,193.624,200.618,187.689,178.066,149.708,162.637,166.325,192.309,186.502,214.86,159.203,199.431,143.774,178.066,152.082,198.244,172.259,212.487
300.1433475141503,243.089,262.832,251.653,221.236,249.206,173.523,208.833,146.607,177.025,158.842,225.961,129.48,201.493,113.575,199.046,140.49,208.833,153.948,192.929,144.161,175.801,127.033,179.472,162.512,202.716,179.64,170.908,155.171,152.556,142.937,169.684,175.969,190.482,195.544,152.556,173.523,124.418,146.607,106.067,124.586,86.4921,101.341
248.99682319258613,334.658,338.781,336.688,309.348,326.539,273.825,302.181,262.661,278.837,276.87,304.21,258.601,285.942,230.183,286.957,235.258,290.001,243.377,287.971,269.766,264.628,240.333,270.718,246.422,279.852,261.646,277.822,282.96,252.449,256.571,262.598,263.676,274.777,270.78,270.718,292.094,245.344,270.78,230.121,258.601,213.882,245.407
276.4043111476375,261.23,262.9,274.75,230.227,272.497,189.668,252.217,164.881,225.177,171.641,249.964,161.501,231.937,128.829,231.937,134.462,234.19,150.235,225.177,172.768,207.151,135.588,216.164,145.728,225.177,163.755,207.151,182.908,184.618,149.108,206.024,162.628,209.404,172.768,197.011,197.554,164.338,170.515,145.185,152.488,127.159,135.588
273.8619292143397,259.184,338.614,252.487,312.939,229.045,280.567,198.905,274.986,178.812,295.079,187.742,258.241,174.347,248.195,183.277,261.59,194.44,271.637,170.998,270.52,158.719,264.939,169.881,282.8,181.044,290.614,162.067,286.148,145.323,287.265,162.067,297.311,179.928,290.614,163.184,306.242,135.277,299.544,111.835,296.195,91.7415,289.497
289.0458630459878,245.391,316.517,247.748,283.528,235.966,239.935,207.69,221.084,177.057,236.401,207.69,216.372,195.908,191.63,192.373,209.303,199.442,219.906,187.661,236.401,171.166,202.234,177.057,224.619,186.483,234.044,175.879,249.361,152.315,222.263,169.988,238.757,180.592,252.895,171.166,264.677,140.534,242.292,113.436,226.975,95.763,214.015
261.10800258130735,303.459,294.146,313.037,266.475,305.587,224.967,281.108,207.938,276.851,181.331,287.494,198.359,269.401,168.559,270.465,178.138,271.53,189.845,263.015,207.938,243.858,173.881,250.244,189.845,256.629,202.617,244.922,215.388,220.443,188.781,235.343,200.488,242.794,214.324,234.279,230.288,208.736,201.552,192.771,182.395,178.935,165.366
269.9124487532949,240.886,294.088,244.186,264.383,233.185,226.976,203.48,215.975,173.775,232.477,199.079,198.372,181.476,178.568,188.077,187.37,194.678,196.171,180.376,212.674,157.272,189.57,170.474,200.572,180.376,209.373,166.073,224.776,139.669,207.173,156.172,215.975,168.274,225.876,157.272,242.379,127.567,223.676,108.864,207.173,93.461,192.871
292.78092139003866,269.591,363.241,276.751,333.406,261.237,295.217,231.402,276.123,202.76,286.863,231.402,266.575,218.275,246.288,218.275,258.222,221.855,274.929,212.308,284.476,194.406,258.222,200.373,277.316,209.921,285.67,199.18,297.604,175.312,276.123,192.02,286.863,203.954,303.571,193.213,313.118,163.378,291.637,141.897,277.316,125.189,262.995
294.2563086358558,238.145,303.438,241.743,267.456,230.949,224.277,202.163,206.286,172.177,217.08,200.963,187.095,190.169,178.699,184.172,196.69,191.368,208.685,180.573,214.682,164.981,188.294,167.38,211.083,180.573,219.479,170.978,233.872,146.99,208.685,163.782,226.676,178.175,238.67,164.981,245.866,136.195,226.676,155.386,242.268,173.377,251.863
290.3297574586525,284.26,324.116,292.544,292.164,281.893,246.011,252.308,224.709,225.089,235.36,254.675,219.976,242.841,197.491,235.74,209.325,236.923,228.26,235.74,236.543,216.806,206.958,219.172,222.342,227.456,235.36,221.539,250.744,196.688,223.526,213.255,236.543,225.089,240.094,215.622,264.945,186.037,242.46,160.002,227.076,141.067,215.242
249.81164529501027,313.835,343.967,313.835,312.402,292.452,276.763,271.068,270.653,250.703,287.964,277.178,261.489,252.74,240.106,253.758,248.252,256.813,259.452,260.886,275.744,235.429,253.343,241.539,261.489,250.703,271.671,248.667,287.964,224.229,270.653,234.411,276.763,244.594,286.945,241.539,299.164,216.082,281.854,195.717,271.671,185.535,263.525
276.4249999728679,240.444,265.062,252.838,231.26,251.712,189.571,226.923,168.163,199.882,176.05,223.543,165.909,201.009,132.107,203.262,138.868,208.896,151.262,198.755,176.05,177.347,139.994,189.741,151.262,197.628,168.163,181.854,189.571,157.066,158.022,177.347,165.909,184.108,176.05,171.714,201.965,136.785,177.176,117.63,161.402,99.6026,146.755
265.431157285651,267.507,269.965,277.245,247.244,273.999,211.541,250.197,193.148,252.361,163.937,249.115,174.756,233.968,148.79,239.378,163.937,241.541,174.756,231.804,190.985,212.33,155.281,219.903,173.674,223.149,187.739,213.411,198.558,188.527,166.1,202.592,183.411,209.084,196.394,199.347,208.295,177.708,181.247,187.445,193.148,195.019,201.804
269.1214241341629,287.563,278.442,294.145,254.309,286.466,221.4,262.333,204.945,254.654,179.715,255.751,178.618,242.587,158.873,245.878,174.23,250.266,187.394,230.521,179.715,218.454,168.745,228.327,191.782,234.909,208.236,211.872,189.588,198.709,184.103,214.066,201.654,220.648,212.624,209.678,215.915,182.254,196.169,165.8,178.618,151.539,165.454
294.6211901476199,264.855,343.018,266.056,311.794,248.042,268.562,216.819,254.151,189.198,266.16,218.02,245.744,189.198,234.936,197.604,245.744,204.81,260.155,206.011,264.959,171.184,252.95,184.394,261.356,196.403,266.16,195.202,284.173,165.18,263.758,179.591,274.566,196.403,284.173,191.6,299.785,163.979,282.972,177.189,287.776,191.6,293.781
271.49927316661456,302.635,296.356,308.169,263.156,293.782,221.104,266.116,203.397,246.196,205.61,269.436,190.117,248.409,187.904,248.409,200.077,256.156,208.93,258.369,203.397,230.703,198.97,239.556,207.824,248.409,216.677,247.303,222.21,221.85,206.717,231.809,215.57,241.769,225.53,238.449,234.383,212.996,217.784,195.29,206.717,178.69,191.224
298.46253389831026,253.191,296.573,261.707,266.159,253.191,223.579,223.994,202.898,194.796,211.414,223.994,184.65,213.045,173.7,205.745,191.949,213.045,207.764,204.529,200.465,187.497,183.433,191.147,201.681,202.096,212.63,188.714,218.713,166.816,199.248,181.414,210.197,187.497,221.146,182.631,235.745,154.65,211.414,135.185,195.599,118.153,179.783
248.8084453952478,329.882,382.832,325.825,353.422,307.57,317.926,283.23,312.855,264.975,332.124,271.06,288.515,259.904,288.515,262.947,298.657,272.074,306.77,259.904,306.77,245.706,297.643,254.833,310.827,267.003,321.982,254.833,322.997,235.564,315.897,248.748,324.011,261.932,330.096,254.833,339.223,228.465,329.082,242.663,331.11,261.932,337.195
245.81267811486055,306.346,330.72,308.35,298.657,288.311,262.587,266.268,255.573,250.237,226.517,273.281,248.56,248.233,225.515,249.235,233.53,252.24,242.548,258.252,262.587,230.197,237.538,238.213,246.556,246.229,256.575,245.227,273.609,218.174,254.571,230.197,259.581,240.217,271.605,238.213,284.63,210.158,266.595,192.123,257.577,180.1,249.562
249.92625587960944,352.072,353.892,359.203,324.349,350.035,288.694,324.567,277.488,298.08,288.694,330.679,272.395,311.323,243.871,311.323,246.927,308.267,252.02,312.342,282.582,289.93,253.039,294.005,258.133,300.117,272.395,297.061,290.732,275.668,266.282,278.724,265.264,266.5,265.264,289.93,301.938,266.5,281.563,251.219,266.282,237.976,254.058
320.69449898774377,266.548,207.977,275.698,168.762,266.548,120.396,229.947,98.1742,201.189,107.324,226.025,96.8671,210.339,72.0307,211.646,90.3312,218.182,103.403,202.496,112.553,188.117,89.024,201.189,112.553,218.182,125.625,185.503,126.932,167.202,108.632,192.039,132.161,211.646,146.54,171.124,146.54,135.83,124.318,113.608,106.017,88.7718,89.024
288.2127533351014,242.054,281.958,251.452,240.841,254.977,196.199,220.908,171.529,186.839,185.626,215.034,165.655,206.811,137.46,209.16,158.606,216.209,177.403,189.189,178.577,180.966,152.732,188.014,182.102,209.16,202.073,170.392,189.15,156.295,168.004,175.092,196.199,193.888,214.996,153.946,200.898,123.401,168.004,105.78,145.684,88.1578,121.013
276.1012457143213,252.545,309.108,262.673,274.22,260.423,234.831,234.538,214.573,209.779,223.577,232.287,210.072,212.03,181.936,207.528,180.811,207.528,181.936,206.403,220.2,185.02,189.814,196.274,199.943,206.403,215.699,191.772,235.956,164.762,206.695,187.271,216.824,196.274,226.953,180.518,249.461,144.505,226.953,124.247,211.197,106.241,198.817
301.00659203412806,259.279,330.344,260.506,295.99,244.556,254.274,212.656,235.87,184.436,253.047,216.337,233.416,204.067,212.559,200.386,229.736,202.84,243.232,201.613,249.366,180.756,223.601,183.21,242.005,193.025,250.593,188.117,264.089,161.125,243.232,178.302,254.274,190.571,270.224,181.983,280.04,150.082,262.863,123.09,250.593,103.459,239.551
277.8787971490449,268.256,268.707,284.113,233.595,285.246,192.819,264.858,169.033,239.939,171.298,259.195,163.37,242.205,132.788,241.072,135.053,244.47,150.911,237.674,175.829,217.286,137.319,229.745,150.911,234.276,167.9,220.684,187.156,195.766,152.043,213.888,162.237,222.949,176.962,205.96,198.482,175.378,171.298,156.123,152.043,139.133,135.053
286.8206236657329,259.688,359.217,262.026,326.482,244.49,283.225,215.262,271.534,186.035,284.395,214.093,252.829,204.74,242.307,197.726,262.182,209.417,271.534,196.556,279.718,180.189,253.998,186.035,277.38,197.726,283.225,187.204,298.424,163.822,275.042,180.189,292.578,196.556,300.762,183.696,310.115,153.3,293.747,177.851,308.946,189.542,317.129
249.68631169929992,329.958,352.124,331.994,322.61,320.798,289.024,293.319,280.882,270.929,294.113,295.355,273.758,273.982,249.332,278.053,256.456,277.035,262.563,280.089,289.024,256.68,259.51,262.787,268.669,272.964,282.918,266.858,298.184,244.467,276.811,255.663,283.936,265.84,290.042,262.787,309.379,236.326,291.06,218.006,279.865,205.793,266.634
298.6086050886678,263.099,308.839,270.402,278.41,253.362,234.593,224.15,213.901,194.939,226.072,227.802,209.032,197.373,194.426,204.676,209.032,208.327,219.987,210.762,224.855,181.55,207.815,192.504,218.77,201.025,228.507,196.156,239.461,170.596,218.77,185.202,232.158,201.025,247.981,193.722,256.501,164.51,238.244,180.333,245.547,193.722,256.501
293.04167076543916,248.755,384.414,253.533,352.163,238.005,309.163,205.755,297.218,175.893,316.33,204.56,287.663,186.643,261.384,187.838,267.357,191.421,279.301,186.643,305.579,162.754,274.523,168.726,286.468,180.671,301.996,172.31,318.719,144.837,294.829,148.42,292.44,169.921,316.33,167.532,336.635,131.698,316.33,110.198,300.802,91.0862,288.857
266.6048867312825,278.159,279.379,286.853,251.124,278.159,212.003,254.251,197.876,247.731,168.535,259.685,184.835,240.124,158.754,242.298,166.361,242.298,177.228,234.691,194.616,215.13,165.275,222.737,179.402,232.517,189.182,217.303,204.396,194.482,177.228,206.436,189.182,215.13,203.309,207.523,219.61,180.355,193.529,164.055,176.142,149.928,158.754
273.3077497346169,246.591,295.795,239.907,269.058,219.854,235.637,187.547,226.725,165.267,246.778,185.319,215.585,165.267,198.875,169.723,207.787,180.863,221.155,169.723,232.295,148.557,215.585,157.469,227.839,168.609,240.094,159.697,243.436,132.96,235.637,149.671,243.436,167.495,244.55,155.241,260.146,124.048,251.234,100.653,243.436,79.4868,235.637
279.09390089537965,262.071,310.132,257.521,281.691,233.631,249.838,205.19,244.15,181.3,263.49,189.264,215.71,181.3,217.985,188.126,236.187,198.365,245.288,171.062,227.086,165.374,229.361,176.75,248.701,188.126,256.664,165.374,246.425,152.86,250.976,168.787,260.077,188.126,256.664,169.924,271.453,140.346,262.352,116.456,254.389,99.3923,244.15
272.7970395330565,293.356,289.292,297.803,259.27,285.572,218.128,256.661,200.337,239.982,201.449,261.109,185.881,241.094,183.658,239.982,198.113,246.654,208.12,249.99,193.665,223.303,194.777,231.087,208.12,241.094,212.568,238.87,212.568,213.295,202.561,224.415,214.792,234.422,222.576,227.751,227.023,204.4,214.792,186.609,203.673,169.93,192.553
269.4544384511044,278.874,273.872,285.464,249.709,277.776,218.956,252.515,202.481,221.762,209.071,248.121,176.122,232.745,157.45,236.04,168.433,240.433,180.515,226.155,183.81,208.582,167.335,218.467,187.105,225.057,202.481,210.779,194.793,187.714,181.613,205.287,198.088,210.779,207.973,200.894,213.464,173.436,194.793,155.863,177.22,140.486,162.942
292.62220193450804,253.332,264.925,264.066,224.371,262.874,176.661,222.32,149.228,187.73,163.541,244.982,137.3,217.549,114.638,212.778,142.071,223.513,158.77,208.007,150.42,188.923,130.143,192.501,163.541,212.778,179.046,182.959,162.348,166.261,145.649,182.959,176.661,202.043,195.745,166.261,176.661,136.442,145.649,118.55,122.987,99.4662,100.325
