317.87676585903546,297.835,260.891,330.227,242.751,366.506,210.359,352.254,180.558,315.974,181.854,357.436,166.305,357.436,155.94,347.071,170.193,347.071,185.741,332.818,162.418,330.227,148.166,325.044,176.671,321.157,188.332,305.609,162.418,303.017,158.531,303.017,181.854,304.313,190.924,277.103,170.193,277.103,168.897,282.286,188.332,284.878,194.811
318.05690799289357,268.692,203.323,302.399,194.248,339.996,170.913,333.514,141.095,308.881,133.316,329.624,134.613,339.996,113.87,329.624,129.427,321.846,139.798,306.289,122.945,315.364,108.684,308.881,129.427,299.806,139.798,279.064,117.759,288.139,117.759,286.842,137.205,279.064,143.688,254.431,117.759,264.803,129.427,260.914,139.798,258.321,144.984
274.44266704905783,227.005,289.847,254.971,271.948,282.938,242.863,271.751,218.253,244.903,218.253,272.87,200.354,272.87,191.405,266.158,207.066,267.276,219.371,247.141,196.998,251.615,189.168,244.903,214.897,241.547,224.965,224.768,199.236,224.768,198.117,225.886,218.253,224.768,227.202,200.157,207.066,201.276,205.948,203.513,221.609,206.869,228.321
293.0566793130639,382.875,162.63,412.738,144.712,448.574,116.044,442.601,86.1808,419.905,76.6247,443.796,87.3754,449.768,62.2904,439.017,76.6247,431.85,88.5699,421.1,76.6247,427.072,52.7342,419.905,74.2356,412.738,87.3754,400.793,71.8466,400.793,57.5123,397.209,77.8192,396.015,89.7644,375.708,71.8466,374.513,61.0959,375.708,77.8192,375.708,89.7644
305.49840411039787,246.854,226.38,277.985,207.701,314.097,175.325,304.135,144.194,273.004,141.703,302.89,135.477,305.38,120.534,295.418,134.232,294.173,149.175,276.74,132.987,281.721,114.308,275.494,141.703,269.268,150.42,251.835,132.987,255.571,124.27,254.325,146.684,253.08,156.646,226.93,134.232,231.911,136.722,233.156,152.911,233.156,161.627
312.60789833431915,276.83,293.202,306.137,272.815,330.347,237.137,311.234,211.653,279.378,215.475,317.605,191.265,315.057,182.346,306.137,201.459,309.96,216.749,292.121,189.991,287.024,182.346,283.201,210.378,285.75,221.846,266.636,196.362,260.265,196.362,265.362,220.572,266.636,226.943,239.878,209.104,238.604,209.104,244.975,226.943,247.523,233.314
304.0711048504938,257.298,217.002,290.763,200.889,321.748,173.622,316.791,143.876,280.848,145.115,315.551,131.481,318.03,119.087,310.594,130.242,309.354,146.354,289.523,125.284,292.002,112.89,288.284,138.918,280.848,148.833,262.256,126.524,264.735,120.327,264.735,142.636,262.256,152.552,237.468,129.003,241.186,131.481,241.186,146.354,241.186,153.791
284.9771969719683,302.315,188.17,331.355,168.422,365.041,137.059,356.91,106.858,327.87,102.212,358.072,99.8884,360.395,85.9493,349.94,97.5652,348.779,112.666,333.678,95.2421,338.324,77.8181,329.032,103.373,325.547,112.666,311.608,92.9189,310.446,84.7877,310.446,105.696,309.285,114.989,288.376,95.2421,287.214,88.2725,288.376,105.696,290.699,116.151
313.6712241456013,275.788,232.823,309.03,222.595,347.387,197.024,338.437,168.896,311.587,165.06,334.601,158.667,343.551,139.489,333.323,157.389,329.487,168.896,310.309,147.16,317.98,136.932,310.309,159.946,305.194,168.896,284.738,145.882,288.573,145.882,288.573,167.617,284.738,174.01,256.61,147.16,265.559,156.11,265.559,168.896,264.281,175.288
287.8165657567333,278.731,181.956,308.06,165.532,344.429,137.376,337.39,106.874,311.58,103.354,335.043,104.527,343.255,83.4105,330.351,97.4885,329.177,113.913,309.234,96.3153,317.446,76.3715,312.753,97.4885,305.714,109.22,290.463,89.2763,290.463,78.7178,289.29,101.008,286.943,112.74,268.173,89.2763,269.346,84.5837,267,101.008,265.826,112.74
342.859628356854,279.211,239.074,312.752,212.521,343.497,176.185,337.907,138.452,307.162,130.067,335.112,139.85,337.907,117.489,323.932,124.477,322.534,142.645,305.764,139.85,307.162,113.297,302.969,130.067,300.174,148.235,280.609,141.247,277.814,123.079,280.609,145.44,283.404,163.608,254.056,145.44,252.658,132.862,255.453,149.632,258.248,165.005
292.4228683755769,201.767,223.942,231.565,206.063,260.172,170.305,247.06,142.89,214.878,146.466,243.485,129.779,245.869,116.668,241.101,132.163,241.101,145.274,217.262,126.203,220.838,113.092,216.07,140.507,212.494,150.042,192.231,129.779,193.423,123.819,194.615,147.658,193.423,157.194,166.009,134.547,170.776,135.739,173.16,151.234,174.352,159.578
279.70918143850764,243.229,223.514,270.592,202.992,297.955,172.208,286.554,144.846,258.051,143.706,288.834,135.725,288.834,118.623,280.853,134.585,283.133,145.986,264.891,128.884,266.031,116.343,260.331,142.565,258.051,149.406,242.089,128.884,240.949,125.464,240.949,145.986,240.949,155.107,218.147,135.725,219.287,134.585,220.427,148.266,222.707,157.387
288.49019976422073,287.039,226.608,314.085,206.618,341.131,170.164,328.196,144.294,299.974,141.942,332.9,136.063,331.724,121.952,321.14,137.239,319.965,150.174,308.205,132.535,307.03,116.072,301.15,140.766,298.798,151.35,284.687,132.535,279.984,123.128,279.984,148.998,281.159,157.229,261.169,138.415,259.993,132.535,258.817,151.35,259.993,160.757
286.40678239175827,204.789,259.134,232.807,240.455,260.825,212.437,245.649,184.419,215.296,185.587,245.649,168.075,247.983,157.569,243.314,169.243,243.314,183.252,217.63,165.74,223.468,152.899,217.63,178.582,214.128,190.256,194.282,168.075,196.617,162.238,196.617,185.587,196.617,196.093,168.599,176.247,169.766,173.912,173.268,190.256,176.771,197.261
290.0165298771779,211.935,236.948,241.488,216.851,269.859,182.57,253.309,158.927,223.756,161.291,253.309,142.377,253.309,132.92,248.581,150.652,250.945,162.473,226.12,140.013,228.485,127.009,224.938,154.198,223.756,164.838,200.114,143.559,201.296,138.831,204.842,163.655,203.66,173.112,176.471,149.47,177.653,147.106,180.017,164.838,184.746,174.295
287.6815493006112,276.694,186.719,306.009,166.784,335.325,132.778,324.771,103.463,296.629,99.9452,325.944,101.118,328.289,82.356,317.736,94.0821,317.736,109.326,304.837,95.2548,304.837,74.1477,296.629,99.9452,295.456,111.671,281.384,92.9095,277.867,82.356,276.694,104.636,277.867,115.189,257.932,94.0821,256.76,90.5643,255.587,105.808,257.932,117.534
287.67493975840165,411.057,179.596,443.889,166.697,479.067,140.9,477.894,105.723,450.925,97.5146,476.722,110.413,482.585,84.6161,473.204,95.1694,464.996,108.068,453.27,97.5146,461.478,75.2354,452.098,92.8242,446.235,105.723,433.336,93.9968,434.509,75.2354,430.991,95.1694,427.473,109.24,409.884,91.6516,411.057,78.7532,409.884,95.1694,408.712,106.895
283.20762803462765,246.245,184.915,273.951,167.599,301.656,137.585,292.421,109.88,264.716,106.417,295.884,101.8,297.038,87.9472,286.649,100.645,284.34,115.652,270.487,97.1822,272.796,82.1753,265.87,106.417,263.561,113.343,248.554,94.8734,246.245,89.1015,247.4,108.726,246.245,119.115,226.621,99.4909,226.621,93.719,226.621,109.88,226.621,119.115
290.63671959681903,374.901,209.389,404.518,191.619,434.134,157.264,424.657,127.647,397.41,122.909,425.841,126.463,428.211,103.954,418.733,116.986,416.364,132.386,402.148,119.355,405.702,98.031,398.594,121.724,396.225,132.386,380.824,116.986,378.455,106.324,378.455,127.647,378.455,138.309,359.501,119.355,358.316,114.616,357.131,130.017,358.316,141.863
317.558097533349,273.333,249.898,305.693,229.188,336.758,196.828,323.814,167.057,288.866,167.057,330.286,154.113,326.403,138.581,316.048,156.702,317.342,172.235,304.398,147.641,301.81,135.992,294.043,163.174,292.749,174.824,277.216,148.936,272.039,145.053,273.333,168.352,274.627,178.707,250.034,157.996,251.328,156.702,252.623,173.529,253.917,182.59
291.212600005563,267.152,245.979,296.827,228.174,330.064,196.125,314.633,168.823,287.331,167.636,313.445,162.888,318.194,141.522,308.697,159.327,306.323,171.197,286.144,160.514,293.266,136.774,288.518,160.514,283.77,172.384,265.965,159.327,267.152,145.083,265.965,166.449,264.778,178.319,242.225,161.701,244.599,151.018,244.599,168.823,245.786,179.506
277.0101928232967,249.102,198.04,276.201,179.974,304.429,149.488,294.267,120.131,266.039,117.872,295.396,111.098,296.525,97.5483,287.492,109.969,288.622,124.647,270.556,106.581,273.943,90.7736,267.168,116.743,263.781,125.776,249.102,105.452,247.973,98.6774,247.973,120.131,247.973,128.035,224.262,108.839,224.262,106.581,226.52,121.26,229.907,131.422
285.09203712660934,311.418,193.704,340.469,173.948,375.331,144.897,367.197,112.359,339.307,106.549,369.521,111.197,373.007,91.4421,360.224,103.063,359.062,118.17,347.442,101.901,348.604,82.1456,339.307,107.711,336.983,118.17,325.362,98.4145,320.714,89.118,319.552,110.035,319.552,120.494,300.959,99.5765,299.797,92.6042,298.635,111.197,300.959,120.494
289.5351273904429,198.3,207.945,228.985,191.423,257.309,156.018,244.327,127.694,213.642,132.415,243.147,114.712,245.507,101.73,238.426,115.892,241.967,127.694,216.003,109.991,218.363,98.1897,217.183,125.334,213.642,135.955,190.039,112.352,191.219,108.811,195.94,132.415,192.399,141.856,164.075,118.253,169.976,120.613,171.156,135.955,172.336,144.216
298.8803968412783,240.854,200.794,272.528,182.52,305.421,153.282,293.239,124.043,262.782,121.607,296.894,111.861,299.33,97.2415,289.584,114.297,288.366,124.043,266.437,105.769,272.528,89.9319,265.219,115.515,261.564,125.262,243.29,104.551,243.29,96.0232,243.29,120.388,242.072,130.135,217.706,106.988,221.361,105.769,222.58,122.825,222.58,132.571
279.5887074400537,250.346,235.223,274.278,216.988,300.49,185.079,287.954,158.867,259.463,157.728,290.233,147.471,289.093,132.656,281.116,148.611,283.395,160.007,268.58,140.633,267.44,130.377,261.742,156.588,259.463,165.705,243.508,141.773,242.368,139.494,242.368,161.147,242.368,169.124,219.576,149.75,220.716,148.611,221.855,164.566,224.134,172.543
335.0801748790877,292.33,240.721,326.476,216.137,359.255,181.991,351.06,146.48,316.915,135.553,352.426,142.382,353.792,121.895,338.768,130.09,337.402,147.846,322.378,139.651,322.378,116.432,314.183,134.187,312.817,150.577,296.428,138.285,292.33,125.992,293.696,147.846,293.696,164.235,270.477,143.748,267.745,135.553,266.38,151.943,269.111,166.967
312.6595199766033,280.382,246.797,313.517,235.327,350.475,208.565,341.554,181.802,312.243,179.253,339.006,166.508,344.103,152.49,335.182,170.332,332.633,181.802,313.517,157.588,319.889,151.215,310.968,176.704,308.419,183.076,286.754,158.862,290.577,161.411,290.577,181.802,286.754,186.899,259.991,161.411,268.912,171.606,267.638,183.076,266.363,189.448
291.4017374776616,254.455,174.645,284.149,159.204,318.595,127.134,310.281,97.4394,279.398,95.0638,303.154,102.191,312.656,76.0594,301.966,87.9372,297.215,102.191,275.835,93.8761,288.901,66.5572,281.774,87.9372,274.647,103.378,256.831,89.1249,262.769,73.6838,259.206,93.8761,255.643,105.754,234.263,89.1249,236.638,76.0594,235.451,95.0638,236.638,105.754
289.50629372260636,306.714,196.523,337.395,180.002,373.977,156.401,370.436,123.36,343.295,116.279,364.536,125.72,373.977,100.939,363.356,112.739,356.276,125.72,339.755,112.739,352.736,90.318,343.295,110.379,336.215,123.36,322.054,106.839,325.594,92.6781,319.694,112.739,317.334,124.54,298.453,105.659,298.453,93.8582,297.273,111.559,297.273,123.36
304.0633083060171,227.64,261.69,258.625,241.86,287.131,207.157,269.779,181.13,240.034,182.369,271.019,168.736,269.779,153.863,264.822,172.454,263.582,183.608,241.273,167.496,246.231,151.384,240.034,178.651,237.555,188.566,218.964,168.736,217.725,162.539,218.964,183.608,218.964,194.763,191.698,174.933,195.416,172.454,197.895,189.805,199.134,198.481
298.92408050874724,256.46,269.678,290.577,250.183,321.038,218.503,310.072,188.042,280.829,181.95,308.853,180.732,311.29,161.236,302.761,177.076,302.761,190.479,283.266,175.858,285.703,157.581,282.048,185.605,275.955,191.698,257.679,175.858,261.334,169.766,261.334,190.479,260.116,201.445,233.31,179.513,235.747,180.732,239.402,199.008,238.184,205.1
321.00769005430385,260.547,251.047,291.949,231.42,322.044,197.4,303.726,168.614,271.014,171.231,311.576,154.221,308.959,143.753,297.183,162.072,301.109,175.156,286.716,150.296,281.482,139.828,276.248,165.997,276.248,177.773,259.238,154.221,254.004,151.604,257.93,175.156,259.238,184.316,231.761,164.689,231.761,164.689,236.994,180.39,239.611,188.241
284.4912811388075,210.838,253.871,232.871,237.636,259.542,204.007,246.786,178.496,218.955,177.336,249.105,165.74,249.105,154.144,238.669,169.219,238.669,184.294,222.434,165.74,222.434,150.665,217.796,175.017,214.317,186.613,200.401,168.059,196.923,158.782,198.082,181.975,196.923,192.411,176.05,175.017,176.05,168.059,176.05,184.294,180.688,194.73
293.089742996919,296.625,190.9,327.686,178.953,364.721,151.476,361.137,116.831,332.465,112.052,355.164,120.415,364.721,95.3268,353.969,107.273,347.996,122.804,331.27,106.079,343.217,84.5748,333.66,104.884,326.492,118.025,310.961,102.495,315.74,85.7695,309.767,106.079,307.377,120.415,288.263,98.9107,288.263,91.7428,288.263,107.273,287.068,120.415
288.3964733244843,262.629,178.801,293.193,162.344,329.634,134.131,320.23,104.743,292.017,101.216,317.879,103.567,324.932,82.4079,312.001,92.9877,310.826,108.27,292.017,94.1632,300.246,73.0037,292.017,96.5143,284.964,107.094,270.858,91.8122,273.209,77.7058,270.858,98.8653,266.155,110.621,244.996,91.8122,249.698,83.5835,248.523,98.8653,248.523,111.796
310.7291216992704,282.518,260.16,316.715,248.761,352.179,219.63,343.313,195.565,314.182,193.032,338.247,181.633,347.112,167.701,336.98,180.367,336.98,194.299,314.182,174.034,323.048,162.635,314.182,189.233,310.382,198.098,287.584,172.767,292.651,172.767,292.651,195.565,288.851,201.898,260.987,176.567,271.119,185.433,269.853,198.098,268.586,203.165
339.33640620628967,290.505,242.347,323.701,214.683,356.897,180.104,348.598,145.525,316.786,135.843,351.365,141.376,349.981,123.394,336.15,130.31,333.384,146.908,320.935,141.376,319.552,116.479,312.636,139.992,311.253,152.441,294.655,139.992,290.505,124.778,290.505,148.291,291.889,162.123,268.375,145.525,265.608,135.843,265.608,151.058,266.992,166.273
315.2150533223311,268.101,266.079,298.938,245.521,324.634,213.4,309.216,183.849,274.525,186.419,313.071,167.146,310.501,155.582,301.507,174.855,304.077,188.988,289.944,164.576,283.519,153.013,280.95,181.279,279.665,194.128,261.677,171,259.107,164.576,260.392,191.558,261.677,197.982,234.695,181.279,235.98,179.994,238.55,196.697,241.12,204.406
300.84708132870423,252.368,255.887,284.251,236.267,319.813,204.383,308.777,174.953,276.893,170.048,305.098,167.595,310.003,146.748,300.193,162.69,298.966,176.179,280.572,163.916,283.025,144.296,279.346,171.274,273.215,178.632,256.047,162.69,258.499,155.332,258.499,177.405,257.273,187.215,231.521,165.142,235.2,166.369,237.653,183.537,235.2,189.668
317.1894087024345,283.01,252.315,314.039,234.214,345.069,201.892,333.432,172.155,298.524,170.862,339.897,157.934,337.311,145.005,325.675,161.812,328.261,177.327,314.039,151.469,312.746,141.126,303.696,169.57,302.403,179.913,286.888,152.762,283.01,150.176,284.303,173.448,284.303,182.498,261.031,161.812,261.031,161.812,262.323,178.62,264.909,186.377
285.6828097068495,257.571,188.177,285.518,173.039,313.465,141.599,305.314,113.652,277.367,110.158,306.478,106.665,306.478,93.8557,297.163,105.5,295.998,120.638,280.86,103.171,286.682,86.8689,278.531,111.323,276.202,119.474,259.9,102.007,258.735,93.8557,258.735,113.652,258.735,122.967,238.939,103.171,240.104,100.842,238.939,114.816,238.939,124.132
288.48313428864435,278.851,201.068,307.073,181.078,337.646,144.625,327.063,117.58,296.49,115.228,329.414,110.525,330.59,96.414,320.007,108.173,317.656,123.459,303.545,106.997,304.721,88.1828,297.665,114.052,295.314,124.635,281.203,105.821,277.675,97.5899,277.675,118.756,278.851,129.339,256.51,110.525,255.334,104.645,255.334,119.932,257.685,131.691
286.80062562344597,210.339,219.893,238.395,200.02,266.452,170.794,251.255,145.076,223.198,145.076,252.424,125.202,251.255,117.019,246.579,134.555,246.579,147.414,223.198,124.033,227.874,113.512,222.029,140.4,219.691,152.09,200.987,125.202,200.987,124.033,202.156,147.414,200.987,156.766,174.099,133.385,175.268,133.385,181.113,150.921,182.282,157.935
297.21146318572573,229.323,198.384,262.032,179,295.953,148.714,283.839,117.216,252.341,118.427,283.839,107.524,286.262,92.9867,277.781,109.947,277.781,120.85,255.975,103.89,263.244,84.5065,255.975,111.159,249.918,123.273,231.746,102.678,234.169,92.9867,232.957,116.004,231.746,126.908,206.305,103.89,208.728,101.467,209.94,119.639,212.363,129.331
278.0736003309196,253.469,250.046,278.405,230.777,303.341,200.174,289.739,171.838,261.403,172.971,293.14,161.637,292.006,148.035,284.072,163.904,286.339,174.105,270.471,155.97,269.337,143.502,263.67,170.705,262.537,178.639,245.535,157.103,244.401,154.836,245.535,175.238,245.535,184.306,220.599,166.171,222.866,165.037,225.133,178.639,226.266,186.573
296.2282612344744,195.062,191.917,226.455,173.805,257.849,142.411,242.152,113.432,211.966,114.64,239.737,103.773,243.36,86.8685,240.945,101.358,239.737,113.432,213.173,96.5282,220.418,83.2462,215.588,107.395,211.966,119.47,189.024,97.7356,192.647,92.9058,193.854,114.64,192.647,125.507,163.668,103.773,166.083,101.358,170.913,117.055,173.327,126.714
285.1745447966911,238.108,190.841,263.681,173.405,293.903,143.183,281.117,116.448,250.894,114.123,285.766,105.986,285.766,92.0376,276.467,105.986,276.467,117.61,260.193,100.174,260.193,87.388,255.544,111.798,250.894,118.773,239.27,99.0119,234.621,95.5247,235.783,116.448,234.621,124.585,213.698,105.986,213.698,101.337,213.698,116.448,214.86,125.747
290.4503329882752,198.833,220.889,224.879,200.762,253.292,165.245,239.086,139.199,208.304,142.751,237.902,127.36,240.27,114.337,235.534,129.728,236.718,139.199,210.672,124.992,216.591,107.234,209.488,133.28,205.936,145.119,188.178,127.36,188.178,116.705,186.994,141.567,185.81,152.222,162.132,133.28,163.316,124.992,163.316,143.935,168.051,153.406
280.2795576009781,241.616,207.32,269.035,187.898,297.596,158.195,286.171,128.491,255.325,128.491,287.314,121.636,287.314,105.642,279.317,120.494,280.459,131.918,262.18,114.782,263.323,99.93,258.753,123.921,255.325,134.203,240.474,114.782,239.331,107.927,239.331,131.918,239.331,141.058,216.482,122.779,215.34,115.924,217.625,133.061,221.052,142.2
291.1844327312159,204.403,237.552,234.075,220.935,261.374,184.142,248.318,156.843,216.272,162.777,244.757,143.787,247.131,130.731,242.384,146.161,245.944,156.843,217.459,140.226,222.206,128.358,218.646,154.469,213.898,165.151,193.721,144.974,194.908,140.226,197.282,163.964,194.908,173.459,167.609,150.909,172.357,153.282,174.731,166.338,175.918,174.646
337.59542564584603,285.465,240.266,319.866,214.121,352.892,179.719,346.011,143.942,312.986,132.933,346.011,141.19,347.388,120.549,333.627,128.805,332.251,145.318,315.738,138.437,317.114,116.42,310.234,131.557,307.482,149.446,289.593,138.437,286.841,124.677,288.217,146.694,288.217,161.831,263.447,141.19,262.071,134.309,260.695,149.446,263.447,165.959
290.25807310047384,287.468,186.584,318.229,171.204,354.906,143.992,348.991,112.048,322.962,107.315,345.441,114.414,353.723,90.7516,340.709,102.583,337.159,117.963,321.779,101.4,328.878,81.2866,322.962,101.4,315.863,114.414,300.483,96.6671,304.032,82.4697,299.3,103.766,298.116,116.78,278.003,95.484,278.003,87.2022,276.82,103.766,276.82,116.78
287.4909303786817,262.442,257.42,287.051,237.498,314.003,205.859,302.285,178.907,276.504,177.735,303.456,170.704,304.628,156.642,296.425,169.532,296.425,183.594,277.676,169.532,280.02,151.954,277.676,176.563,276.504,187.109,256.583,169.532,256.583,160.157,257.755,181.25,257.755,191.797,231.974,173.047,233.146,169.532,236.662,184.766,239.005,195.312
293.1149669549476,274.095,243.185,301.575,224.069,333.834,193.005,323.081,164.331,295.601,161.941,321.886,157.162,324.275,138.046,315.912,154.773,312.328,169.11,295.601,153.578,299.185,133.267,294.406,155.967,289.627,167.915,274.095,152.383,275.29,138.046,272.901,163.136,270.511,173.889,249.005,155.967,249.005,146.409,249.005,165.526,251.395,175.084
286.039544253937,283.521,215.657,311.503,192.338,339.485,160.858,328.992,130.544,299.844,129.378,330.158,123.549,330.158,106.06,321.996,123.549,320.83,135.208,304.507,121.217,305.673,102.562,301.01,127.047,298.678,138.706,283.521,120.051,281.189,110.724,281.189,134.042,281.189,143.37,257.871,124.715,256.705,117.719,257.871,136.374,261.368,145.701
292.9025763116466,206.764,206.627,236.612,186.331,265.266,157.677,249.745,131.411,221.091,130.218,252.133,109.921,249.745,102.758,244.969,120.666,244.969,133.799,225.867,106.34,227.061,100.37,221.091,125.442,218.703,137.381,198.407,111.115,198.407,109.921,200.795,131.411,199.601,140.963,172.141,118.279,176.917,118.279,179.305,136.187,179.305,142.157
315.80369541219744,271.368,281.505,300.974,259.622,326.719,222.292,308.698,197.834,276.517,200.409,315.134,179.813,312.559,168.227,303.549,188.823,307.41,201.696,290.676,178.525,285.527,168.227,281.665,195.26,282.953,208.132,263.644,183.674,259.782,179.813,262.357,205.557,263.644,213.281,236.612,196.547,236.612,195.26,241.761,210.706,244.335,219.717
304.25260321647215,249.747,241.049,280.751,222.446,316.716,190.202,306.795,160.438,274.551,156.718,304.314,151.757,308.035,131.915,298.114,149.277,298.114,161.678,278.271,149.277,281.992,130.674,278.271,156.718,272.07,164.159,253.468,149.277,257.188,140.596,255.948,161.678,255.948,171.6,228.665,150.517,232.385,151.757,234.865,169.119,233.625,176.56
290.43672309472163,393.978,165.775,422.391,153.937,459.09,125.524,457.906,91.1927,429.494,84.0896,457.906,92.3765,460.274,69.8834,450.803,80.538,443.7,94.7442,431.862,81.7219,440.149,60.4126,430.678,79.3542,425.942,91.1927,411.736,79.3542,411.736,61.5965,409.368,81.7219,405.817,97.1119,390.427,78.1703,391.611,69.8834,386.875,81.7219,388.059,95.9281
312.1007459683491,278.812,208.774,314.432,198.597,350.052,175.698,344.963,147.711,316.976,141.35,341.147,138.806,348.78,122.268,337.331,134.989,330.97,146.439,316.976,124.812,324.609,115.907,315.704,140.078,310.615,145.167,291.533,122.268,295.35,123.54,295.35,143.894,288.989,150.255,263.546,123.54,273.723,133.717,272.451,145.167,269.907,151.527
314.08808411176625,292.273,254.491,324.279,237.848,355.005,207.122,343.483,177.676,307.636,176.396,351.164,159.753,347.324,148.23,335.801,166.154,338.362,180.237,324.279,154.632,322.999,145.67,314.037,172.555,312.757,182.797,296.114,157.192,293.553,154.632,294.833,177.676,294.833,187.918,270.509,166.154,271.789,166.154,273.069,182.797,274.349,190.479
307.3749657616898,263.608,285.175,298.689,266.382,328.758,236.312,313.724,207.496,282.401,208.749,316.229,192.461,316.229,181.185,308.712,196.22,308.712,208.749,288.666,191.208,291.172,178.679,287.413,203.737,282.401,215.013,262.355,194.967,262.355,188.703,264.861,211.255,263.608,221.278,237.297,199.979,239.803,201.231,242.309,216.266,243.562,223.783
282.5278440525818,293.645,184.932,323.587,164.203,353.528,130.806,344.315,103.168,315.525,98.5613,350.073,95.1065,350.073,80.1356,338.557,93.9549,336.254,107.774,323.587,91.6517,324.738,74.3776,317.829,98.5613,314.374,107.774,301.706,87.0453,298.251,77.8324,297.1,102.016,297.1,112.381,278.674,89.3485,277.522,84.7421,275.219,102.016,277.522,112.381
313.5439819132238,274.374,217.172,306.325,206.948,345.944,183.943,336.998,154.548,308.881,150.714,333.164,143.046,339.554,127.71,330.608,143.046,326.774,154.548,308.881,131.544,315.271,123.876,306.325,149.436,302.491,154.548,282.042,130.266,287.155,131.544,285.877,153.27,282.042,159.661,255.204,132.822,264.15,141.768,264.15,154.548,262.872,162.217
299.40204301574164,256.908,205.955,289.858,191.31,324.029,163.241,314.266,132.731,283.756,127.85,313.046,127.85,320.368,105.883,309.385,121.748,308.164,133.952,286.197,115.646,294.74,97.3398,286.197,124.188,282.536,135.172,264.23,114.425,265.451,104.662,264.23,126.629,263.01,136.392,237.382,114.425,243.484,109.544,243.484,127.85,243.484,137.613
298.1340881633632,246.623,210.662,280.649,197.294,312.245,168.129,303.738,140.179,270.927,138.964,302.523,126.812,307.384,112.229,300.093,128.027,296.447,138.964,275.788,119.52,281.864,108.584,274.573,132.888,270.927,142.61,251.484,120.736,252.699,118.305,252.699,138.964,251.484,148.686,225.964,125.597,230.825,128.027,230.825,141.394,232.04,149.901
281.18081158215625,288.035,244.501,315.542,219.287,343.048,183.757,330.441,156.25,300.642,156.25,332.733,148.227,332.733,134.474,323.564,150.52,321.272,163.127,307.519,147.081,307.519,128.743,301.788,153.958,299.496,165.419,285.743,147.081,281.158,137.912,281.158,163.127,282.304,172.296,261.674,153.958,260.528,145.935,259.382,164.273,261.674,173.442
295.51743193930196,269.446,215.267,298.356,197.199,330.879,164.676,320.038,135.767,292.333,133.358,320.038,128.54,321.242,111.676,312.81,126.131,311.606,142.994,292.333,124.926,299.56,105.653,292.333,130.949,288.719,141.79,271.855,123.721,271.855,111.676,270.651,134.562,269.446,145.403,248.969,124.926,247.764,116.494,247.764,135.767,248.969,146.608
282.4084964391121,200.597,245.706,229.375,227.288,257.002,197.359,246.642,169.732,212.108,173.186,246.642,154.768,247.793,145.559,245.491,149.012,244.34,162.826,219.015,147.861,221.317,137.501,217.864,163.977,210.957,174.337,193.69,152.466,194.842,147.861,194.842,172.035,193.69,180.093,169.517,159.372,170.668,158.221,171.819,175.488,172.97,183.546
290.50990021340067,366.608,158.966,396.211,143.572,428.183,113.968,424.631,79.6282,396.211,74.8917,423.446,80.8124,426.999,57.1295,417.526,70.1551,412.789,85.549,398.579,71.3392,404.5,48.8405,397.395,74.8917,393.843,85.549,378.449,67.7868,378.449,57.1295,376.081,77.26,374.897,87.9172,355.95,68.971,353.582,60.682,353.582,77.26,355.95,89.1014
290.207926042691,191.031,176.67,219.421,155.377,247.811,124.621,238.347,95.0486,205.226,96.2315,234.798,87.9511,239.53,70.2074,233.616,85.5853,234.798,96.2315,208.774,80.8536,215.872,61.927,208.774,87.9511,202.86,98.5973,186.299,80.8536,186.299,70.2074,185.116,93.8657,183.933,104.512,161.458,83.2194,161.458,79.6707,161.458,98.5973,163.824,108.061
283.7056594430221,255.684,230.775,282.281,212.273,310.035,178.737,299.627,149.827,271.873,149.827,300.784,145.201,300.784,129.011,292.689,144.045,292.689,156.765,275.343,139.419,279.968,125.542,274.186,146.357,271.873,157.921,254.527,139.419,253.371,131.324,254.527,154.452,253.371,163.703,232.556,145.201,232.556,139.419,233.712,155.609,234.868,166.016
287.14631114642583,256.705,189.008,287.136,171.451,322.249,141.02,311.715,112.93,282.455,111.76,307.034,111.76,314.056,88.3509,304.693,102.396,301.181,115.271,282.455,103.567,291.818,81.3283,283.625,103.567,276.602,117.612,259.046,102.396,264.898,86.0101,261.387,109.419,257.876,121.123,236.808,103.567,237.978,93.0326,237.978,110.589,237.978,121.123
295.3489564921467,291.743,192.725,323.043,179.483,359.159,151.794,351.936,122.901,325.451,114.474,349.528,121.697,357.956,96.4159,345.917,112.066,341.101,122.901,323.043,112.066,335.082,86.785,326.655,109.658,319.432,122.901,303.781,106.047,307.393,92.8043,301.374,113.27,300.17,125.309,279.704,106.047,280.908,94.0082,279.704,113.27,280.908,124.105
287.7385583963331,268.151,177.568,300.991,162.32,333.831,131.826,327.966,100.159,300.991,96.6409,323.275,103.678,331.485,77.8753,319.756,90.7766,313.892,104.851,299.818,90.7766,308.028,69.6653,300.991,89.6038,293.954,102.505,277.534,87.2581,282.225,72.011,277.534,93.1223,275.188,107.197,255.25,86.0852,255.25,79.0481,255.25,94.2952,255.25,107.197
346.68981687093145,280.336,238.251,317.078,214.227,350.993,180.312,345.341,142.157,314.252,130.852,341.101,146.397,346.754,122.373,332.622,128.026,331.209,146.397,311.425,139.331,315.665,115.308,308.599,139.331,307.186,154.875,288.815,139.331,285.989,122.373,285.989,150.636,285.989,164.767,261.965,139.331,261.965,132.265,259.139,147.81,261.965,163.354
305.9096065327141,263.477,223.06,299.638,205.603,333.304,179.417,324.576,150.738,292.156,148.245,324.576,137.022,328.317,125.8,319.588,137.022,317.094,151.985,299.638,130.788,303.378,119.566,295.897,144.504,292.156,154.479,273.452,132.035,273.452,125.8,274.699,146.998,272.205,156.973,247.267,134.529,252.255,135.775,252.255,150.738,252.255,159.467
278.65424957283534,285.311,213.211,312.571,197.31,342.102,168.914,336.423,140.519,304.62,137.111,338.695,131.432,339.83,116.666,329.608,130.296,328.472,142.79,314.842,123.481,315.978,110.987,309.163,133.704,304.62,142.79,293.262,121.21,289.854,114.395,287.583,138.247,286.447,146.198,268.274,124.617,268.274,122.346,267.138,138.247,267.138,147.334
285.2331677838326,274.157,171.9,302.061,152.136,332.289,120.745,321.825,89.3534,293.922,85.8655,325.313,87.0282,327.639,68.426,314.85,80.0524,316.012,96.3292,302.061,80.0524,303.223,60.2876,295.085,85.8655,292.76,96.3292,279.971,77.7271,275.32,68.426,275.32,89.3534,275.32,100.98,255.555,78.8897,255.555,75.4018,254.393,90.5161,255.555,103.305
330.329272933841,313.761,232.342,347.423,208.106,378.391,175.791,373.005,140.784,340.69,127.319,374.352,135.398,374.352,115.201,359.541,123.28,356.848,140.784,346.076,131.358,344.73,109.815,339.344,125.973,335.305,144.823,319.147,130.012,315.108,117.894,316.454,140.784,316.454,156.941,293.565,134.051,290.872,127.319,289.525,143.477,290.872,158.288
284.0927176011381,200.76,211.067,227.394,192.539,255.185,162.431,242.447,135.798,212.34,135.798,244.763,121.902,244.763,109.164,236.658,126.534,236.658,138.114,218.13,119.586,219.288,108.006,214.656,131.166,210.024,140.43,196.128,120.744,192.654,116.112,193.812,136.956,192.654,146.22,171.81,126.534,172.968,119.586,172.968,136.956,174.126,146.22
313.3825571278657,294.696,218.845,331.74,209.904,368.784,188.188,364.952,160.086,338.127,152.422,358.565,153.699,371.339,134.539,357.287,147.312,349.623,158.809,335.572,137.093,345.791,126.874,336.849,149.867,330.463,156.254,311.302,133.261,316.411,133.261,315.134,152.422,308.747,158.809,284.477,130.706,293.419,142.203,292.141,153.699,289.587,160.086
292.52215555919867,371.86,155.216,401.669,138.523,437.439,108.714,432.67,78.9059,408.823,69.3671,432.67,78.9059,438.632,52.6743,427.9,66.9824,420.746,80.0982,408.823,69.3671,415.977,44.3279,407.631,66.9824,402.861,78.9059,388.553,64.5977,389.745,50.2896,386.168,70.5595,384.976,82.4829,364.706,64.5977,363.514,55.059,364.706,70.5595,365.898,82.4829
282.50218032786927,284.401,204.13,312.037,188.009,344.279,160.373,336.219,131.586,309.734,124.677,337.37,125.828,340.825,107.404,330.461,122.374,328.158,135.04,313.189,116.616,317.795,102.798,310.886,123.525,307.431,133.889,292.462,114.313,291.31,106.252,291.31,126.98,290.159,136.192,271.734,115.465,271.734,112.01,270.583,125.828,271.734,136.192
280.080351843895,223.866,276.591,252.42,258.317,279.831,229.764,269.552,204.637,242.14,203.494,271.836,184.078,270.694,177.225,262.699,194.357,264.983,204.637,248.993,179.509,250.135,174.941,242.14,201.21,237.572,209.205,223.866,185.22,223.866,184.078,223.866,204.637,222.724,213.774,197.597,190.931,201.023,193.215,202.165,208.063,204.45,213.774
297.8452550788748,216.378,202.375,246.73,182.95,278.295,152.599,264.94,123.462,234.589,123.462,264.94,110.107,267.368,96.7527,258.87,113.749,257.656,128.318,237.017,106.465,240.659,93.1106,235.803,118.606,229.733,130.746,211.522,107.679,211.522,101.609,212.736,124.676,211.522,134.388,187.241,113.749,189.67,107.679,190.884,125.89,192.098,136.816
320.07521041936377,277.983,308.496,306.686,286.317,335.388,251.092,314.514,223.694,283.202,228.912,323.646,210.647,315.818,197.601,306.686,215.866,310.6,230.217,298.858,209.343,291.03,197.601,285.811,223.694,284.507,232.826,270.155,213.257,263.632,209.343,266.241,232.826,270.155,241.959,242.758,223.694,242.758,221.085,246.672,240.654,250.586,248.482
286.2717622469949,212.683,231.681,240.688,214.178,272.193,183.84,265.192,160.503,234.853,157.002,266.359,146.5,267.526,135.998,258.191,151.168,257.024,162.836,239.521,143,245.355,127.83,238.354,153.501,231.353,162.836,217.35,143,218.517,135.998,216.184,157.002,215.017,166.337,192.846,145.333,192.846,143,194.013,159.336,195.18,167.504
299.49816407617584,223.836,249.238,254.356,228.484,284.875,193.082,270.226,165.004,240.927,166.224,270.226,152.796,270.226,140.588,261.68,154.017,262.901,169.887,242.148,152.796,244.59,135.705,240.927,162.562,238.486,174.77,218.953,154.017,217.732,145.471,220.174,169.887,220.174,180.874,193.317,161.341,193.317,155.237,195.758,173.549,200.641,184.536
301.03842017257534,259.236,283.566,289.912,263.934,324.27,230.803,309.545,201.354,280.096,197.673,310.772,189.083,311.999,174.359,302.183,190.31,300.956,203.808,283.777,189.083,287.458,171.904,280.096,200.127,277.642,206.262,259.236,189.083,259.236,184.175,260.463,205.035,259.236,216.078,233.468,195.218,238.376,196.446,238.376,212.397,239.603,218.533
330.07164915514943,298.833,243.879,332.468,218.316,363.412,186.026,358.031,148.355,323.05,138.937,356.685,147.01,359.376,124.138,345.922,132.21,341.886,148.355,328.432,144.319,328.432,120.102,323.05,136.247,319.014,151.046,301.524,142.974,298.833,126.829,300.178,148.355,301.524,161.809,275.961,147.01,273.27,137.592,273.27,153.737,274.616,168.536
284.19600963595525,204.02,226.354,231.822,208.977,257.307,175.383,242.248,149.898,214.446,147.582,245.723,137.156,245.723,125.572,235.297,139.473,236.456,154.532,222.555,134.839,222.555,120.938,214.446,146.423,213.288,156.849,198.228,137.156,195.911,129.047,195.911,151.057,194.753,160.324,175.06,139.473,175.06,137.156,175.06,153.374,176.218,163.799
289.31727529651596,283.189,187.8,315.03,173.648,350.408,147.704,342.153,115.864,312.671,111.147,337.436,117.043,345.691,92.2781,333.898,104.071,331.54,120.581,313.851,104.071,323.285,82.8439,313.851,106.429,306.775,118.222,292.624,101.712,294.982,88.7403,292.624,108.788,287.907,120.581,266.68,101.712,270.217,92.2781,269.038,109.967,270.217,120.581
302.3480117893947,254.196,242.181,287.471,226.16,320.746,196.583,310.886,168.237,276.379,168.237,310.886,149.751,310.886,141.125,303.492,157.146,302.26,168.237,282.541,147.287,285.006,138.66,281.309,162.075,275.147,173.167,255.428,149.751,256.661,147.287,260.358,169.47,257.893,179.329,230.781,157.146,234.478,158.378,236.943,173.167,238.175,180.561
293.0535441041449,193.419,190.007,220.893,169.7,250.756,138.643,238.811,109.975,207.754,111.169,236.422,100.419,241.2,83.6954,234.033,100.419,235.228,111.169,210.143,94.446,216.115,76.5283,208.948,102.808,205.365,114.753,187.447,94.446,187.447,86.0844,186.252,109.975,183.863,120.725,161.168,100.419,162.362,93.2515,162.362,112.364,165.946,121.92
278.88729629906055,252.261,215.91,279.544,197.722,306.826,165.892,295.459,137.473,269.313,135.2,300.006,129.516,300.006,115.875,289.775,130.653,288.638,143.157,276.134,123.832,276.134,111.327,270.45,132.926,268.176,143.157,252.261,124.969,251.125,117.011,251.125,139.747,249.988,148.841,230.663,128.379,230.663,124.969,230.663,140.883,230.663,151.114
289.8466514296827,264.695,232.01,294.231,214.289,328.493,183.571,316.679,154.035,288.324,154.035,313.134,150.491,319.041,129.225,309.59,145.765,304.864,156.398,285.961,146.946,291.868,123.318,288.324,146.946,282.417,157.579,264.695,144.584,267.058,130.406,264.695,152.854,263.514,164.668,241.066,146.946,243.429,137.495,243.429,154.035,243.429,164.668
276.4096240166033,255.368,201.204,283.535,186.557,315.082,153.884,306.068,125.717,273.395,124.59,307.195,116.704,308.322,100.93,299.308,115.577,298.182,130.224,282.408,111.07,284.662,97.5504,277.902,122.337,273.395,131.35,262.128,108.817,257.622,104.31,257.622,125.717,256.495,134.73,236.215,115.577,236.215,108.817,236.215,125.717,237.342,134.73
306.7333250789682,289.419,233.78,326.927,220.027,359.434,196.272,355.683,166.266,318.175,162.515,353.183,156.264,358.184,140.01,349.432,152.513,348.182,165.015,328.177,146.261,335.679,133.759,328.177,156.264,321.926,166.266,304.422,145.011,306.923,138.76,305.672,158.764,304.422,168.766,276.916,146.261,281.917,147.512,284.418,163.765,283.168,171.267
305.5685207379844,211.924,189.067,241.817,169.138,274.201,136.755,260.5,108.108,230.607,106.862,261.745,95.6524,262.991,83.1971,254.272,99.3889,255.518,111.844,233.098,93.1613,240.571,75.7239,231.853,103.126,229.362,113.09,210.679,93.1613,210.679,84.4426,210.679,109.353,210.679,118.072,183.277,95.6524,187.014,93.1613,189.505,111.844,190.75,121.808
291.418334251639,213.787,251.199,242.295,231.005,269.615,197.746,254.173,173.989,226.853,173.989,252.986,156.171,252.986,146.668,250.61,164.486,248.234,176.364,224.477,154.983,230.417,143.105,225.665,169.237,223.289,181.116,201.908,156.171,203.096,154.983,205.472,176.364,204.284,187.055,175.776,165.674,179.339,164.486,184.091,182.304,185.278,189.431
278.3513308931718,276.671,197.662,305.036,184.047,333.401,154.548,325.459,125.048,297.094,121.645,329.997,115.972,329.997,104.626,317.516,117.106,317.516,130.721,305.036,109.164,306.171,96.6837,299.363,120.51,295.959,130.721,282.344,108.03,280.075,102.357,280.075,122.779,278.941,131.856,259.653,111.433,259.653,106.895,258.518,122.779,259.653,132.99
319.3645098832994,266.074,241.289,297.316,221.762,327.256,189.218,314.239,159.278,276.488,163.183,318.144,144.959,316.842,134.545,307.73,150.166,309.032,164.485,296.014,142.355,290.807,128.036,285.6,156.674,285.6,168.39,267.376,146.26,264.772,139.752,264.772,165.787,266.074,173.597,240.039,154.071,241.34,154.071,243.944,169.692,245.246,178.804
314.2677016000849,304.258,222.781,342.687,216.376,378.555,192.037,374.712,166.418,346.53,158.732,370.869,158.732,382.398,139.517,370.869,152.327,364.464,163.856,345.249,143.36,356.778,130.55,349.092,153.608,341.406,161.294,322.191,138.236,328.596,139.517,326.034,158.732,320.91,165.137,295.291,135.674,302.977,148.484,301.696,160.013,300.415,166.418
280.24064146550904,190.197,196.624,221.038,180.632,251.88,153.217,242.742,124.66,206.189,125.803,241.599,110.953,243.884,99.53,240.457,107.526,237.03,122.376,215.327,102.957,217.611,91.5341,211.9,117.807,206.189,129.229,189.054,106.384,190.197,100.672,189.054,124.66,187.912,133.798,165.067,109.811,165.067,108.668,165.067,126.945,168.493,134.941
290.0653998325205,373.355,198.516,402.913,180.781,432.471,146.494,424.195,116.935,398.184,111.024,425.377,115.753,430.107,94.4712,419.466,106.295,415.919,120.482,402.913,109.841,404.095,86.1949,398.184,107.477,394.637,119.3,380.449,106.295,376.902,94.4712,378.084,114.571,376.902,126.394,357.984,107.477,356.802,99.2005,356.802,115.753,356.802,127.576
279.82428919770354,254.663,265.45,280.897,244.919,305.99,212.983,291.162,186.749,262.647,186.749,293.443,174.203,292.303,161.656,284.318,176.484,287.74,187.89,271.772,168.5,269.491,159.375,263.788,185.609,262.647,194.733,246.679,171.922,244.398,168.5,245.538,191.312,245.538,199.296,223.867,179.906,223.867,177.625,225.008,194.733,226.148,202.717
301.7510322699825,222.464,191.36,253.213,171.68,285.192,142.161,274.122,112.642,243.373,111.412,272.892,101.572,275.352,86.8128,265.512,102.802,265.512,116.332,245.833,97.8825,251.983,81.8929,244.603,107.722,238.453,118.792,222.464,99.1124,223.693,89.2727,222.464,111.412,220.004,122.482,195.404,101.572,196.634,94.1926,199.094,113.872,202.784,123.712
302.57121899149627,282.109,230.396,317.875,215.596,352.407,190.93,346.241,160.097,309.242,156.397,343.774,147.764,347.474,135.431,340.074,145.298,337.608,161.331,317.875,140.365,326.508,126.798,317.875,153.931,312.942,163.797,294.442,141.598,296.909,134.198,296.909,155.164,294.442,165.031,267.309,142.831,272.243,142.831,274.709,158.864,273.476,167.497
282.60353150836596,265.395,205.944,294.193,188.665,322.991,159.867,313.775,132.221,283.826,127.613,319.535,121.854,318.383,106.879,305.712,123.006,308.016,133.373,295.345,113.79,294.193,101.119,287.281,124.157,283.826,133.373,273.458,113.79,267.699,106.879,266.547,129.917,266.547,136.829,248.116,116.094,246.964,114.942,246.964,128.765,246.964,139.132
294.49878609257456,264.182,217.163,292.992,202.758,324.202,167.947,313.399,139.137,284.589,137.937,312.198,140.337,315.799,116.329,304.996,128.333,306.196,143.939,285.789,131.935,292.992,109.127,285.789,134.335,282.188,146.339,265.382,128.333,265.382,117.53,264.182,137.937,262.982,148.74,242.575,129.534,243.775,122.331,242.575,139.137,243.775,151.141
278.7767070972752,249.957,201.374,278.365,183.193,305.636,150.24,295.409,122.968,269.274,120.695,296.546,115.014,297.682,101.378,288.592,113.877,289.728,128.65,270.41,111.605,277.228,95.6964,269.274,120.695,268.138,129.786,251.093,110.469,249.957,102.514,251.093,122.968,251.093,133.195,228.367,112.741,230.639,110.469,230.639,124.104,231.776,134.331
290.62992656813583,197.975,206.45,222.853,185.126,252.468,154.326,239.437,124.71,208.637,127.079,238.253,115.233,241.807,98.6481,237.068,115.233,237.068,124.71,211.006,109.31,216.929,91.5403,209.822,118.787,207.452,129.449,188.498,110.494,188.498,101.017,187.314,125.895,186.129,135.372,162.436,116.418,163.621,109.31,163.621,128.264,167.175,137.741
294.8753322236365,369.22,186.814,398.066,168.785,430.519,135.13,425.711,103.88,396.865,100.274,425.711,105.082,428.115,81.0433,418.499,93.0627,417.297,108.688,400.47,96.6685,405.278,73.8317,398.066,99.0724,396.865,109.89,380.037,94.2646,377.634,81.0433,377.634,101.476,378.836,113.496,358.403,94.2646,358.403,89.4569,357.201,103.88,358.403,117.101
316.9991221580905,312.271,227.766,349.743,221.306,385.922,198.048,384.63,173.497,356.203,164.453,379.461,167.037,392.383,145.071,378.169,157.992,373.001,170.913,354.911,150.239,366.54,136.026,360.08,157.992,351.035,165.745,331.653,143.779,338.114,143.779,335.53,163.161,330.361,169.621,305.811,141.195,312.271,152.824,310.979,163.161,309.687,169.621
316.71347684145053,257.133,236.17,289.407,216.806,317.808,184.532,302.317,156.131,268.752,156.131,308.772,140.64,304.899,127.73,294.571,144.513,297.153,161.295,284.243,135.476,280.371,123.857,273.916,152.258,272.625,163.877,257.133,141.931,251.97,135.476,253.261,161.295,253.261,167.75,230.023,150.967,230.023,147.095,231.314,165.168,233.896,174.205
283.06911863006184,195.684,214.805,224.53,197.498,252.221,169.806,241.837,140.961,208.376,142.115,241.837,127.115,244.145,114.423,240.683,124.807,239.529,138.653,215.299,119.038,221.068,107.5,214.145,134.038,207.222,144.422,189.915,122.5,192.223,115.577,191.069,140.961,188.761,150.191,166.839,125.961,167.993,125.961,167.993,143.268,169.146,151.345
280.60088018393674,266.185,193.775,294.779,178.906,323.372,148.025,315.366,119.431,289.06,116,316.51,110.281,317.654,98.8436,308.504,112.569,307.36,126.294,291.347,106.85,297.066,93.1248,289.06,116,286.772,126.294,270.76,105.706,270.76,97.6999,269.616,118.287,269.616,127.437,250.172,106.85,251.316,104.562,250.172,119.431,251.316,128.581
291.603695005739,263.77,185.674,292.297,169.033,325.578,138.13,318.446,108.414,291.108,104.849,313.692,110.792,320.823,85.831,310.126,98.9056,305.372,115.546,291.108,98.9056,295.863,78.6994,289.92,100.094,283.977,111.98,269.714,95.3398,272.091,81.0766,267.336,104.849,266.148,116.735,244.753,97.717,244.753,88.2082,244.753,106.037,245.941,116.735
303.96373416906164,220.891,233.17,250.627,213.347,281.601,181.133,267.972,151.398,238.237,153.876,267.972,139.008,267.972,125.379,261.777,142.725,263.016,153.876,239.476,136.53,243.193,121.662,238.237,147.681,235.759,158.831,215.935,139.008,217.174,131.574,218.413,155.115,217.174,165.026,189.917,143.964,191.155,140.247,196.111,158.831,198.589,167.504
278.480009381284,215.917,247.001,244.295,229.974,276.078,201.597,264.727,175.489,236.349,174.354,270.402,156.192,268.132,149.382,257.916,166.408,259.051,177.759,244.295,149.382,244.295,147.111,236.349,172.084,234.079,181.165,219.322,155.057,217.052,155.057,217.052,175.489,217.052,183.435,195.485,159.598,197.755,161.868,196.62,176.624,197.755,183.435
292.3324935924845,273.987,184.722,303.776,168.04,339.523,139.443,331.182,109.653,301.393,107.27,328.799,110.845,333.565,88.2048,322.841,98.929,321.65,114.419,303.776,98.929,312.117,78.6723,302.584,102.504,295.435,113.228,282.328,97.7374,284.711,83.4386,282.328,103.695,277.561,116.803,256.113,96.5459,259.688,88.2048,259.688,104.887,259.688,116.803
306.3683827845165,251.682,227.606,285.399,210.123,315.37,180.152,305.38,153.927,274.16,152.679,306.629,138.942,307.877,127.703,299.136,140.191,300.385,155.176,279.155,136.444,284.15,122.708,276.658,147.684,274.16,157.674,254.18,137.693,255.428,131.449,255.428,155.176,255.428,162.669,227.955,140.191,232.95,141.44,234.199,157.674,234.199,165.167
285.4267935040437,207.711,239.863,234.47,222.411,257.738,188.672,244.941,164.24,217.018,164.24,247.267,151.442,246.104,140.972,237.96,154.933,239.123,168.894,221.672,150.279,223.999,135.155,217.018,160.75,215.855,171.221,199.567,151.442,198.404,143.299,198.404,167.73,198.404,178.201,175.135,157.26,175.135,151.442,176.299,170.057,179.789,179.365
335.72821831952103,301.3,243.091,335.512,217.09,368.355,184.247,360.144,150.036,328.67,136.351,362.881,144.562,362.881,125.404,347.828,132.246,345.091,150.036,332.775,140.457,332.775,118.561,325.933,134.983,321.827,152.773,305.406,140.457,301.3,126.772,302.669,150.036,302.669,165.089,279.405,143.194,276.668,136.351,276.668,151.404,278.037,166.457
314.42734875961406,286.585,275.273,318.626,262.457,354.512,231.698,346.822,206.065,317.344,204.783,341.695,198.375,348.103,179.151,339.132,194.53,337.85,207.347,316.063,190.685,325.034,176.587,318.626,200.938,313.499,209.91,287.867,188.122,296.838,186.841,296.838,208.628,291.712,215.036,263.516,189.404,275.05,199.657,273.769,209.91,268.642,215.036
305.7654772043437,262.592,271.361,294.997,252.666,324.909,221.508,313.692,194.089,281.287,194.089,313.692,180.379,314.938,166.67,306.214,181.626,307.46,194.089,286.272,176.64,288.765,162.931,286.272,190.35,282.533,201.567,261.346,180.379,262.592,174.148,265.085,199.074,265.085,206.552,235.173,184.118,237.666,185.365,241.405,201.567,243.897,211.537
333.5685950700395,311.249,238.511,343.88,215.397,377.872,182.765,368.354,146.054,338.442,132.458,373.793,144.695,373.793,122.94,358.836,129.738,352.038,147.414,345.24,140.616,343.88,116.142,335.722,131.098,333.003,148.774,318.047,140.616,313.968,122.94,312.608,141.975,313.968,159.651,292.214,141.975,289.494,133.817,288.135,148.774,289.494,163.73
277.71583880830417,276.374,209.079,304.674,194.363,332.974,163.799,323.918,135.499,295.618,132.104,329.578,126.444,330.71,112.86,318.258,126.444,318.258,138.895,305.806,117.388,305.806,107.2,296.75,132.104,294.486,138.895,283.166,117.388,278.638,112.86,277.506,134.367,277.506,142.291,259.395,120.784,259.395,117.388,257.13,134.367,259.395,143.423
307.8112100184137,272.759,226.495,309.144,210.184,343.02,186.345,334.238,156.233,301.616,153.724,334.238,144.941,338.002,129.885,329.219,143.687,326.71,156.233,306.635,137.413,312.908,124.867,306.635,147.451,301.616,157.488,282.796,136.159,284.051,129.885,285.306,151.215,282.796,161.252,257.703,138.668,261.467,141.177,261.467,156.233,261.467,162.507
298.76596989951855,218.851,219.757,248.078,199.054,278.523,164.956,266.345,135.729,235.9,138.164,265.127,124.768,267.563,112.59,259.038,125.986,260.256,140.6,238.335,123.551,241.989,105.284,237.118,133.293,234.682,144.253,212.762,124.768,215.197,115.026,215.197,140.6,215.197,150.342,188.406,129.64,189.623,124.768,192.059,143.035,196.93,152.778
278.90491518436886,292.133,206.929,320.554,193.287,353.522,164.866,346.701,134.171,318.28,128.487,347.838,133.034,352.386,114.845,338.743,125.076,337.607,140.992,322.828,122.803,328.512,106.887,319.417,130.76,316.007,136.445,302.365,118.255,301.228,110.297,300.091,131.897,298.954,140.992,281.901,118.255,281.901,114.845,280.765,131.897,280.765,140.992
293.99297050439833,360.942,147.62,392.099,129.645,426.851,100.885,420.859,70.9267,398.091,61.3399,419.661,70.9267,425.652,44.5632,416.066,58.9433,408.876,72.125,396.892,61.3399,402.884,36.1748,396.892,58.9433,392.099,72.125,376.521,57.7449,376.521,42.1665,374.124,62.5383,372.926,75.72,352.554,57.7449,351.355,48.1582,351.355,63.7366,353.752,76.9184
277.34483655730827,220.572,262.21,248.834,244.123,277.096,213.6,266.922,189.86,239.79,189.86,269.183,170.642,270.313,164.989,262.4,179.685,263.53,192.121,245.443,167.25,247.704,159.337,239.79,185.338,236.399,195.512,220.572,168.381,220.572,167.25,221.702,189.86,219.442,197.773,195.701,176.294,200.223,177.424,201.354,193.251,202.484,200.034
291.8047486745204,366.955,173.517,396.69,155.676,429.994,125.94,422.858,95.0152,397.88,87.8786,422.858,93.8257,428.805,70.0373,418.1,81.9315,412.153,97.394,400.259,86.6892,402.637,61.7113,397.88,84.3104,393.122,97.394,378.849,80.7421,377.66,68.8479,376.47,89.068,375.281,102.152,355.06,83.1209,353.871,75.9844,353.871,91.4469,356.25,103.341
285.91913826989617,199.832,230.806,227.802,213.325,255.772,183.024,245.284,155.053,210.321,158.55,246.449,138.737,245.284,130.579,239.456,141.068,239.456,153.888,218.479,132.91,220.81,123.587,214.982,149.226,210.321,159.715,191.674,136.407,192.839,132.91,192.839,156.219,192.839,164.377,168.365,142.234,169.531,142.234,170.696,159.715,171.861,167.873
296.89911657834216,269.734,231.217,298.778,213.064,333.874,179.179,321.772,148.924,295.148,145.293,318.141,151.344,325.403,125.93,314.511,141.663,308.46,154.975,293.938,141.663,298.778,117.459,293.938,142.873,289.097,154.975,273.364,138.032,274.575,125.93,272.154,146.504,270.944,158.605,247.951,139.242,249.161,131.981,249.161,147.714,250.371,159.816
295.4178075370542,205.649,253.133,235.753,233.867,263.448,198.947,248.998,172.455,220.099,176.068,246.59,158.006,246.59,145.964,244.182,164.026,244.182,173.66,217.69,156.801,223.711,143.556,220.099,168.843,216.486,180.884,194.811,158.006,196.016,155.597,198.424,176.068,197.22,188.109,168.32,166.435,173.137,166.435,175.545,184.497,176.749,191.722
291.9610018135984,259.065,171.59,288.817,156.119,324.518,123.988,314.998,94.2363,286.437,90.6661,310.238,96.6164,317.378,72.8152,307.858,85.9059,303.097,101.377,287.627,83.5257,295.957,63.2948,286.437,88.286,280.486,98.9965,266.206,81.1456,268.586,66.8649,265.016,91.8561,262.635,102.567,241.214,82.3357,242.404,72.8152,241.214,91.8561,242.404,102.567
289.94772916510317,300.653,197.081,331.381,185.262,368.019,158.08,364.473,127.352,334.927,121.442,358.564,128.534,368.019,102.533,358.564,114.351,351.473,128.534,334.927,115.533,346.746,93.0779,337.291,113.169,329.018,128.534,314.836,110.806,319.563,95.4416,313.654,117.897,311.29,129.715,291.198,108.442,292.38,100.169,291.198,116.715,291.198,129.715
281.1547786415874,261.406,244.044,287.764,224.562,311.83,190.182,299.224,163.824,272.866,163.824,303.808,154.656,301.516,143.196,294.64,159.24,292.348,170.7,279.742,151.218,279.742,139.758,274.012,161.532,271.72,171.846,255.676,152.364,253.384,146.634,254.53,169.554,254.53,177.576,233.902,159.24,233.902,153.51,233.902,170.7,235.048,179.868
289.11550315055746,190.831,160.758,219.114,139.546,248.575,107.727,236.791,79.4445,203.794,79.4445,236.791,68.8383,239.147,52.3399,230.898,66.4814,229.72,80.6229,209.686,62.946,215.578,47.6261,208.508,71.1953,201.437,85.3368,186.117,62.946,184.938,54.6968,183.76,78.266,182.581,88.8721,161.369,67.6599,161.369,61.7676,161.369,80.6229,162.548,90.0506
285.4986393417664,240.362,197.103,268.292,183.138,300.876,155.209,291.566,124.952,262.473,120.297,292.73,119.134,298.548,101.678,284.584,114.479,284.584,129.607,268.292,112.151,274.11,93.5318,263.637,119.134,258.982,128.443,246.181,109.824,246.181,100.514,243.853,120.297,241.526,130.771,222.907,109.824,225.234,102.842,224.07,120.297,225.234,130.771
282.87514716567097,206.923,217.625,238.055,201.483,269.186,172.657,259.962,147.291,231.136,143.832,263.421,127.69,264.574,119.618,254.197,136.914,254.197,147.291,239.208,120.771,240.361,115.006,232.289,139.22,228.83,148.444,213.841,123.077,213.841,121.924,213.841,142.679,211.535,149.597,189.628,128.843,194.24,129.996,193.087,144.985,193.087,151.903
301.153534910351,211.743,182.892,242.432,168.162,275.575,135.018,262.072,108.013,230.156,108.013,260.845,94.51,263.3,83.4622,258.389,100.648,257.162,110.468,233.839,90.8274,241.204,74.8696,233.839,101.875,230.156,112.923,210.516,90.8274,211.743,83.4622,211.743,108.013,210.516,116.606,183.51,93.2825,189.648,93.2825,189.648,109.24,190.875,117.833
302.55625697215385,251.718,215.808,283.782,198.542,319.546,167.711,309.68,138.113,281.316,129.48,309.68,130.714,314.613,109.748,303.514,127.014,301.047,140.579,283.782,125.781,289.948,106.049,281.316,133.18,278.849,139.346,260.35,123.314,261.584,117.148,261.584,138.113,260.35,146.746,234.452,125.781,240.618,128.247,240.618,143.046,239.385,149.212
326.73012230279596,310.358,222.768,339.657,201.459,370.288,168.165,362.298,132.207,330.335,120.221,368.956,129.543,366.293,105.571,351.643,116.225,347.648,132.207,339.657,122.884,335.662,100.244,329.003,120.221,326.339,134.87,311.69,120.221,306.363,106.903,306.363,129.543,306.363,142.861,286.386,128.211,281.059,120.221,279.727,134.87,282.391,149.52
283.11242110511506,201.415,305.504,229.111,288.195,256.807,258.191,245.267,231.649,212.955,233.957,245.267,215.493,246.421,203.953,241.805,216.647,241.805,230.495,219.879,209.723,222.187,201.645,217.571,228.187,211.801,237.419,194.491,213.185,195.645,212.031,196.799,231.649,194.491,240.881,170.257,221.263,172.565,222.417,174.873,238.573,174.873,243.189
284.7937571875479,252.434,259.847,281.455,247.078,311.637,220.378,306.994,192.518,273.329,191.357,309.316,171.623,309.316,166.98,300.029,180.91,298.868,194.84,284.938,166.98,288.42,162.336,277.973,185.553,273.329,196.001,259.399,168.14,260.56,168.14,258.239,190.196,258.239,198.322,235.022,175.105,235.022,176.266,236.182,190.196,239.665,197.162
292.6520231435279,326.568,176.967,356.39,157.881,388.598,126.866,379.055,97.0444,349.233,91.08,382.633,92.2729,383.826,70.8011,374.283,87.5014,369.512,99.4301,356.39,87.5014,358.776,67.2225,352.812,87.5014,349.233,99.4301,336.111,86.3085,334.918,71.994,333.726,95.8515,333.726,106.587,311.061,88.6942,308.675,81.537,311.061,98.2372,314.64,108.973
290.8023511063829,318.395,202.717,352.769,187.308,389.515,161.23,382.403,130.412,353.955,123.3,380.032,126.856,389.515,105.52,377.661,120.929,375.291,135.153,355.14,117.373,363.437,99.5928,358.696,120.929,351.584,130.412,333.804,111.446,336.175,101.964,334.989,124.485,332.619,133.968,310.097,111.446,313.653,110.261,313.653,126.856,313.653,136.338
313.89309382176606,256.692,220.39,291.237,202.477,323.223,171.77,312.988,137.225,274.604,132.107,320.664,134.666,323.223,110.357,312.988,120.592,310.429,135.946,293.796,126.99,293.796,101.4,284.84,129.548,282.281,141.064,266.927,121.872,263.089,110.357,261.81,137.225,263.089,144.902,241.338,128.269,241.338,121.872,241.338,141.064,242.618,151.299
292.27192758285906,331.079,189.91,359.671,170.848,391.837,141.065,379.924,110.091,350.14,105.325,385.88,106.517,385.88,85.0728,373.967,100.56,372.776,112.473,359.671,101.751,359.671,79.1162,353.714,102.943,351.332,113.665,339.418,99.3688,335.844,86.2641,335.844,110.091,335.844,119.621,314.401,104.134,312.018,95.7948,313.209,113.665,315.592,124.387
292.01078708328566,280.893,223.861,311.839,206.007,347.547,170.299,336.835,140.543,304.698,139.353,332.074,136.972,338.025,114.357,329.693,129.831,328.503,144.114,309.459,132.211,311.839,111.977,309.459,135.782,302.317,147.684,285.654,131.021,285.654,121.499,286.844,141.733,285.654,152.445,261.848,132.211,263.039,128.64,263.039,144.114,264.229,154.826
287.6138000757266,279.001,207.865,310.655,190.28,343.48,158.627,332.929,129.318,303.621,125.801,330.584,123.456,335.274,102.354,328.24,117.595,327.067,130.49,305.965,118.767,312.999,97.6649,305.965,122.284,302.448,134.007,284.863,117.595,286.036,105.871,284.863,129.318,283.691,139.869,259.072,119.939,259.072,112.905,261.416,131.663,263.761,141.042
290.94194604594225,240.318,192.112,272.338,179.068,304.357,150.606,297.242,117.401,262.851,117.401,291.312,107.913,298.428,94.8683,291.312,107.913,290.126,122.144,265.222,100.798,273.524,86.567,265.222,112.657,261.665,123.33,242.69,100.798,245.062,94.8683,243.876,115.029,242.69,125.702,216.6,101.984,220.158,99.612,222.53,116.215,222.53,125.702
287.9459045758422,199.735,174.211,230.251,156.605,259.593,128.437,247.856,100.268,217.34,99.0945,249.03,81.4892,249.03,72.0996,240.814,89.705,240.814,102.616,220.861,77.9681,223.209,66.2312,219.688,92.0524,213.819,102.616,195.04,81.4892,195.04,75.6207,197.387,100.268,195.04,108.484,170.392,85.0102,172.74,82.6628,173.914,100.268,175.087,109.658
284.3606851025648,213.754,186.886,241.572,172.977,270.549,140.523,261.276,113.864,233.458,109.228,261.276,103.432,263.594,90.6823,253.163,103.432,252.004,118.5,234.617,101.114,241.572,82.5687,233.458,108.068,227.663,118.5,213.754,99.9549,214.913,90.6823,213.754,110.387,211.436,120.818,189.413,101.114,190.572,93.0004,191.732,110.387,195.209,121.977
282.5051060087233,199.094,184.86,227.882,171.042,257.821,143.405,249.761,114.618,215.215,114.618,249.761,100.799,253.215,89.2842,246.306,99.6478,245.155,113.466,220.973,95.0417,227.882,80.072,219.821,106.557,216.367,116.921,197.942,95.0417,200.245,88.1327,199.094,111.163,197.942,119.224,172.609,98.4963,173.761,96.1933,176.064,113.466,177.215,121.527
289.6731055862798,226.726,158.935,256.245,140.044,290.486,109.345,282.221,81.007,247.979,78.6455,279.859,73.9226,288.124,56.2116,282.221,63.296,282.221,69.1997,253.883,64.4767,263.329,47.9465,253.883,70.3804,246.799,82.1878,231.449,62.1153,233.811,51.4887,229.088,75.1033,226.726,85.7299,206.654,62.1153,206.654,59.7538,206.654,77.4648,207.835,88.0914
321.0685830535276,282.03,233.307,316.057,217.602,351.392,186.193,343.54,152.167,306.896,144.315,348.774,150.858,352.701,123.376,342.231,135.154,339.613,150.858,322.6,143.006,329.144,112.906,314.748,141.697,309.513,153.476,297.735,135.154,296.426,122.067,293.809,145.624,293.809,157.402,268.943,139.08,268.943,133.845,270.252,153.476,272.869,163.945
291.36909038708956,291.508,188.486,322.387,175.422,358.017,146.918,353.266,112.476,322.387,108.914,348.515,114.852,356.829,89.9112,346.14,100.6,342.577,117.227,327.138,102.975,330.701,81.5977,325.95,105.351,318.824,118.415,303.385,99.4124,303.385,89.9112,302.197,110.101,299.822,120.79,279.632,99.4124,280.82,93.4741,279.632,111.289,280.82,121.978
286.4045794413909,182.956,229.234,210.974,214.058,240.159,184.872,235.49,154.52,196.965,158.022,233.155,140.511,236.657,132.339,233.155,138.176,228.485,153.352,208.639,132.339,209.807,124.167,203.97,151.018,200.467,159.189,181.789,132.339,182.956,133.506,182.956,154.52,181.789,161.524,156.106,140.511,163.11,145.18,161.943,158.022,163.11,162.692
285.9464600585222,275.721,271.547,304.86,258.726,339.826,234.249,332.833,207.442,300.198,203.945,339.826,186.462,337.495,181.8,324.674,196.952,325.84,206.276,314.184,178.303,313.019,178.303,303.694,200.449,299.032,208.607,288.542,179.469,286.211,181.8,285.046,205.111,285.046,208.607,265.231,185.297,266.397,192.29,265.231,203.945,266.397,209.773
287.3368706066104,267.792,269.098,297.072,255.044,331.037,230.448,324.01,203.511,293.558,199.997,331.037,180.086,329.866,176.573,316.983,191.798,316.983,203.511,305.27,173.059,304.099,173.059,295.901,195.312,292.387,204.682,278.333,175.401,277.161,177.744,277.161,201.168,275.99,205.853,256.08,182.429,257.251,189.456,257.251,201.168,257.251,205.853
286.33260448122206,192.673,231.358,223.018,216.186,252.196,189.342,244.026,160.164,206.679,162.498,244.026,146.158,247.528,136.821,242.859,143.824,239.358,156.662,217.183,137.989,224.185,128.652,216.016,154.328,212.514,163.665,192.673,137.989,196.175,136.821,195.007,156.662,192.673,164.832,168.164,143.824,170.498,144.991,172.832,158.997,173.999,165.999
289.11486437054737,302.06,194.238,333.879,178.918,370.411,150.635,362.162,119.995,332.7,114.103,357.448,119.995,366.876,95.2475,356.269,107.032,355.091,122.352,335.057,109.389,343.306,85.8198,336.236,111.746,331.522,122.352,313.845,104.675,315.023,94.069,313.845,114.103,312.667,124.709,287.919,103.497,292.633,97.6044,292.633,116.46,292.633,127.066
319.2633824446518,257.022,285.198,288.254,264.376,318.185,226.637,301.268,195.405,266.132,194.104,309.076,188.898,309.076,169.378,305.172,173.282,307.775,174.583,281.748,183.693,277.844,161.57,272.638,190.199,270.036,203.213,255.721,183.693,250.515,174.583,253.118,200.61,255.721,208.418,228.392,192.802,227.091,191.501,230.995,208.418,234.899,217.528
315.136959027341,273.91,226.553,306.023,214.992,343.274,184.164,334.282,145.628,297.031,140.49,339.421,145.628,344.559,121.222,334.282,131.498,330.429,144.344,316.299,135.352,316.299,110.946,306.023,136.636,303.454,148.197,289.324,128.929,284.186,119.938,284.186,143.059,284.186,153.335,262.349,134.067,262.349,131.498,262.349,148.197,263.634,158.473
290.4593069054596,255.891,323.895,283.122,306.136,310.352,276.538,299.697,251.675,271.283,252.859,304.433,230.364,302.065,227.996,292.593,241.02,294.961,255.227,280.754,227.996,279.57,223.261,272.466,248.123,271.283,257.595,253.523,230.364,252.34,233.916,253.523,256.411,253.523,263.514,229.845,239.836,233.397,246.939,233.397,258.779,234.58,264.698
285.28323400613647,222.346,190.438,249.091,174.158,280.488,145.087,272.348,117.179,239.789,114.853,273.511,107.876,275.837,92.7588,265.371,107.876,264.208,120.667,249.091,100.899,250.254,88.1075,244.44,110.201,238.626,120.667,226.997,100.899,223.509,92.7588,222.346,114.853,221.183,125.318,201.415,104.387,202.578,97.4102,201.415,113.69,202.578,125.318
291.14582016748926,207.263,177.464,238.118,159.663,271.346,129.994,258.292,103.886,227.437,103.886,261.852,83.7116,260.666,78.9647,251.172,94.3922,249.985,108.633,234.557,81.3382,235.744,71.8443,228.624,99.1392,225.064,109.82,207.263,82.5249,207.263,80.1514,208.449,103.886,207.263,112.193,181.154,89.6453,185.901,88.4586,185.901,105.073,187.088,113.38
300.09711009604877,233.021,188.702,263.602,175.247,294.182,145.89,284.396,116.532,252.593,114.086,281.95,109.193,288.066,90.8446,283.173,106.746,280.727,117.755,255.039,99.4071,263.602,82.282,256.262,109.193,252.593,118.979,233.021,98.1839,235.467,90.8446,235.467,111.639,233.021,121.425,206.11,99.4071,211.003,99.4071,213.449,112.863,213.449,122.648
288.9656489619485,275.089,192.188,306.891,176.876,341.048,143.896,330.448,115.628,303.357,110.917,329.27,109.739,333.981,88.5374,325.736,105.027,324.559,117.984,303.357,105.027,311.602,85.0039,304.535,108.561,299.824,119.162,283.334,103.849,283.334,93.2488,283.334,114.45,282.156,125.051,257.421,103.849,258.599,97.9602,260.955,115.628,262.132,126.229
297.7137133640303,336.155,218.565,365.279,199.149,394.403,162.743,383.482,133.619,355.571,131.192,388.336,129.979,385.909,109.349,376.2,123.911,376.2,138.473,364.065,125.125,364.065,104.495,356.784,129.979,354.357,142.114,341.009,123.911,336.155,114.203,337.368,134.833,337.368,146.968,316.739,131.192,315.525,123.911,315.525,140.9,316.739,151.822
286.4722399971767,237.491,161.262,266.684,142.579,299.379,114.554,293.54,85.3623,258.51,81.8592,290.037,79.5238,297.043,60.8409,291.205,70.1823,286.534,83.0269,263.18,71.35,274.857,50.3317,265.516,72.5177,257.342,86.5299,240.994,67.847,244.497,57.3378,239.827,77.1884,238.659,87.6976,217.641,67.847,218.808,59.6732,217.641,78.3561,218.808,88.8653
286.8217102539485,186.709,181.339,217.106,166.141,248.672,138.082,239.319,110.023,204.246,111.192,239.319,93.6556,240.488,85.4718,233.473,94.8247,232.304,108.854,212.429,86.6409,215.937,77.288,208.922,103.008,203.076,113.53,185.54,86.6409,186.709,85.4718,186.709,106.516,185.54,117.038,162.158,94.8247,163.327,94.8247,163.327,111.192,165.665,117.038
296.27686399379894,333.849,203.498,362.833,185.383,393.024,152.776,382.156,122.585,353.172,117.754,386.986,118.962,386.986,97.224,376.117,112.923,374.91,123.792,361.625,114.131,362.833,93.601,355.587,115.339,353.172,126.208,339.888,112.923,333.849,102.055,336.265,123.792,337.472,133.454,315.735,115.339,314.527,112.923,314.527,126.208,316.942,137.077
314.3543474122793,266.413,223.352,298.446,209.257,331.761,178.505,321.51,141.347,286.914,134.94,329.198,140.065,333.042,114.439,318.948,129.815,324.073,137.503,304.853,132.377,307.416,105.469,292.04,132.377,289.477,142.628,277.945,128.533,275.382,113.157,272.819,140.065,274.101,150.316,251.037,131.096,248.474,125.971,249.755,145.191,254.881,155.441
292.8294865787939,308.221,198.182,344.029,182.666,379.837,155.213,373.869,125.373,344.029,118.211,370.288,121.792,377.449,100.307,366.707,114.631,365.513,127.76,346.416,113.437,354.771,94.3394,346.416,115.824,340.448,125.373,324.931,108.663,327.318,97.9202,324.931,119.405,322.544,130.147,298.672,106.275,303.446,105.082,304.64,121.792,303.446,131.341
293.16908656268663,337.872,181.891,367.747,165.161,398.816,132.897,389.257,104.217,360.577,97.0473,394.036,99.4373,395.231,77.9276,385.672,93.4624,380.892,105.412,368.942,94.6573,372.527,74.3427,364.162,93.4624,360.577,105.412,347.432,93.4624,346.237,79.1226,345.042,101.827,345.042,112.582,323.533,94.6573,321.143,87.4875,323.533,104.217,325.923,114.972
283.85108332539437,258.768,264.995,287.693,249.954,322.403,225.657,314.304,199.046,283.065,195.575,321.246,174.749,320.089,172.435,306.205,185.162,308.519,199.046,295.792,167.807,294.635,168.964,285.379,192.104,283.065,201.36,269.181,171.278,268.024,173.592,266.867,196.732,266.867,202.517,244.884,177.063,248.355,185.162,247.198,197.889,248.355,202.517
285.1899219204634,284.136,237.203,316.684,216.278,346.908,186.054,336.446,152.343,307.385,152.343,331.796,153.505,337.609,130.256,329.472,141.881,330.634,156.993,308.547,147.693,315.522,123.282,309.71,148.856,307.385,160.48,286.461,146.531,288.785,131.419,288.785,155.83,288.785,167.455,262.049,148.856,263.211,140.718,265.536,159.318,266.699,169.78
294.36769646311393,220.637,187.293,255.433,169.295,285.43,140.498,275.831,111.701,242.234,111.701,274.631,97.3026,275.831,85.3039,268.631,99.7023,267.432,111.701,248.234,91.3032,251.833,80.5044,247.034,103.302,239.835,115.301,220.637,92.5031,223.036,87.7036,224.236,110.501,220.637,120.1,196.639,94.9028,199.039,94.9028,199.039,111.701,200.239,121.3
283.20225337556906,218.231,220.356,248.244,204.195,278.257,175.336,271.331,151.094,241.318,147.631,275.949,131.47,275.949,126.853,264.405,139.551,263.251,153.403,249.399,126.853,251.707,119.927,241.318,145.323,239.009,154.558,226.311,126.853,222.848,126.853,221.694,147.631,220.54,155.712,202.07,131.47,202.07,134.933,202.07,148.786,202.07,155.712
281.26494755123684,230.557,194.157,258.072,178.107,291.319,148.299,283.294,120.784,253.486,117.345,283.294,112.759,286.734,96.7082,275.269,111.612,274.122,125.37,256.926,107.026,263.804,90.9759,255.779,113.905,248.9,124.223,236.289,104.733,237.436,95.5618,233.996,117.345,231.703,128.809,212.214,104.733,212.214,100.148,212.214,116.198,213.36,128.809
286.1140354788629,206.922,153.136,234.912,134.476,268.732,102.988,260.569,73.8328,225.582,73.8328,260.569,61.0043,262.901,45.8434,254.737,62.1705,253.571,76.1652,233.745,52.8408,237.244,40.0123,230.247,65.6692,224.416,78.4977,208.089,52.8408,206.922,49.3421,206.922,70.3341,205.756,79.6639,183.598,57.5056,183.598,51.6745,183.598,71.5003,185.93,80.8301
303.6305277570093,242.487,209.669,273.427,192.343,310.556,161.402,300.655,130.462,270.952,125.511,299.417,123.036,303.13,104.471,291.992,119.323,291.992,132.937,273.427,119.323,279.615,99.5209,270.952,127.986,266.002,135.412,249.912,119.323,251.15,110.66,249.912,131.699,249.912,141.6,222.685,120.561,230.11,121.798,230.11,137.887,228.873,145.313
325.4108439019818,302.577,228.908,334.411,203.706,362.266,171.873,350.328,136.06,322.473,122.796,358.286,132.081,356.96,110.858,343.696,118.817,335.738,134.733,330.432,129.428,326.453,105.553,318.494,122.796,317.168,136.06,302.577,128.101,297.272,113.511,297.272,134.733,299.925,147.998,277.376,133.407,270.744,125.449,272.07,140.039,276.049,155.956
281.71618649271824,218.371,241.893,249.375,225.817,279.231,200.554,275.786,170.698,237.892,170.698,271.193,159.215,276.934,148.881,271.193,156.919,268.896,169.55,248.227,146.584,251.671,139.694,243.633,166.105,239.04,172.995,222.964,147.732,224.112,147.732,222.964,169.55,221.816,175.292,197.701,152.326,203.443,156.919,202.294,169.55,203.443,175.292
295.41814461031333,355.818,193.804,385.922,179.354,419.638,149.25,411.209,116.738,382.309,111.922,416.025,116.738,418.434,93.8594,406.392,105.901,402.78,121.555,390.738,108.309,394.351,85.4303,385.922,108.309,381.105,120.351,370.268,103.493,367.859,92.6552,365.451,113.126,365.451,123.963,343.776,105.901,342.572,102.288,343.776,115.534,346.185,127.576
320.14890606091404,248.523,215.341,281.147,197.072,312.466,165.753,302.027,131.824,265.488,126.604,309.856,127.909,311.161,103.115,302.027,116.165,300.722,130.519,283.757,122.689,283.757,95.2854,272.013,122.689,270.708,134.434,257.658,118.775,252.438,105.725,251.133,131.824,252.438,140.959,230.254,123.994,228.949,117.47,228.949,135.739,232.864,146.179
330.00159888855086,306.514,234.203,340.142,211.336,368.389,175.018,357.628,140.045,329.381,126.594,364.354,137.355,364.354,115.833,350.902,122.559,344.177,138.7,334.761,136.01,333.416,109.108,326.69,125.249,325.345,142.736,307.859,134.665,305.169,118.524,305.169,138.7,306.514,157.532,283.647,141.39,278.266,130.63,280.957,145.426,283.647,160.222
298.0830607901093,260.116,220.225,292.921,203.215,328.157,174.054,319.652,143.679,290.491,136.389,322.082,136.389,326.942,115.734,312.362,132.744,309.932,144.894,295.351,130.314,298.996,110.874,291.706,137.604,288.061,146.109,269.836,126.669,271.051,121.809,269.836,143.679,268.621,152.184,245.536,129.099,249.181,130.314,249.181,146.109,249.181,154.614
278.4455022082418,235.588,198.234,267.367,184.614,298.011,161.915,293.471,130.136,257.152,127.866,290.066,119.921,295.741,104.031,287.796,116.516,285.526,130.136,262.827,109.706,274.176,97.2217,265.097,121.056,258.287,131.271,240.128,108.571,242.397,101.762,241.262,125.596,240.128,132.406,215.158,109.706,217.428,109.706,218.563,125.596,218.563,134.676
292.6354089067145,187.796,145.278,216.423,126.193,245.051,92.7941,235.508,64.1667,200.917,62.9739,234.315,53.4314,237.894,36.7321,229.544,51.0458,228.351,65.3595,206.881,49.853,214.038,30.7681,206.881,57.0099,199.724,70.1307,184.217,48.6602,184.217,39.1178,183.025,60.5883,180.639,71.3236,159.168,51.0458,159.168,43.889,159.168,62.9739,160.361,72.5164
314.442588826641,247.756,242.34,279.798,223.115,310.559,185.946,295.179,153.904,259.291,152.622,302.869,146.214,302.869,124.425,291.334,142.368,295.179,153.904,275.953,143.65,275.953,120.58,268.263,150.059,265.7,161.594,250.32,142.368,246.474,132.115,247.756,156.467,249.038,165.439,222.122,150.059,220.841,143.65,224.686,164.157,228.531,174.411
283.81846579283734,198.637,289.613,226.402,272.26,254.167,243.338,243.755,216.73,209.049,220.201,242.598,202.848,246.069,190.122,242.598,200.534,240.285,214.417,217.147,194.75,221.775,186.652,215.99,213.26,212.52,222.515,191.696,197.064,195.167,195.907,196.324,216.73,194.01,224.829,168.559,205.162,170.873,206.319,175.5,223.672,175.5,227.142
282.6959425548941,234.827,228.383,264.786,212.251,298.203,185.748,291.289,159.245,261.329,156.941,295.898,141.961,297.051,137.352,284.375,148.875,283.223,162.702,270.548,135.047,271.7,130.438,262.482,154.636,256.72,162.702,246.35,135.047,244.045,136.2,242.893,156.941,241.74,163.855,222.151,139.656,224.456,141.961,223.304,156.941,224.456,163.855
284.43079211119186,244.224,280.001,272.048,264.93,302.192,237.105,292.917,210.439,261.614,210.439,296.395,189.571,292.917,184.933,282.483,200.005,284.801,211.599,270.889,182.615,269.73,184.933,261.614,208.121,260.455,217.396,246.542,189.571,243.064,191.89,244.224,215.077,244.224,222.033,222.196,196.527,223.355,204.643,223.355,216.236,225.674,220.874
294.0134383085236,202.207,181.425,233.366,163.449,265.723,132.29,252.54,102.329,220.183,104.726,250.144,89.1463,252.54,77.1621,247.747,93.94,247.747,104.726,222.58,85.5511,228.572,69.9716,222.58,97.5353,218.985,107.123,199.81,85.5511,201.008,79.559,201.008,104.726,199.81,113.115,172.246,87.9479,175.841,87.9479,179.437,105.924,180.635,114.313
288.4699594775858,238.221,188.225,269.968,172.94,300.54,145.895,289.957,117.675,260.562,112.972,292.309,101.214,295.837,90.6314,286.43,108.269,284.078,118.851,262.913,97.6864,269.968,82.4006,262.913,109.445,259.386,118.851,240.573,96.5105,241.748,90.6314,241.748,114.148,240.573,122.379,213.528,98.8622,217.056,98.8622,220.583,115.324,220.583,124.73
282.7141928273146,250.181,293.817,277.838,279.988,306.647,250.027,296.276,224.675,265.162,225.827,298.58,202.78,297.428,199.322,289.362,213.151,289.362,225.827,274.381,199.322,274.381,195.865,267.467,220.065,262.857,230.436,249.029,201.627,249.029,202.78,247.876,226.979,247.876,233.894,224.829,209.694,224.829,214.303,225.981,228.132,230.591,235.046
324.4881207224696,251.294,254.9,284.36,236.383,313.458,200.672,296.263,168.928,261.875,166.283,305.522,159.67,305.522,138.507,296.263,155.702,297.586,167.606,277.746,157.024,276.424,135.862,269.811,162.315,267.165,175.541,252.616,157.024,247.326,147.766,249.971,171.574,252.616,180.832,223.518,166.283,222.196,158.347,227.486,179.509,231.454,190.091
292.9913257453196,367.378,198.846,397.235,183.321,428.285,155.853,423.508,122.414,393.652,115.248,425.897,122.414,428.285,100.917,417.537,111.666,415.148,127.191,403.206,114.054,406.789,92.5574,397.235,112.86,393.652,125.997,381.709,110.471,379.321,97.3344,376.932,120.025,376.932,130.774,359.018,111.666,357.824,104.5,356.63,121.22,359.018,131.968
291.02171549216047,280.972,184.224,311.814,168.803,348.587,140.333,342.656,105.932,311.814,102.374,337.911,108.305,346.214,83.394,336.725,95.2563,331.98,110.677,314.186,97.6288,320.117,75.0904,315.372,100.001,308.255,111.864,291.648,92.8838,291.648,83.394,291.648,103.56,290.462,115.422,269.109,94.0701,270.296,90.5114,269.109,107.119,270.296,117.795
281.7010705073732,210.897,238.153,240.751,225.522,269.457,197.965,263.715,168.11,225.824,168.11,263.715,150.887,263.715,143.997,259.123,153.183,256.826,166.962,239.602,142.849,240.751,135.96,232.713,162.369,229.268,170.407,213.193,142.849,214.341,143.997,213.193,164.666,210.897,171.555,187.932,149.738,192.525,153.183,191.376,166.962,193.673,172.703
284.2805579001139,208.328,190.434,238.456,175.37,267.424,147.56,259.313,119.75,226.868,118.591,258.154,108.162,263.948,93.0987,256.996,105.845,255.837,117.433,231.503,97.7337,239.614,84.9874,230.344,111.639,225.709,120.909,209.487,98.8924,210.645,91.9399,208.328,115.115,206.01,124.385,182.835,102.369,183.994,100.051,185.153,117.433,186.312,125.544
304.7365796766118,286.174,233.503,319.712,219.839,356.976,190.028,352.008,158.975,322.196,150.28,349.523,158.975,355.734,131.648,344.555,142.827,338.344,160.217,325.923,145.311,334.618,122.953,323.438,149.038,315.986,158.975,299.838,141.585,304.806,131.648,301.08,152.764,298.596,163.943,276.237,140.343,279.964,141.585,281.206,158.975,278.722,165.185
286.9632980887974,227.556,186.657,257.968,170.281,291.889,142.208,281.362,114.136,247.441,112.966,282.531,96.5907,282.531,87.2332,275.513,103.609,274.344,115.306,254.459,90.7422,257.968,79.0454,253.289,105.948,246.271,116.475,228.726,90.7422,229.895,87.2332,229.895,110.627,228.726,118.815,202.993,96.5907,206.502,94.2513,207.671,110.627,207.671,118.815
282.8080507093106,203.775,182.656,231.441,165.365,260.26,135.393,249.885,108.88,221.066,106.574,251.038,98.5051,252.19,82.3667,242.968,98.5051,244.121,111.185,224.524,93.8941,230.288,78.9084,222.219,104.269,217.608,113.491,203.775,95.0469,203.775,86.9777,202.622,107.727,200.317,118.102,178.414,98.5051,179.567,90.4359,180.72,107.727,184.178,118.102
279.047441328531,216.761,192.887,245.197,179.238,279.32,153.077,270.22,123.504,236.098,122.366,270.22,108.717,274.77,98.4805,269.083,107.58,264.533,122.366,244.06,99.6179,250.884,89.3811,242.922,115.542,234.96,125.779,219.036,99.6179,222.448,95.0682,220.174,117.817,217.899,126.916,196.288,104.168,197.425,101.893,196.288,118.954,197.425,126.916
281.8257606181522,252.992,236.593,281.71,220.511,317.321,196.387,310.429,169.966,281.71,164.222,315.024,151.586,317.321,144.694,305.834,159.627,303.536,171.115,289.752,143.545,292.049,136.652,281.71,161.925,278.264,171.115,264.479,143.545,264.479,142.396,263.33,163.073,262.182,171.115,242.653,144.694,243.802,146.991,242.653,161.925,243.802,171.115
287.3068846129518,192.659,179.57,220.765,162.004,248.871,132.726,238.332,104.62,209.054,104.62,239.503,94.0804,240.674,78.8562,231.305,96.4226,232.476,106.962,212.568,89.396,218.423,75.3429,210.225,98.7647,206.712,108.133,191.488,89.396,191.488,81.1984,190.317,104.62,190.317,112.818,166.895,91.7382,168.066,88.2249,169.237,105.791,171.579,115.16
289.6091344208604,217.107,182.332,248.979,164.625,280.852,136.294,270.228,109.143,238.355,107.963,271.408,90.2554,271.408,81.9921,263.145,98.5187,261.965,112.684,244.257,87.8945,247.799,77.2702,241.897,102.06,235.994,112.684,218.287,89.0749,219.468,83.1726,219.468,107.963,217.107,116.226,193.497,91.4359,195.858,90.2554,195.858,107.963,197.039,117.406
284.6464387411162,191.58,259.569,219.426,242.166,247.271,213.16,237.989,187.634,203.182,189.955,236.829,176.032,243.791,164.43,241.47,165.59,241.47,166.75,211.304,166.75,217.105,156.308,211.304,181.833,207.823,191.115,186.939,167.91,190.42,165.59,190.42,185.314,189.259,194.596,162.574,174.872,166.054,174.872,169.535,191.115,170.695,195.756
283.4968739051632,202.384,236.41,231.273,220.232,260.162,192.498,256.695,163.609,217.406,163.609,252.073,150.898,256.695,140.498,249.762,150.898,248.606,162.454,230.117,138.187,231.273,133.565,224.339,158.987,220.873,167.076,202.384,141.654,203.539,141.654,203.539,162.454,202.384,169.387,176.961,145.121,182.739,150.898,182.739,163.609,183.895,170.543
290.79131443184474,374.197,205.781,403.829,189.187,439.388,160.74,431.091,131.108,402.644,122.811,437.017,126.366,439.388,105.031,428.72,120.44,422.793,132.293,412.126,119.255,415.682,99.1047,406.199,120.44,402.644,131.108,390.791,114.513,389.605,102.661,386.049,123.996,384.864,135.849,365.9,118.069,364.714,112.143,364.714,128.737,365.9,138.219
323.0873169485302,253.229,270.21,283.518,250.456,313.807,216.215,299.321,183.292,265.081,180.658,308.54,174.074,308.54,154.32,294.053,172.757,298.004,183.292,280.884,168.806,279.567,147.735,270.349,178.024,269.032,187.243,255.862,168.806,249.278,162.221,249.278,185.926,251.912,195.145,228.207,176.708,226.89,174.074,228.207,192.511,230.841,203.046
282.8558461301446,194.614,276.063,222.285,258.769,251.108,229.945,240.732,202.274,208.449,203.427,240.732,187.286,245.343,175.757,240.732,180.368,237.273,199.968,215.367,179.215,218.826,168.839,214.214,195.357,209.602,204.58,191.155,182.674,192.308,181.521,192.308,202.274,191.155,210.345,165.79,187.286,168.096,190.745,169.249,204.58,172.708,211.498
285.7079088387299,198.431,147.193,226.38,128.56,256.659,99.4456,247.342,69.1668,215.899,68.0023,243.849,64.5086,250.836,43.5463,245.013,56.3566,247.342,56.3566,219.393,54.0274,226.38,34.2298,218.228,61.0149,211.241,71.496,196.101,54.0274,198.431,43.5463,194.937,63.344,192.608,74.9897,171.645,55.192,171.645,48.2046,171.645,65.6731,172.81,78.4834
283.83250724326837,228.676,194.132,257.599,182.563,288.836,155.953,283.051,127.03,247.187,125.873,283.051,111.99,285.365,101.578,277.267,113.147,274.953,125.873,257.599,102.735,263.384,92.3225,252.971,117.775,247.187,128.187,230.99,102.735,232.147,99.264,229.833,120.089,228.676,129.344,206.694,108.519,207.851,105.049,206.694,121.246,209.008,129.344
319.8431278689602,243.048,226.691,274.337,207.135,306.929,174.542,293.892,140.646,258.692,136.735,300.411,136.735,303.018,113.268,292.589,123.698,295.196,132.824,275.64,131.52,274.337,104.142,263.907,132.824,261.3,144.557,248.262,127.609,245.655,114.572,244.351,141.95,246.959,151.076,220.885,134.127,219.581,130.216,222.188,148.468,226.099,157.594
332.0409223168132,295.359,232.973,327.841,207.258,357.617,172.069,345.436,136.88,315.661,123.345,352.203,132.819,350.85,112.518,337.315,120.638,330.548,136.88,323.781,131.466,319.721,105.751,312.954,121.992,310.247,136.88,296.713,131.466,291.299,115.225,289.945,135.526,292.652,151.767,270.997,136.88,264.23,128.759,265.584,143.647,268.291,157.181
307.1929814465168,267.661,224.248,303.973,210.474,337.781,180.422,332.773,147.867,301.469,140.354,329.016,147.867,335.277,121.571,325.26,134.093,320.251,149.119,305.226,135.345,312.738,112.806,303.973,140.354,297.713,150.371,280.183,132.841,285.191,122.824,282.687,144.11,280.183,154.127,255.14,131.589,261.4,134.093,262.653,150.371,260.148,159.136
290.8484780173346,247.204,193.574,278.027,175.791,311.222,148.524,301.738,121.257,270.914,118.886,304.109,102.288,305.294,95.175,295.81,110.587,293.439,125.999,276.842,98.7316,279.213,89.2474,274.471,111.772,268.543,122.442,249.575,99.9171,250.76,93.9895,251.946,117.7,249.575,125.999,225.864,101.103,228.235,101.103,229.421,117.7,229.421,125.999
292.37187287767614,192.192,176.281,221.985,159.597,254.162,126.229,239.861,97.6272,210.068,98.8189,238.669,85.7099,241.053,70.2174,237.478,86.9016,236.286,97.6272,211.26,78.5595,218.41,67.8339,212.451,94.052,208.876,105.969,186.233,79.7512,189.808,77.3678,191,98.8189,189.808,108.353,162.399,85.7099,163.59,85.7099,167.166,101.202,169.549,109.544
285.02709643119897,227.804,224.489,256.849,208.224,289.379,180.341,282.409,154.781,251.04,152.458,283.57,138.516,284.732,131.545,275.438,144.325,274.276,159.428,258.011,132.707,263.82,124.574,255.687,148.972,248.717,158.267,234.775,132.707,235.937,131.545,234.775,151.296,232.451,160.59,210.377,135.031,211.539,135.031,211.539,152.458,213.863,160.59
289.5908769367571,241.049,265.218,270.559,249.873,298.889,221.543,289.446,196.755,258.755,196.755,292.987,174.327,291.806,170.786,282.363,186.131,283.544,197.935,270.559,169.606,269.379,168.425,261.116,190.853,258.755,200.296,243.41,170.786,242.23,175.508,242.23,197.935,242.23,203.837,218.622,180.229,223.343,189.673,222.163,200.296,223.343,206.198
288.76306993969985,286.611,250.809,316.036,231.977,351.347,195.489,337.223,167.241,308.974,166.064,334.869,161.355,338.4,142.523,332.515,157.824,330.161,170.772,308.974,157.824,314.859,137.815,310.151,163.71,305.443,175.48,287.788,156.647,287.788,147.231,287.788,169.595,286.611,181.365,261.893,160.178,264.247,157.824,265.424,174.303,267.779,183.719
292.22626676772234,348.038,188.328,377.817,170.461,408.786,141.874,400.448,112.095,369.479,104.948,405.213,106.14,406.404,85.8902,396.875,102.566,392.11,113.286,379.008,101.375,382.581,81.1256,374.243,102.566,370.67,113.286,358.759,97.8016,357.567,85.8902,355.185,109.713,355.185,119.242,333.745,102.566,331.362,94.2281,332.553,112.095,336.127,122.815
289.596738533085,235.193,250.174,263.523,237.189,293.033,208.859,285.951,181.709,254.079,181.709,290.672,160.462,287.131,155.74,276.507,171.085,278.868,182.89,264.703,154.559,263.523,154.559,256.44,175.807,254.079,186.431,238.734,155.74,237.553,159.281,236.373,182.89,236.373,188.792,216.306,164.003,216.306,169.905,216.306,182.89,217.486,188.792
282.8830755241465,225.767,245.699,255.747,230.709,289.185,204.188,283.42,175.362,246.522,174.209,281.114,162.678,288.032,152.301,281.114,159.219,277.655,171.903,259.206,149.995,262.665,143.076,254.594,168.444,248.828,175.362,233.838,151.148,233.838,148.842,232.685,170.75,230.379,177.668,207.318,154.607,210.777,156.913,210.777,170.75,209.624,176.515
