274.3984178471151,324.556,307.43,360.347,289.535,399.494,264.928,426.337,238.085,452.062,217.952,382.717,217.952,390.546,173.214,391.664,146.37,392.783,121.764,363.703,210.123,372.65,164.266,374.887,134.067,378.243,108.342,345.807,209.005,353.636,165.384,359.229,138.541,361.466,112.816,326.793,209.005,330.148,175.451,335.741,155.318,339.096,138.541
279.89483096513237,178.189,268.273,215.884,253.423,259.29,231.72,288.988,212.302,322.114,195.168,241.013,167.754,246.725,117.494,251.294,79.7996,252.436,47.8163,214.741,157.473,225.022,102.645,233.018,59.2389,238.729,27.2556,188.469,151.762,201.034,102.645,211.315,66.0925,215.884,35.2515,162.197,149.477,174.762,109.498,180.474,85.5109,189.612,63.808
266.67692895336853,196.195,352.054,234.827,333.324,281.652,307.57,310.918,278.304,333.16,250.209,260.581,245.526,264.093,189.335,265.263,154.216,265.263,119.097,230.144,236.161,239.509,176.458,244.192,135.486,247.704,99.1961,203.219,231.478,214.926,177.629,221.949,141.339,225.461,108.561,175.124,230.308,185.66,186.994,191.513,162.411,198.537,136.657
300.1612032308639,270.853,322.748,311.73,295.497,356.323,257.097,378.62,216.22,397.201,184.013,340.22,210.026,345.175,153.046,346.414,115.884,345.175,83.6781,314.207,201.355,322.878,138.181,325.356,97.3039,326.594,65.0975,288.194,196.4,298.104,139.42,304.298,105.975,305.536,75.0071,264.659,193.923,272.091,151.807,275.807,127.033,280.762,104.736
279.3112735372492,332.177,299.006,368.609,287.621,407.318,261.436,433.503,235.25,459.689,214.758,389.102,213.619,395.933,169.218,397.071,143.032,398.21,119.124,368.609,206.788,377.717,160.11,383.409,131.647,384.548,105.462,349.255,205.65,358.363,162.387,366.332,133.924,367.471,113.432,331.039,204.511,334.454,171.495,340.147,152.14,343.562,135.063
273.06300370793554,173.005,347.091,208.622,325.943,250.917,299.231,276.517,271.405,296.551,249.145,216.413,249.145,216.413,201.284,215.3,170.12,209.735,143.407,191.927,243.579,196.379,190.154,193.04,157.876,189.701,126.712,170.779,241.353,173.005,194.606,174.118,164.555,173.005,137.842,146.293,242.466,150.745,205.737,152.971,186.815,154.084,165.668
341.75742962662855,298.425,309.847,344.395,286.166,393.151,251.34,416.833,206.763,433.549,169.151,369.47,197.012,377.828,132.932,379.221,95.3203,377.828,59.1015,344.395,184.474,351.36,119.002,356.932,74.4249,356.932,38.206,316.534,178.902,323.5,120.395,331.858,84.1761,334.644,49.3503,290.067,176.116,298.425,131.539,301.211,106.465,305.39,82.7831
253.48687564053486,261.436,330.642,292.433,321.342,327.563,304.811,353.394,288.279,378.192,273.814,312.065,250.049,320.331,207.687,322.397,180.823,324.464,156.025,294.5,240.75,303.799,198.388,309.998,167.39,312.065,140.526,274.868,237.65,284.168,198.388,293.467,171.523,295.533,147.759,254.204,235.584,262.47,203.554,269.702,182.889,274.868,166.357
341.42342961929256,323.799,379.962,368.332,349.345,414.258,311.77,435.133,263.061,446.266,226.878,389.207,258.886,387.816,193.477,386.424,155.902,380.857,121.11,358.591,249.144,358.591,182.344,359.982,137.81,358.591,101.627,333.54,247.753,334.932,185.127,336.324,148.944,336.324,114.152,302.924,249.144,309.882,203.219,311.274,175.386,314.057,148.944
270.1326211326577,195.041,366.391,233.621,345.895,281.847,318.165,310.783,286.818,328.867,259.088,255.323,259.088,258.94,202.423,257.734,163.842,257.734,130.084,225.182,250.648,233.621,190.366,234.827,144.551,238.444,108.382,196.246,244.62,205.891,190.366,214.331,152.991,215.537,118.027,168.516,243.415,178.162,201.217,185.395,173.487,193.835,150.58
293.97057612114855,241.6,385.994,275.151,366.822,312.297,338.064,337.46,306.909,357.83,282.944,290.728,291.332,290.728,243.402,289.53,214.644,285.935,187.085,266.763,287.737,270.358,237.411,270.358,203.86,270.358,175.102,245.195,285.341,251.186,241.006,252.384,208.653,252.384,184.688,223.626,287.737,226.023,252.988,229.617,231.42,233.212,211.05
284.5434487262007,160.427,306.486,195.222,287.929,236.976,262.413,264.812,235.737,292.648,217.18,209.14,199.782,210.3,151.069,207.98,111.635,206.82,79.1602,181.304,191.663,183.624,135.992,185.943,96.5576,189.423,60.6029,154.628,190.504,163.907,139.471,166.226,102.357,167.386,69.8816,129.112,190.504,136.071,151.069,139.55,125.553,146.509,102.357
268.14600228420335,154.584,254.41,184.095,246.76,219.07,227.086,245.302,206.319,273.72,191.017,200.489,176.808,208.14,135.275,209.233,104.671,209.233,79.5327,179.723,171.344,190.653,122.159,191.746,92.6485,195.025,65.3239,157.863,164.786,167.7,124.345,174.258,95.9275,176.444,70.7888,138.189,164.786,145.84,130.903,149.119,112.322,156.77,94.8345
282.34547601475754,136.132,276.073,170.658,258.81,208.637,234.642,235.107,212.775,263.878,201.267,186.77,185.154,190.223,139.12,191.374,110.348,190.223,83.8785,161.451,177.098,170.658,128.762,171.809,94.2363,172.96,66.6155,140.736,175.948,148.792,132.215,153.395,102.292,154.546,75.8224,116.568,175.948,124.624,140.271,126.925,119.555,134.981,101.141
272.4126804721102,331.135,312.168,367.778,295.512,407.751,272.194,434.4,246.655,459.939,225.558,392.206,223.338,398.868,178.923,402.199,152.273,404.42,126.735,372.219,215.565,381.102,170.04,387.765,140.059,389.985,112.3,353.343,213.344,363.336,171.15,371.109,143.391,372.219,118.962,335.577,213.344,340.018,180.033,345.57,161.157,350.012,143.391
255.71868575643825,238.849,319.41,271.161,307.944,305.558,290.225,330.574,273.547,354.548,257.912,287.838,239.15,294.092,197.457,295.135,167.229,295.135,142.214,266.992,231.854,277.415,184.949,279.5,155.764,280.542,125.536,247.187,226.642,258.653,185.991,263.865,158.891,263.865,133.875,229.468,225.6,235.722,192.245,239.891,174.526,246.145,156.806
274.2880200227491,210.609,411.556,248.951,388.791,296.879,358.836,323.239,326.485,341.211,297.729,268.122,300.125,268.122,242.612,266.924,206.667,264.528,173.117,238.167,292.936,240.564,231.828,240.564,189.892,242.96,153.946,209.411,290.54,217.798,233.027,220.195,197.081,221.393,164.73,181.853,291.738,189.042,249.801,192.636,222.243,199.826,195.883
291.7184460760067,224.395,342.377,258.878,324.541,296.928,297.193,323.088,267.466,346.869,246.063,277.903,249.63,281.47,202.067,280.281,173.529,279.092,146.181,256.5,242.495,258.878,193.743,261.256,160.449,263.634,133.101,233.907,241.306,238.664,193.743,245.798,165.206,246.987,139.046,211.315,241.306,218.45,204.445,220.828,184.231,225.584,164.017
271.2177273299074,330.546,287.224,367.028,277.274,409.037,258.481,436.675,234.16,463.207,216.471,395.771,208.733,405.721,167.829,410.143,140.192,414.565,116.976,374.766,200.994,391.349,154.563,397.982,125.82,401.298,100.393,357.078,196.572,372.555,154.563,382.505,126.926,383.61,107.027,339.39,195.467,348.234,162.302,354.867,144.614,361.5,126.926
279.14370299542855,159.109,295.402,197.794,278.334,237.618,253.303,263.788,228.271,288.82,206.652,208.035,202.101,209.173,153.175,208.035,123.592,206.897,96.2842,180.727,197.55,188.692,144.072,188.692,109.938,188.692,80.3548,161.384,195.274,167.073,146.348,170.487,115.627,170.487,88.3195,136.353,195.274,143.179,158.864,144.317,136.108,148.868,115.627
297.4085089586375,264.42,383.985,303.709,363.113,351.592,333.646,381.059,305.407,411.753,285.763,315.987,274.713,314.759,218.235,313.531,183.857,308.62,150.707,290.203,267.346,291.431,207.185,290.203,166.668,286.52,133.518,263.192,267.346,265.648,212.096,266.875,176.491,265.648,145.796,234.953,272.257,239.864,228.057,241.092,204.729,243.548,177.718
297.084992943097,280.563,347.245,319.378,319.699,366.959,283.387,386.992,239.563,402.018,207.008,346.925,237.059,349.429,176.958,349.429,140.646,348.177,108.091,319.378,227.042,325.639,166.941,328.143,125.621,328.143,90.5617,296.84,224.538,301.849,166.941,308.109,131.882,308.109,100.579,269.294,220.782,276.806,178.21,279.311,155.672,281.815,131.882
274.1446973862525,136.622,251.496,170.145,241.439,203.668,222.443,228.252,197.859,253.953,183.332,181.32,172.158,189.142,129.695,189.142,99.5245,188.024,73.8234,161.206,166.571,169.028,118.521,171.263,88.3501,172.38,60.4142,137.739,162.101,146.679,119.638,153.384,91.7025,154.501,67.1188,118.743,162.101,125.448,128.578,127.683,108.464,134.387,90.585
273.3097502578347,280.187,281.464,315.836,265.867,353.713,244.701,381.564,219.078,408.301,201.253,335.889,193.455,338.117,147.78,340.345,121.043,340.345,95.4203,311.38,188.999,319.178,138.868,323.635,106.561,324.749,80.9379,293.556,184.543,301.354,139.982,308.038,113.245,309.152,88.7361,274.617,184.543,281.301,150.008,283.529,131.069,287.986,113.245
268.0067666944251,337.858,315.541,375.001,302.432,414.328,277.307,442.731,252.181,467.856,233.61,402.311,229.24,407.773,186.636,412.143,158.233,413.235,135.292,378.278,223.778,391.387,174.619,395.757,145.124,397.941,119.998,360.799,217.224,372.816,175.712,378.278,148.401,381.555,126.553,342.228,217.224,349.875,184.451,353.152,164.788,360.799,148.401
256.2316872773545,250.523,386.814,281.855,371.148,314.233,347.126,336.165,328.326,359.143,309.527,291.255,299.082,290.211,255.217,287.078,229.106,284.989,204.04,268.278,295.949,270.367,246.861,270.367,214.484,269.322,188.374,250.523,292.816,251.567,249.995,255.745,221.795,253.656,196.729,229.634,293.86,231.723,261.483,234.856,239.55,235.901,221.795
279.55957262272386,162.665,262.835,200.268,248.021,242.43,225.231,270.918,204.72,301.685,187.627,220.78,161.419,224.198,112.42,225.338,72.5371,228.756,41.7704,193.431,152.303,203.687,96.4667,207.105,53.1654,213.943,21.2592,168.362,147.745,178.618,96.4667,187.734,60.0025,192.292,29.2358,142.154,144.326,152.409,105.583,159.246,80.5136,167.223,58.863
280.8603733191993,152.039,272.214,187.529,255.042,226.452,232.146,255.072,206.96,287.127,188.643,203.556,170.326,206.99,118.81,205.845,79.8861,204.701,48.9762,173.791,162.312,180.66,106.217,186.384,62.7139,189.818,28.3696,152.039,160.023,160.053,108.506,164.632,70.7276,169.212,39.8177,125.709,157.733,132.578,117.665,136.012,94.7686,144.026,69.5828
290.3881423543323,228.345,357.252,263.854,339.498,301.731,311.09,327.771,281.499,350.26,260.193,282.793,264.928,282.793,217.582,282.793,187.991,281.609,159.583,261.487,257.826,262.671,208.113,263.854,174.971,265.038,146.563,237.814,255.459,243.732,208.113,248.467,179.705,247.283,152.481,216.508,255.459,221.243,221.133,223.61,198.644,225.977,179.705
272.0951729744576,344.414,310.74,382.123,299.649,423.159,275.249,450.887,249.74,477.505,230.886,406.523,224.231,415.396,183.195,417.614,157.686,420.941,132.177,387.669,218.686,397.65,172.104,404.305,142.159,406.523,116.65,367.705,214.249,378.796,175.431,386.56,146.595,388.778,124.413,347.742,214.249,354.396,184.304,361.051,164.34,365.487,147.704
273.6496288358528,206.358,394.918,245.551,372.352,291.871,345.035,319.188,314.155,337.003,285.651,263.367,285.651,264.554,229.829,263.367,191.824,262.179,160.944,233.675,277.337,237.238,219.14,240.801,174.008,243.176,140.753,206.358,276.149,214.672,220.328,218.235,182.322,219.422,151.442,177.853,277.337,186.167,232.205,189.73,206.076,196.856,181.134
251.34295727153366,246.49,322.567,278.25,312.322,312.058,294.905,338.695,278.514,363.283,263.146,295.666,241.632,302.838,199.627,303.862,172.99,304.887,148.402,277.225,233.436,286.446,190.407,289.519,157.623,293.617,132.01,256.735,230.362,266.98,190.407,274.152,162.745,276.201,139.182,238.294,230.362,244.441,197.578,249.564,176.064,255.711,158.647
294.7556039908317,233.777,373.217,269.82,351.591,308.267,322.756,331.094,292.72,355.123,272.295,286.641,278.303,289.043,232.647,286.641,200.208,283.036,173.776,262.612,273.497,265.014,224.237,267.417,188.194,266.216,159.359,242.187,272.295,245.791,225.439,250.597,194.201,250.597,168.971,221.762,273.497,224.165,236.252,226.568,214.626,231.374,195.402
271.5652376888471,198.883,380.655,239.922,360.722,286.822,333.755,314.963,298.579,333.723,270.439,259.854,273.956,261.027,214.158,261.027,177.81,259.854,146.152,230.541,264.576,234.059,203.605,237.577,161.395,241.094,126.219,202.401,259.886,211.781,204.778,215.299,167.257,219.989,136.772,174.261,261.059,183.641,217.675,187.158,191.88,194.193,164.912
280.724752939601,147.518,278.96,178.413,262.94,216.174,238.911,243.636,217.17,274.531,206.871,196.722,189.708,200.154,143.937,203.587,115.331,202.443,87.8684,170.404,181.698,179.558,132.495,185.279,98.1668,186.423,70.7045,150.951,179.409,158.961,134.783,166.971,103.888,168.115,79.8586,130.355,179.409,134.932,142.793,140.653,121.052,144.086,102.744
275.15217494506555,143.801,255.764,177.448,244.549,213.337,225.483,239.133,200.809,264.928,187.35,194.271,176.135,197.635,131.273,199.879,102.113,199.879,77.4392,169.597,169.406,178.569,121.179,180.812,90.8977,185.298,63.9807,150.531,164.92,159.503,121.179,166.232,93.1408,167.354,69.5884,130.343,163.798,134.829,129.03,140.437,109.964,143.801,92.0192
283.9349864969092,166.144,321.645,199.707,303.127,240.214,277.666,266.833,251.047,295.766,231.372,212.437,215.169,213.595,166.561,207.808,127.211,206.651,94.8052,184.661,207.068,186.976,151.515,186.976,112.165,189.29,76.2876,158.042,207.068,164.986,156.144,168.458,119.109,168.458,85.5464,131.423,208.225,138.367,168.875,140.682,142.256,147.626,119.109
294.2687589874263,266.412,305.995,307.523,278.588,354.863,244.952,376.041,203.841,395.973,171.451,336.176,197.613,343.651,137.815,346.142,102.934,344.896,68.0518,308.769,187.646,317.489,127.849,324.964,86.7384,327.455,48.1194,286.345,183.909,296.311,127.849,303.786,89.23,306.277,58.0856,260.183,177.68,267.658,137.815,275.133,112.9,278.87,87.9842
270.87162630663255,188.365,348.531,226.899,329.264,275.066,302.772,303.966,271.464,323.233,243.768,249.778,242.563,255.799,185.967,255.799,148.638,255.799,116.125,219.673,234.134,228.103,175.129,232.919,128.166,236.532,94.4495,190.773,226.909,201.611,175.129,210.04,136.596,216.061,104.083,164.281,225.705,175.119,184.763,181.14,158.271,189.569,135.392
284.8637946826518,186.846,270.485,224.002,256.551,265.803,236.812,297.153,217.073,329.665,199.656,248.386,171.789,256.514,123.021,259.997,83.5431,264.642,51.0315,220.519,162.5,236.775,106.766,244.903,63.8039,249.547,30.1312,198.457,154.372,211.23,105.605,221.68,68.4484,228.647,39.4202,172.913,152.05,183.363,110.249,191.491,88.1876,200.78,66.1262
276.22157535210744,317.713,300.547,351.49,283.659,392.023,258.889,419.044,232.993,440.437,210.475,375.134,211.601,378.512,166.565,383.016,139.543,383.016,117.025,351.49,207.098,361.623,157.558,366.127,128.284,367.253,101.263,333.476,202.594,343.609,160.936,349.238,131.662,349.238,110.27,314.336,203.72,321.091,172.195,324.469,149.676,331.224,132.788
282.34572905216754,167.368,328.204,205.347,309.79,246.778,282.169,270.946,256.85,296.265,236.134,214.554,233.833,214.554,186.647,213.403,154.423,209.95,127.953,188.084,226.927,193.838,176.289,192.687,142.914,189.235,114.142,167.368,225.776,170.821,179.742,174.273,148.668,170.821,123.349,143.2,226.927,147.803,191.25,148.954,170.535,151.256,150.97
252.93915933480923,253.753,326.476,285.714,317.197,320.768,299.67,346.543,283.174,371.287,268.74,304.272,245.027,311.489,203.787,313.551,176.981,315.613,152.237,285.714,236.779,294.993,193.477,301.179,161.516,303.241,135.741,266.125,234.717,275.404,194.508,284.683,166.671,286.745,143.989,246.536,232.655,253.753,200.694,259.939,180.074,265.094,162.547
337.36469023298815,306.917,315.515,352.296,292.138,404.551,257.76,427.928,213.756,441.679,179.378,382.549,204.13,386.674,138.124,390.799,100.995,389.424,66.6171,352.296,193.129,361.922,125.748,366.047,81.7436,370.172,44.6151,328.919,186.253,337.169,127.123,344.045,88.6192,345.42,54.241,298.666,182.128,306.917,138.124,311.042,113.372,319.293,88.6192
276.8261434998508,336.704,304.73,372.812,293.446,415.69,268.622,443.899,242.669,468.723,223.487,398.764,217.845,405.534,177.224,407.791,151.272,408.919,125.319,375.068,213.332,388.609,168.197,391.994,136.603,394.251,110.651,358.143,208.818,369.427,169.326,376.197,142.245,379.582,116.292,337.832,208.818,345.731,178.353,349.116,160.299,354.758,142.245
285.9482134670543,161.533,285.726,195.334,268.242,234.962,247.262,262.936,226.282,292.074,214.627,215.148,194.812,219.81,151.687,224.472,120.217,224.472,94.575,190.671,188.985,199.996,137.7,206.989,107.396,209.32,77.0917,170.857,184.323,180.181,138.866,188.34,109.727,190.671,84.085,148.711,183.157,154.539,145.859,161.533,127.21,165.029,108.562
252.19577328932377,235.585,340.389,267.453,328.053,301.376,306.466,325.019,287.963,346.606,271.515,278.76,256.095,279.788,213.949,278.76,187.221,277.732,161.522,259.229,250.956,262.313,205.725,264.369,172.83,264.369,147.13,237.641,247.872,243.809,206.753,248.949,180.025,247.921,155.354,220.166,247.872,222.222,214.976,227.362,196.473,229.418,180.025
338.12576960208173,320.806,364.498,363.531,338.312,411.769,298.343,432.442,251.484,444.846,215.65,386.961,248.727,388.339,183.951,385.582,141.225,381.448,108.148,356.64,239.08,356.64,171.546,359.396,126.065,358.018,87.4746,331.832,236.323,334.588,172.925,337.345,134.334,337.345,99.8786,301.511,236.323,308.402,188.085,311.158,161.899,312.536,138.469
296.723320467064,244.067,400.751,279.142,380.19,315.426,351.162,339.615,320.926,360.176,296.736,293.655,305.202,292.446,256.824,291.236,227.796,287.608,202.397,271.885,302.783,271.885,253.195,271.885,216.911,271.885,187.884,250.114,301.574,252.533,254.405,253.743,225.377,253.743,197.559,225.925,302.783,230.763,265.29,233.182,244.729,234.391,225.377
268.07336463177387,364.386,310.615,400.445,305.152,440.874,288.762,470.377,265.815,498.787,250.518,433.226,236.313,444.153,194.791,452.894,167.474,455.079,145.62,411.372,227.571,428.855,183.864,437.596,155.454,444.153,129.23,393.889,219.923,412.465,182.771,423.392,156.547,426.67,133.6,375.313,218.83,387.333,188.235,393.889,169.659,402.63,155.454
344.18850269292847,317.418,327.504,367.924,307.863,417.027,274.192,445.086,229.298,461.921,194.225,398.789,213.866,407.206,153.539,412.818,114.257,412.818,80.5863,372.133,202.642,383.356,138.107,390.371,94.6157,394.58,56.7363,348.283,197.03,356.7,139.51,366.521,98.8245,370.73,66.5569,317.418,195.628,327.238,149.33,334.253,121.272,339.865,98.8245
270.38448151474967,176.215,361.362,212.585,341.524,254.465,312.869,278.712,285.316,299.652,264.376,220.3,265.478,219.198,214.781,215.891,186.127,211.483,159.676,193.849,258.866,194.951,205.965,193.849,171.799,192.747,143.144,172.909,257.764,175.113,211.475,175.113,179.514,175.113,153.063,149.765,258.866,150.867,223.598,154.173,202.658,156.377,180.616
285.48913076332695,241.782,328.895,284.819,308.572,332.638,281.076,364.917,257.166,399.585,239.234,301.556,220.106,307.533,165.114,307.533,129.25,305.142,95.7762,275.255,211.738,280.037,153.159,283.624,112.513,283.624,76.6485,250.15,210.542,258.519,155.55,260.91,119.686,262.105,87.4078,222.654,211.738,229.827,171.092,232.218,144.791,235.804,118.49
276.92032653815784,303.211,290.4,335.945,272.34,375.451,245.25,400.284,218.16,422.859,194.457,356.262,200.1,359.649,154.95,360.777,127.86,360.777,101.899,332.559,192.199,341.589,145.92,343.846,114.315,343.846,88.3539,314.499,191.07,322.4,147.049,328.044,119.959,328.044,95.1264,296.439,191.07,299.825,157.208,304.34,138.019,306.597,119.959
264.9232909088969,318.005,305.837,353.64,296.119,394.674,275.602,423.83,252.925,455.146,235.647,379.556,223.769,388.195,177.335,392.515,149.259,393.595,125.503,359.039,216.21,370.918,167.617,377.397,138.461,379.556,109.305,339.602,209.731,352.56,167.617,360.119,140.62,362.279,116.864,320.165,209.731,327.724,175.176,335.283,157.898,339.602,140.62
275.05769229018114,202.364,354.702,242.215,336.587,289.312,316.058,318.295,285.867,338.825,258.092,268.783,250.846,272.406,194.088,274.821,160.275,277.236,124.046,238.592,239.978,249.461,182.012,251.876,140.953,260.329,103.516,212.025,237.562,222.893,182.012,232.554,144.576,236.177,113.177,183.042,233.94,193.91,191.673,202.364,165.105,212.025,142.16
275.0483797389107,119.546,248.326,152.059,237.115,185.693,215.813,209.236,193.391,235.022,175.453,162.149,167.605,166.634,122.76,165.512,94.7322,165.512,68.9464,141.969,159.757,145.332,113.791,147.575,83.521,148.696,56.6141,119.546,158.636,126.273,114.912,131.879,86.8844,131.879,62.2197,99.3663,158.636,106.093,123.881,108.335,104.822,110.577,86.8844
284.12858176008973,258.399,370.59,298.499,351.148,345.889,321.984,377.483,294.036,411.508,274.593,311.865,260.012,315.511,205.33,310.65,168.875,308.22,137.281,285.132,253.936,287.562,195.609,287.562,155.509,288.777,119.054,259.614,253.936,265.69,196.824,266.905,162.799,268.12,129.99,232.88,256.366,237.741,216.266,238.956,188.318,240.171,165.23
342.7235666539434,303.026,325.327,347.729,298.784,400.814,262.463,423.166,217.76,437.136,181.439,375.669,206.584,381.257,147.912,381.257,106.002,379.86,71.0781,347.729,196.805,356.111,129.751,358.905,86.4448,358.905,50.1235,322.584,194.012,326.775,132.545,335.157,94.8266,336.554,61.2993,293.248,192.615,301.629,147.912,303.026,118.575,310.011,94.8266
340.0156364698541,327.57,332.69,374.691,311.901,425.971,278.639,453.69,234.289,470.321,201.027,409.34,221.816,419.041,160.835,421.813,122.029,424.585,85.9944,378.849,210.728,394.094,144.204,399.638,99.8537,406.568,65.2054,355.288,201.027,366.376,145.589,377.463,106.783,380.235,72.135,330.342,199.641,340.043,155.291,344.201,126.186,352.517,102.626
255.78420255363696,232.077,317.388,264.398,303.835,297.761,285.068,323.826,267.344,347.805,251.705,281.079,232.938,283.164,190.191,284.207,162.041,285.25,137.019,257.099,226.682,265.44,179.765,269.611,150.573,272.738,121.38,239.375,221.469,247.716,180.808,255.014,153.701,256.057,128.678,220.609,220.427,224.779,188.106,231.035,169.34,234.162,152.658
272.8310524005653,216.58,426.821,254.075,405.05,300.036,373.602,327.854,339.736,344.788,310.708,271.008,313.127,271.008,256.281,268.589,221.205,263.751,187.339,240.77,309.499,241.98,246.605,241.98,203.062,243.189,166.777,211.742,308.289,218.999,251.443,222.628,212.738,222.628,180.082,183.924,309.499,191.181,263.538,193.6,236.929,202.066,212.738
279.38484128527807,145.54,256.441,181.981,238.22,222.978,216.583,251.448,192.668,282.196,174.448,199.063,153.949,204.757,104.981,203.619,65.1232,204.757,33.2369,170.594,145.978,178.565,90.1767,185.398,46.9024,187.675,10.4609,147.818,141.423,156.928,92.4543,163.761,53.7352,168.316,21.8489,122.764,139.145,130.736,100.426,135.291,75.3724,142.124,52.5964
273.28824521555987,218.808,362.696,262.896,347.206,311.751,326.949,341.54,298.352,362.988,275.712,292.685,262.605,302.218,210.176,304.601,172.046,306.984,137.49,262.896,249.497,274.812,193.494,283.153,151.789,291.494,114.85,235.49,245.923,250.981,193.494,261.705,155.364,266.471,124.383,208.084,241.156,222.383,200.643,230.724,174.429,240.257,152.981
256.43804947979146,241.502,357.601,270.769,342.968,304.218,321.017,328.259,301.157,350.21,284.433,283.312,269.799,284.358,226.943,283.312,200.812,281.222,174.68,260.317,265.618,267.634,219.626,266.588,189.314,267.634,160.046,242.547,261.437,248.819,221.717,250.909,193.495,250.909,168.408,223.732,263.528,225.823,232.17,228.959,210.219,233.14,192.449
273.39215498071627,295.748,293.384,330.294,280.012,370.411,256.61,400.499,233.208,427.244,214.264,353.696,205.349,358.153,159.66,361.496,132.915,362.611,107.284,330.294,200.892,340.323,150.745,347.009,121.771,348.124,93.912,312.464,196.434,322.493,150.745,329.18,124,330.294,101.713,294.634,195.32,301.32,160.774,303.549,141.83,310.235,125.114
272.7677616874838,348.55,300.279,385.241,291.384,424.154,273.595,455.286,252.47,483.081,234.681,414.148,221.339,425.266,182.425,430.825,155.741,435.273,131.281,395.247,213.556,411.924,169.083,419.707,140.176,423.043,114.604,377.458,210.221,393.023,169.083,403.03,142.399,405.253,121.275,358.557,207.997,367.451,175.754,376.346,157.965,383.017,141.287
251.85875578982763,222.654,310.861,255.505,299.568,288.357,278.01,314.021,259.531,337.633,243.105,270.904,227.706,273.984,184.589,273.984,156.871,272.958,131.206,248.319,220.52,255.505,176.376,258.585,143.525,260.638,117.86,229.84,218.467,238.053,177.403,244.213,148.658,245.239,125.046,211.362,217.44,214.441,185.616,221.628,164.057,224.707,145.578
344.72405270592884,332.656,335.168,380.431,318.306,433.826,287.393,460.523,242.429,478.79,208.706,415.559,225.568,425.395,165.147,432.42,128.614,433.826,93.4856,388.861,212.922,401.508,151.096,411.344,107.537,416.964,71.0036,364.974,208.706,376.215,148.286,387.456,110.347,390.267,76.6241,336.872,201.681,348.113,156.716,353.733,131.424,360.759,108.942
336.66388737136623,308.123,341.088,353.408,312.27,402.809,276.591,424.766,231.306,437.116,192.883,379.481,223.073,382.225,158.576,382.225,120.153,379.481,83.1013,347.919,212.094,357.525,146.226,358.897,100.941,358.897,65.2618,324.59,209.35,330.079,147.598,335.568,111.919,336.941,77.6122,294.4,207.978,302.634,161.321,305.378,135.247,312.24,110.547
256.4341774276588,245.704,372.333,277.061,356.654,310.509,333.659,333.505,313.799,354.41,297.075,287.514,283.487,287.514,240.631,286.468,214.5,283.333,189.414,264.518,280.351,269.744,233.315,269.744,203.002,269.744,173.735,245.704,276.17,250.93,236.45,254.066,207.183,253.02,182.097,227.934,279.306,228.98,246.903,233.161,224.953,236.296,206.138
273.91845262413415,303.594,295.93,339.322,282.532,378.4,262.434,408.546,238.988,436.459,221.123,362.769,211.075,367.235,165.298,372.818,138.501,372.818,113.938,339.322,205.492,351.604,156.365,356.07,127.336,357.187,98.3066,321.458,201.026,332.623,157.482,339.322,129.569,340.439,107.239,303.594,199.91,311.409,166.414,313.642,147.433,320.342,129.569
264.94937547576893,213.886,361.211,254.141,347.003,303.869,322.139,335.837,292.539,355.965,270.043,284.925,260.571,292.029,204.924,295.581,167.036,297.949,133.884,254.141,249.915,268.349,189.532,273.085,148.092,281.373,111.389,229.278,241.627,242.301,188.348,252.957,151.644,258.877,119.676,199.678,238.076,213.886,196.636,222.174,170.588,231.646,148.092
282.3971341302882,153.27,259.668,190.105,244.704,233.846,220.531,262.623,198.661,291.4,180.244,208.522,157.222,216.58,110.028,216.58,69.7402,216.58,36.3589,182.047,148.013,190.105,93.9128,198.162,52.474,200.465,16.7906,160.177,146.862,169.385,95.0639,176.292,55.9272,180.896,25.9992,133.702,143.409,141.76,103.121,146.364,78.9488,154.421,54.7761
277.682840723009,176.605,288.372,211.693,275.922,250.176,253.285,278.472,234.043,311.296,224.988,232.066,198.956,239.989,157.077,244.517,126.517,245.648,100.484,210.561,191.033,221.879,143.494,228.67,112.934,230.934,82.3741,185.66,188.769,199.242,145.758,209.429,115.198,212.824,89.1653,166.418,187.637,175.473,151.417,178.869,132.176,186.792,114.066
277.27500866828956,108.948,242.779,142.854,232.608,176.76,212.264,199.363,187.4,225.358,170.447,154.156,165.926,155.286,121.848,155.286,90.203,154.156,66.4689,129.291,160.275,136.073,112.807,136.073,78.901,136.073,51.7763,108.948,156.885,115.729,115.067,117.989,85.6822,119.12,60.8179,89.7345,156.885,91.9949,124.109,95.3855,103.765,99.9063,85.6822
291.2345132449106,253.082,356.338,293.658,337.894,341.612,308.384,372.351,282.563,408.009,264.12,312.102,244.446,312.102,192.804,310.873,155.917,305.954,123.948,282.592,240.758,285.051,181.738,286.281,138.703,285.051,105.504,256.771,239.528,262.919,185.427,264.149,148.539,265.378,116.57,232.18,243.217,233.409,200.182,235.868,174.361,242.016,148.539
293.72670569766035,248.532,343.423,289.881,323.964,337.31,294.777,368.93,269.238,404.198,250.996,308.123,232.753,309.339,179.243,309.339,142.759,306.907,109.923,280.151,226.673,282.584,168.298,287.448,126.949,286.232,91.6805,253.396,225.457,260.693,170.73,263.125,134.246,264.341,101.41,229.073,226.673,231.506,185.324,233.938,159.785,240.019,135.462
334.65601226483295,314.018,319.725,359.033,299.264,412.232,265.161,435.422,221.511,451.791,186.044,390.407,210.598,398.592,147.85,401.32,109.656,401.32,74.1893,360.397,199.685,371.31,132.845,379.494,89.1943,382.223,49.6357,335.844,191.501,346.756,134.209,356.305,93.2865,359.033,60.5484,308.562,188.773,316.746,145.122,324.931,117.84,329.023,93.2865
281.13456246609024,316.85,287.154,352.374,273.402,390.19,247.046,417.692,219.544,439.465,198.917,371.855,200.063,374.147,155.371,375.293,129.015,376.439,104.95,347.79,195.479,355.812,147.35,360.396,117.556,362.688,91.1991,328.31,192.041,336.331,150.788,344.353,120.993,345.499,99.2206,308.829,192.041,315.704,162.247,317.996,140.474,326.018,123.285
275.747397262422,368.604,318.525,405.695,310.658,448.406,293.798,477.629,273.567,507.977,256.707,439.414,240.972,455.15,201.633,460.77,175.781,465.266,152.178,421.431,230.856,439.414,190.393,448.406,160.046,454.026,136.442,403.447,228.608,421.431,188.145,431.547,161.17,437.166,139.814,384.34,225.236,395.58,193.765,403.447,175.781,412.439,158.922
268.349994285448,205.259,359.603,249.537,340.96,297.311,318.821,325.276,289.691,349.745,262.891,276.337,254.734,282.163,198.804,285.659,161.517,286.824,130.057,246.041,244.247,257.694,187.152,262.354,142.874,269.346,106.753,219.242,238.421,232.059,184.822,241.381,147.535,248.372,114.909,192.442,236.091,204.094,195.309,212.25,169.674,221.572,142.874
268.6672957097682,310.757,300.886,346.895,288.84,385.224,270.223,416.982,246.131,445.455,228.609,372.083,218.753,377.558,173.854,383.034,145.381,383.034,120.193,349.086,209.992,363.322,163.998,366.607,131.145,367.703,104.862,331.564,206.707,343.61,165.093,349.086,136.62,351.276,112.528,312.947,203.422,321.708,171.664,324.993,151.952,331.564,135.525
274.22507789952397,310.32,296.399,344.97,279.632,384.092,252.806,409.801,225.979,432.156,202.506,366.208,205.86,369.561,162.267,371.797,134.323,372.915,109.732,342.735,200.271,350.559,153.325,356.148,120.909,357.266,94.0829,324.851,198.035,332.675,154.442,339.382,126.498,340.499,101.907,305.849,199.153,312.555,164.502,314.791,144.382,320.38,127.616
257.8362445157779,230.45,325.742,260.928,313.13,294.559,294.213,319.782,274.244,343.954,257.429,275.642,242.715,277.743,200.677,277.743,171.25,276.693,146.027,252.52,236.41,260.928,191.218,260.928,159.689,261.979,130.262,234.654,232.206,242.011,193.32,245.164,163.893,245.164,138.67,216.787,233.257,218.889,201.728,225.195,179.658,227.297,161.791
286.0026372972809,152.943,282.665,189.082,266.344,225.221,244.194,254.365,223.21,283.51,210.387,206.569,192.9,210.066,148.601,213.563,117.125,213.563,92.6436,180.921,187.071,190.248,135.777,196.077,103.136,198.408,75.157,161.103,181.242,170.43,138.109,177.424,105.467,179.756,83.3174,137.788,178.911,144.783,143.938,150.611,124.119,154.109,105.467
288.00800017360626,170.365,339.727,202.062,319.77,243.15,291.595,268.977,264.594,295.978,245.811,212.627,230.55,211.453,180.07,209.106,142.504,207.932,109.633,184.453,227.028,189.148,167.157,189.148,124.895,190.322,90.8502,162.148,224.68,164.496,169.505,166.844,134.286,169.191,103.764,135.147,225.854,138.669,182.418,143.365,158.939,145.712,134.286
338.41725390558923,315.076,351.413,357.838,326.584,407.497,287.96,428.188,241.06,440.603,205.195,384.047,236.921,385.426,172.089,384.047,130.706,381.288,94.8412,352.32,227.265,356.459,159.674,360.597,114.153,360.597,75.5294,328.87,223.127,330.25,159.674,338.526,119.671,338.526,87.9442,298.523,220.368,305.42,173.468,306.8,148.639,309.558,123.809
273.57006776692504,176.416,288.347,215.444,274.966,257.818,251.549,285.695,229.247,311.343,210.29,231.056,195.794,237.746,150.075,238.861,121.082,237.746,94.3202,207.639,189.103,217.675,140.039,221.02,104.356,221.02,76.4786,185.337,185.758,194.258,140.039,202.063,109.932,203.178,85.3994,164.15,184.643,170.841,150.075,175.301,128.888,178.646,107.701
268.7867799018396,303.637,353.349,337.6,334.723,373.755,307.333,400.049,281.039,425.248,258.032,349.652,258.032,349.652,213.112,348.556,185.722,347.461,160.523,328.836,255.84,331.027,205.443,329.931,175.862,329.931,149.567,311.306,254.745,312.402,208.73,314.593,181.34,313.497,159.428,291.585,255.84,293.776,221.877,294.872,203.252,295.968,185.722
277.65991802383,232.165,312.092,269.513,298.51,313.652,273.611,343.078,253.24,374.767,234,297.807,218.155,305.73,168.357,307.993,136.668,311.388,108.373,271.777,207.969,286.49,154.776,292.148,119.691,295.544,91.3969,251.405,202.31,263.854,155.908,272.908,125.35,276.304,98.1876,228.77,200.047,238.955,163.83,243.482,143.458,251.405,123.086
278.84045841484334,382.914,286.906,422.695,270.994,460.202,245.989,486.343,217.575,512.484,199.39,440.88,198.253,443.153,153.927,444.29,126.649,444.29,101.644,420.421,192.57,424.968,144.834,428.377,115.283,428.377,89.1417,399.963,191.434,406.782,147.107,413.602,117.556,413.602,94.8246,379.505,193.707,386.324,160.746,388.597,138.015,394.28,118.693
290.8238072802844,321.775,312.838,354.967,300.984,394.085,280.832,421.35,253.567,449.8,241.713,378.675,226.303,382.231,183.627,385.788,155.177,388.158,129.098,353.781,220.375,364.45,170.588,370.377,139.767,371.562,111.317,333.629,215.634,345.483,171.773,352.596,142.138,353.781,119.614,314.662,215.634,322.96,180.071,326.516,159.919,332.443,142.138
290.0285274330786,268.734,370.7,307.746,342.328,349.122,313.955,376.312,284.401,403.502,258.393,326.661,264.304,329.025,209.924,326.661,179.187,321.932,148.45,300.653,257.211,304.199,200.466,304.199,162.637,303.017,133.082,275.827,256.029,282.92,204.013,285.284,172.094,284.102,142.54,253.365,256.029,259.276,218.199,262.823,192.191,264.005,172.094
272.6172816275593,336.041,301.162,372.71,291.161,414.936,271.16,442.717,246.713,469.386,227.822,400.491,221.155,408.269,181.152,414.936,153.371,416.048,128.925,381.6,214.488,393.823,168.928,399.38,138.926,402.713,113.368,362.71,211.154,377.155,168.928,383.823,141.148,386.045,120.035,344.93,210.043,352.709,175.596,357.154,157.816,363.821,140.037
292.6704845812095,271.094,340.083,315.233,322.189,356.986,294.751,385.617,267.313,414.248,242.261,336.706,239.875,345.056,190.964,346.249,156.368,345.056,126.545,312.847,230.331,322.39,180.227,325.969,143.246,327.162,109.843,290.181,229.138,299.724,180.227,306.882,146.825,308.075,118.194,268.708,227.945,275.865,190.964,279.444,165.912,286.602,144.439
278.2359909375493,330.546,327.765,365.704,311.887,405.398,284.668,428.08,255.181,451.897,232.499,381.582,237.035,383.85,196.207,382.716,168.988,381.582,142.904,362.302,234.767,364.57,188.268,367.972,156.513,365.704,131.562,341.888,233.633,346.424,189.402,352.095,162.184,352.095,137.233,321.473,234.767,324.876,201.878,327.144,181.464,329.412,163.318
299.84523912845435,279.976,297.928,322.752,273.484,369.196,244.152,398.528,211.153,426.639,185.487,344.752,191.598,348.418,136.599,347.196,97.4888,345.974,66.934,317.863,180.598,322.752,121.933,327.641,82.8225,328.863,48.6011,292.197,176.931,299.531,121.933,306.864,87.7112,308.086,58.3786,268.976,176.931,275.087,136.599,278.753,109.711,282.42,88.9334
270.01384194333446,361.625,333.04,397.945,322.034,439.768,302.224,468.383,276.91,494.798,258.2,426.56,251.596,433.164,206.471,439.768,175.654,439.768,150.341,405.649,241.691,416.655,194.365,423.259,161.347,426.56,132.731,385.838,236.188,399.045,193.264,406.75,163.548,408.951,137.133,364.927,233.986,377.033,199.868,381.436,181.158,388.039,162.447
289.72789126523526,331.737,302.866,368.347,293.418,409.68,274.523,440.385,253.266,469.909,240.275,396.69,219.018,406.138,177.684,413.223,149.341,415.585,123.36,376.614,209.57,391.966,163.513,396.69,132.808,403.776,105.646,357.718,207.208,371.89,163.513,380.156,133.989,384.88,112.732,337.642,204.846,348.271,170.599,352.994,151.703,358.899,133.989
286.8169891150105,268.023,316.095,311.279,300.897,355.705,274.008,388.44,247.119,417.667,226.075,341.676,217.891,346.352,169.959,352.198,136.055,352.198,106.827,314.787,208.539,325.308,158.268,333.492,122.026,335.83,86.9529,293.743,206.201,304.265,159.437,313.617,124.364,315.956,96.3056,269.192,202.693,278.545,166.451,285.559,143.069,291.405,123.195
282.09304005770866,276.614,330.242,316.859,310.695,361.702,285.399,395.047,260.103,423.793,239.406,346.754,230.207,353.653,180.764,359.402,147.419,360.552,117.523,321.458,221.008,332.956,168.116,341.005,129.022,343.305,99.126,297.311,218.709,313.409,168.116,321.458,135.921,323.758,107.175,275.465,214.109,285.813,177.315,291.562,154.318,298.461,130.171
271.2481592121871,130.5,325.759,162.563,314.703,195.732,290.379,215.634,263.844,241.063,245.048,169.197,245.048,165.88,200.823,162.563,173.182,160.352,146.647,144.873,242.837,144.873,191.978,143.768,162.126,142.662,135.59,126.077,241.731,126.077,197.506,126.077,167.654,126.077,145.541,103.965,243.942,103.965,209.668,105.07,189.766,108.387,170.971
295.76308523039177,292.914,327.202,333.903,298.269,379.714,269.335,408.647,236.785,432.758,209.057,351.986,217.496,353.191,162.041,351.986,124.668,348.369,93.3239,323.053,211.469,326.669,151.191,329.08,108.996,330.286,77.6517,301.353,207.852,304.969,151.191,308.586,116.23,308.586,86.0906,274.83,205.441,280.858,164.452,284.475,141.546,286.886,117.435
271.72851090932653,348.975,354.59,384.418,339.084,422.076,313.609,446.443,284.812,467.487,260.445,398.816,268.198,399.924,221.679,398.816,189.559,396.601,162.977,377.772,260.445,378.88,212.819,379.987,178.483,379.987,149.686,356.728,259.337,361.158,213.926,366.696,181.806,363.374,157.439,335.684,259.337,341.222,225.002,343.437,203.958,345.652,185.129
274.2511371881619,330.356,319.092,367.246,302.324,408.607,277.73,433.2,249.784,456.676,229.662,387.367,230.78,392.957,184.947,392.957,153.647,391.839,127.935,366.128,221.837,373.953,173.768,375.071,140.232,376.189,113.403,347.124,220.719,354.949,176.004,358.303,144.704,358.303,121.228,324.767,220.719,331.474,186.065,334.827,164.825,340.417,145.821
284.24424905352095,224.71,310.32,262.944,291.783,304.654,269.769,337.095,245.438,366.06,226.901,288.434,212.997,295.385,163.177,298.861,133.054,301.178,105.247,264.103,204.887,275.689,151.591,281.482,115.675,284.958,86.7094,239.772,199.094,253.675,152.75,261.786,121.468,265.261,94.8196,220.076,197.935,228.186,162.019,231.662,140.005,239.772,119.15
284.02038612923536,228.277,375.235,260.693,355.555,302.37,324.297,330.154,296.512,354.466,272.201,278.058,272.201,278.058,218.947,276.9,188.847,274.585,161.062,250.274,265.255,257.22,209.685,257.22,174.954,256.062,144.854,229.435,264.097,232.908,215.474,238.697,181.901,237.539,154.116,205.124,264.097,210.912,227.051,213.227,205.055,216.7,181.901
271.5959434049043,183.271,291.559,223.124,278.274,267.406,255.026,295.082,233.992,321.651,215.173,241.944,199.674,248.586,154.285,249.693,124.395,249.693,96.7186,215.375,191.925,226.445,143.215,231.981,108.896,233.088,77.8988,196.555,189.711,205.412,143.215,212.054,112.217,214.268,85.6482,172.2,187.496,179.949,152.071,186.592,129.93,189.913,111.11
300.3575904501167,268.187,294.678,310.71,272.165,358.236,237.146,381.999,195.874,402.01,164.607,341.977,187.119,349.482,132.089,355.735,94.5685,355.735,63.3015,316.964,175.863,326.969,117.081,336.975,75.8083,338.225,42.0399,295.702,172.111,305.708,115.83,314.462,82.0617,316.964,52.0453,268.187,167.108,276.942,125.836,284.446,103.323,289.449,80.811
292.4565971490471,296.82,341.628,336.158,313.018,382.649,280.832,411.259,247.454,438.677,218.844,354.039,229.573,354.039,172.353,352.847,135.399,349.271,105.597,326.622,222.421,329.006,162.817,329.006,123.478,329.006,88.9079,303.972,220.036,307.548,164.009,308.741,131.823,308.741,99.6366,277.746,220.036,282.515,180.698,286.091,154.472,288.475,133.015
269.22541947780485,339.37,317.632,377.778,303.366,418.382,281.418,444.719,253.984,471.056,234.231,400.824,233.133,408.505,187.043,409.603,155.219,409.603,128.882,378.876,224.354,390.947,173.875,393.142,142.05,395.337,112.421,358.025,218.867,370.097,174.972,377.778,146.44,377.778,120.103,339.37,217.77,347.052,184.848,352.539,163.998,358.025,145.342
291.9381755098158,271.575,332.806,316.824,319.354,365.741,297.341,399.983,274.106,435.448,261.877,344.951,230.08,351.066,176.272,355.957,143.253,357.18,107.788,318.047,219.074,327.83,162.82,336.391,123.686,338.836,86.9981,289.919,214.182,304.594,164.042,311.932,127.355,319.27,96.7815,266.684,214.182,275.244,175.049,280.136,148.144,288.696,124.909
287.46998093366204,276.09,355.097,319.445,335.177,361.628,307.055,390.922,278.933,420.216,255.498,340.537,254.326,347.567,201.597,347.567,169.96,346.395,140.666,315.93,244.952,322.96,191.052,328.819,153.555,329.991,123.09,293.666,242.609,303.04,191.052,308.899,160.586,311.243,132.464,272.575,240.265,278.434,203.941,283.121,180.506,287.808,160.586
277.14520524988336,325.09,316.583,360.109,300.767,400.777,273.655,423.371,245.413,448.223,221.69,377.054,225.079,381.573,183.282,380.443,156.17,380.443,130.187,357.85,221.69,360.109,175.374,365.758,143.743,365.758,117.761,339.775,220.561,343.164,176.504,348.813,149.392,348.813,124.539,320.571,220.561,321.701,188.93,323.96,167.466,329.608,150.521
288.66153041408205,270.163,325.279,308.991,306.454,354.879,280.568,385.471,253.506,414.886,232.327,337.23,222.914,346.643,174.673,347.819,140.551,348.996,111.136,311.344,214.678,325.464,162.907,327.817,126.432,332.523,93.4868,290.165,212.325,301.931,165.26,308.991,129.962,312.521,100.546,266.633,209.971,278.399,173.496,281.929,148.788,288.989,127.609
290.21337047765394,340.735,308.198,377.406,298.735,416.443,280.991,447.199,259.698,477.955,249.052,406.979,224.21,416.443,182.807,423.54,155.6,425.906,129.575,386.869,214.746,399.882,172.161,406.979,137.856,414.077,111.831,367.942,211.198,382.137,169.795,389.235,141.404,395.15,117.746,347.832,210.015,358.479,174.527,364.393,155.6,369.125,140.221
295.58734042242065,251.786,344.565,290.341,330.107,330.1,307.215,357.812,281.913,385.523,262.636,316.847,257.816,321.666,214.442,327.691,184.321,328.896,156.61,291.545,251.792,302.389,203.598,309.618,167.453,312.028,138.537,271.063,244.563,281.907,203.598,291.545,171.068,292.75,146.971,251.786,243.358,260.22,208.418,263.834,186.731,272.268,168.658
282.4953472537203,251.232,328.095,292.685,302.763,335.29,276.279,366.38,247.492,392.864,224.462,313.412,224.462,320.321,171.494,320.321,136.95,319.169,107.012,286.928,216.402,294.988,162.283,299.594,123.132,300.745,90.8909,266.201,214.099,275.413,163.434,281.17,128.89,282.322,98.9513,240.869,212.948,248.929,173.797,253.535,151.919,258.141,127.738
267.45333050272524,351.266,342.713,386.151,329.631,427.578,305.647,453.742,279.483,479.905,260.951,411.225,257.68,418.856,215.164,421.037,187.91,421.037,163.926,390.512,251.139,402.504,205.352,405.774,173.738,409.045,148.664,371.979,246.779,383.971,206.443,391.602,177.008,391.602,156.295,353.446,246.779,358.897,217.344,365.438,195.541,369.799,179.188
286.3713389709242,346.831,313.535,384.184,305.364,422.704,286.687,455.388,266.844,485.737,256.338,413.366,230.658,425.039,189.803,430.875,161.789,436.712,136.109,393.522,221.32,411.032,174.629,418.035,145.447,422.704,117.432,374.846,215.483,390.021,174.629,400.526,146.614,404.028,124.436,355.002,214.316,365.508,182.8,372.511,162.956,378.348,145.447
275.82597914808525,328.207,358.482,360.812,335.996,396.789,305.64,418.15,276.408,437.263,251.674,372.054,262.917,373.179,215.697,372.054,188.714,368.682,166.228,349.569,259.544,354.066,212.324,354.066,178.595,352.942,152.736,330.456,259.544,336.077,214.572,337.201,187.589,336.077,161.731,312.467,260.668,314.716,228.064,316.964,206.702,319.213,188.714
288.592559107126,261.957,320.463,301.953,300.465,347.829,274.586,377.238,248.706,406.646,226.356,330.184,219.298,334.89,168.716,338.419,135.779,339.595,105.194,303.129,212.24,312.539,159.305,320.774,120.486,321.95,86.3728,280.779,207.535,292.542,160.482,300.776,124.015,303.129,95.7835,256.076,207.535,265.486,169.892,272.544,144.013,277.25,122.839
280.55928112254634,321.289,302.922,357.884,285.768,395.622,259.466,421.925,230.876,443.653,211.435,376.181,212.579,377.325,167.979,378.468,141.677,378.468,117.661,352.166,208.004,359.027,161.117,363.602,130.241,363.602,103.938,333.869,204.574,340.73,164.548,347.592,134.815,348.735,111.943,314.428,205.717,320.146,174.84,322.433,155.4,325.864,138.246
296.2041422870382,284.113,368.102,322.748,348.784,367.42,319.808,393.982,290.831,420.544,265.477,343.273,265.477,350.517,215.975,350.517,184.584,349.31,154.4,320.334,259.44,325.163,205.109,331.2,167.681,331.2,137.497,296.186,254.611,304.638,206.316,311.882,173.718,313.089,147.156,274.454,254.611,281.698,217.183,284.113,195.45,290.15,173.718
272.70222622670326,347.118,328.142,382.688,315.915,422.704,293.684,450.493,270.341,476.059,250.333,408.254,245.887,414.923,202.536,418.258,174.747,419.369,152.516,388.246,238.106,399.361,192.532,402.696,163.632,407.142,138.066,369.349,235.883,381.576,192.532,389.357,165.855,390.469,143.624,349.341,234.771,356.011,201.425,363.791,183.64,367.126,165.855
288.01120013811965,254.908,342.197,295.997,317.544,338.259,289.369,367.608,260.02,394.609,237.715,319.476,237.715,320.65,183.713,320.65,152.016,319.476,122.667,291.301,230.671,299.519,174.321,300.693,136.754,301.867,106.231,271.344,229.497,279.561,176.669,281.909,144.972,281.909,116.797,244.343,229.497,252.56,190.756,254.908,164.929,261.952,144.972
294.6764069992711,244.518,342.85,282.954,324.833,322.591,303.212,350.217,275.587,377.843,257.57,309.379,255.167,312.982,208.323,317.787,179.496,318.988,151.87,282.954,246.759,293.764,198.714,300.971,163.882,303.373,133.854,263.736,241.955,274.546,198.714,282.954,168.686,284.155,142.261,243.317,239.553,251.725,207.122,255.328,184.301,263.736,166.284
287.8520957523151,329.923,342.151,365.122,325.724,402.668,304.605,429.654,277.619,457.813,261.192,386.242,249.459,387.415,203.7,389.761,175.541,390.935,153.248,360.429,242.419,369.815,193.14,373.335,163.808,375.682,135.648,341.656,240.073,349.869,195.487,358.082,166.154,358.082,145.035,321.709,240.073,329.923,206.047,331.096,186.1,334.616,169.674
273.2643792739917,162.457,358.1,193.645,339.165,228.174,312.432,252.679,286.814,281.639,271.22,201.442,264.537,201.442,217.755,200.328,188.795,198.1,162.063,178.051,261.195,181.393,207.73,180.279,175.429,180.279,145.355,154.66,260.081,161.343,213.3,162.457,182.112,162.457,156.493,133.497,261.195,136.839,224.438,139.067,202.161,144.636,182.112
294.41958086547163,261.14,291.859,302.561,264.246,347.747,231.611,372.85,191.446,392.933,158.812,332.685,183.915,340.216,124.922,343.981,89.7775,343.981,54.6329,305.071,173.874,315.112,113.626,323.898,72.2052,325.154,35.8054,283.733,170.108,293.774,113.626,302.561,75.9707,303.816,44.5915,256.119,163.832,264.906,122.412,272.437,97.3085,276.202,73.4604
276.0727470287497,190.559,293.101,231.07,280.723,276.081,259.342,303.088,236.837,330.096,218.832,250.2,203.078,258.077,156.941,259.202,127.683,259.202,100.676,224.318,197.451,237.821,145.688,241.197,110.804,242.323,82.6711,204.062,190.699,214.19,145.688,222.067,115.305,223.193,90.5482,180.431,189.574,189.434,154.69,195.06,132.184,200.687,111.929
281.7998041908475,218.469,306.458,255.225,288.079,296.576,265.107,328.738,240.985,356.305,222.607,279.347,208.823,285.09,159.432,287.387,128.419,288.536,100.852,255.225,201.932,264.414,149.094,269.009,112.338,273.604,83.622,229.955,196.188,243.739,150.243,250.631,116.932,254.077,89.3652,209.28,195.04,218.469,159.432,221.915,136.459,229.955,114.635
275.1682036464242,337.313,331.608,373.205,314.784,411.339,290.109,437.136,262.068,461.812,240.758,392.272,244.123,393.394,198.137,394.515,165.61,393.394,140.934,368.718,235.15,374.326,188.042,376.569,153.272,377.691,126.353,348.529,234.028,356.38,188.042,361.988,156.637,360.867,134.205,329.462,234.028,335.07,199.258,338.435,177.948,340.678,160.002
287.9595660678769,264.456,329.46,310.178,315.021,359.508,289.754,394.401,269.3,428.09,256.065,333.038,223.579,341.461,173.045,346.273,135.746,348.68,104.463,308.974,213.953,319.803,158.606,327.022,116.495,330.632,85.2117,282.504,211.547,293.333,161.013,301.755,123.714,307.771,93.634,256.034,210.344,265.66,171.841,271.675,144.168,275.285,122.511
297.91901857048333,302.297,354.07,342.37,324.926,387.301,294.567,414.016,258.137,439.517,228.993,356.942,239.922,354.513,184.062,353.299,150.06,350.87,118.487,331.441,236.279,331.441,175.561,332.655,134.274,332.655,102.701,304.725,233.85,310.797,177.99,312.011,142.774,312.011,112.416,281.653,235.064,284.082,191.348,286.51,169.49,292.582,145.203
271.6625305374298,349.186,321.064,385.727,309.991,425.591,287.844,454.381,263.483,479.849,241.337,411.196,239.122,416.732,193.722,421.162,161.61,421.162,136.142,386.835,230.264,399.015,179.327,403.444,149.43,405.659,118.425,368.01,223.62,380.191,180.435,386.835,151.644,387.942,125.069,349.186,222.513,358.044,189.293,361.366,169.361,369.118,151.644
299.1135378414024,286.653,311.03,329.326,285.427,374.436,256.165,403.698,224.466,429.301,196.424,348.833,204.958,351.271,148.875,350.052,111.079,347.614,79.3795,320.791,196.424,324.449,137.902,329.326,97.6677,330.545,62.3105,295.188,190.328,302.503,135.463,308.599,101.325,309.818,72.0642,272.022,190.328,278.119,150.094,281.776,125.71,284.215,102.545
272.69732170668635,399.568,338.484,436.249,319.588,472.93,291.799,494.049,262.899,517.391,240.669,446.253,247.338,446.253,202.876,442.918,175.088,438.472,150.634,422.91,245.115,426.245,196.207,422.91,165.084,420.687,139.519,405.126,245.115,407.349,200.653,409.572,172.865,407.349,148.411,386.23,247.338,387.341,215.103,389.564,192.873,391.787,175.088
282.6553734090332,281.455,333.036,324.083,314.602,369.016,291.559,401.276,267.365,432.383,244.322,354.039,233.953,362.104,185.564,369.016,151,370.168,122.196,329.844,224.736,342.517,171.738,351.734,133.718,354.039,103.762,305.649,221.28,321.779,171.738,330.996,139.478,333.3,111.827,284.911,216.671,295.28,180.955,301.041,159.065,307.954,137.174
291.2007233181264,262.04,309.232,302.396,291.427,348.688,267.688,377.174,241.575,406.848,219.023,329.696,214.275,338.005,163.236,340.379,130.001,340.379,100.328,302.396,204.78,315.453,150.18,321.388,114.571,323.761,82.5232,282.218,198.845,294.088,150.18,301.209,119.319,303.583,90.8319,259.666,196.471,269.161,159.675,273.909,138.31,282.218,116.945
285.4939252313436,324.722,298.129,360.797,288.819,402.69,270.2,431.783,245.762,460.875,232.961,388.726,214.342,396.872,170.122,402.69,141.029,403.854,117.755,367.779,205.033,380.58,158.485,386.398,128.229,391.053,99.1362,347.996,198.051,361.961,159.648,368.943,130.556,372.434,103.791,329.377,198.051,338.687,165.467,342.178,146.848,349.16,130.556
289.7539171434961,237.623,339.23,275.417,323.876,315.573,297.893,342.738,269.547,369.902,250.65,301.401,250.65,304.944,203.408,306.125,173.881,308.487,146.717,276.598,242.383,286.047,192.778,289.59,160.89,294.314,132.544,256.52,240.021,265.969,193.959,274.236,163.252,275.417,137.268,236.442,238.84,239.985,202.227,247.072,180.968,251.796,162.071
266.06465800816164,340.931,344.711,376.72,327.359,416.846,303.5,442.874,273.134,464.565,252.528,392.987,254.697,398.41,209.148,397.325,176.613,395.156,151.669,372.382,247.106,376.72,198.303,378.889,164.683,379.973,138.655,351.776,244.937,358.283,200.472,364.79,167.937,362.621,145.162,331.171,244.937,337.678,211.317,339.847,191.796,344.185,172.275
273.60621750976355,343.203,315.686,378.891,304.534,416.809,283.344,445.806,259.924,471.456,240.965,405.657,234.273,412.348,190.779,415.694,164.013,417.924,141.708,383.352,226.466,396.735,180.741,401.196,152.86,405.657,126.094,364.393,224.236,378.891,180.741,386.698,153.976,387.813,132.786,345.433,223.121,353.24,189.663,361.047,170.704,365.508,153.976
292.8961997926911,263.355,353.293,301.559,331.803,344.538,304.344,371.997,274.497,398.262,248.232,321.855,248.232,323.049,198.09,324.243,163.467,321.855,134.815,294.396,244.651,301.559,189.733,302.753,151.529,302.753,118.1,272.906,239.875,281.263,190.926,283.651,158.692,283.651,130.039,247.835,241.069,254.998,202.865,258.58,180.182,263.355,157.498
290.86966356944134,314.372,301.935,352.311,286.522,390.251,266.367,418.705,243.84,447.16,227.242,372.466,210.643,381.951,169.147,384.323,140.692,386.694,113.423,352.311,204.715,362.982,156.105,368.91,124.094,371.281,96.8246,333.341,199.973,342.826,158.476,351.125,128.836,353.497,105.124,313.186,199.973,321.485,166.776,325.042,146.62,329.785,130.022
284.59260997432807,238.837,316.612,278.277,299.212,318.878,278.332,352.519,258.611,381.519,240.051,307.278,221.491,316.558,173.93,318.878,140.289,322.358,113.608,280.597,213.37,295.678,158.849,300.318,125.209,307.278,95.048,259.717,206.41,272.477,160.009,281.757,129.849,285.237,102.008,235.357,204.09,246.957,166.969,252.757,146.089,262.037,126.369
277.1599406642309,169.658,288.608,208.069,271.663,250.999,246.809,279.242,224.214,302.966,205.009,223.885,195.971,227.275,146.263,228.404,116.89,227.275,89.7763,199.031,189.192,208.069,136.095,209.199,101.074,209.199,72.8304,175.307,182.414,184.345,137.225,189.994,107.852,191.123,80.7385,153.842,181.284,160.621,146.263,164.01,125.928,167.399,106.722
271.7371240666243,356.326,327.295,392.878,315.111,434.968,296.281,462.658,269.698,489.241,249.761,418.353,245.33,427.214,199.918,429.429,167.797,431.645,142.321,395.093,235.362,409.492,185.519,412.815,154.505,418.353,126.815,375.156,229.824,388.447,186.626,398.416,156.72,400.631,131.245,356.326,227.608,366.295,195.487,372.941,174.442,377.371,156.72
291.5853768109779,287.981,303.299,331.956,277.152,379.497,251.004,408.022,218.914,437.735,191.577,352.161,197.52,358.104,141.659,358.104,103.626,358.104,73.9128,323.637,189.2,333.145,130.962,336.71,90.5522,341.465,56.0849,303.432,184.446,312.94,130.962,317.694,94.1178,318.882,64.4046,277.284,180.881,285.604,141.659,290.358,117.888,295.112,94.1178
278.3144990348149,336.91,340.787,369.809,323.77,409.514,295.409,431.068,265.914,454.891,244.36,385.691,250.032,386.826,208.058,385.691,181.966,384.557,154.74,365.271,247.763,367.54,201.251,368.675,168.353,367.54,142.261,344.852,246.629,349.389,202.386,351.658,175.159,352.793,150.202,324.432,247.763,327.835,214.865,330.104,194.445,331.238,176.294
290.5137126350493,266.253,324.134,307.699,308.74,352.697,281.504,381.117,253.084,410.721,231.769,333.751,225.848,342.04,177.298,343.224,142.957,343.224,113.353,307.699,216.375,319.541,165.456,324.277,128.747,326.646,95.5906,286.384,215.191,297.042,166.64,304.146,132.3,306.515,103.88,265.069,212.823,273.358,177.298,276.911,151.246,285.2,131.115
285.86612752475594,258.191,325.605,302.048,309.767,350.779,285.402,384.891,264.691,420.22,247.635,323.977,218.397,332.505,168.448,334.942,130.682,334.942,99.0067,298.393,208.651,310.576,151.392,314.231,111.189,317.886,79.5144,274.028,207.433,283.774,155.047,292.302,119.717,294.739,89.2605,246.008,207.433,254.536,168.448,260.627,140.428,264.282,118.499
272.1315319069071,350.976,369.654,386.471,351.906,424.185,326.394,447.479,297.554,469.664,273.151,403.11,280.915,403.11,232.109,402.001,202.16,397.564,175.538,377.597,273.151,383.144,221.017,383.144,188.849,380.925,162.228,358.741,272.042,363.177,226.563,367.614,194.395,366.505,168.883,339.884,272.042,342.102,237.655,345.43,217.689,349.867,195.505
288.7210283508979,208.03,312.536,244.513,293.707,284.526,268.993,315.124,244.279,341.015,220.742,264.519,214.857,268.05,163.076,269.227,132.477,269.227,104.233,237.452,207.796,245.69,152.484,249.22,118.355,252.751,86.5801,217.445,205.442,225.683,153.661,231.567,123.063,232.744,94.8181,195.085,204.266,199.792,167.783,205.677,143.069,209.207,123.063
283.6020025458213,148.013,312.566,182.693,292.915,217.372,267.483,241.648,242.051,272.859,230.492,193.097,217.776,195.408,173.848,195.408,141.481,194.252,116.049,167.665,213.152,175.757,161.133,175.757,128.765,175.757,101.021,146.857,211.996,154.949,165.756,157.261,134.545,157.261,110.269,124.893,211.996,129.517,175.004,131.829,154.197,138.765,134.545
283.84946049094407,274.409,321.035,319.532,305.994,364.655,280.54,394.737,253.929,424.819,234.26,348.457,225.004,356.556,176.411,360.027,142.858,363.498,113.933,321.846,215.748,336.887,162.527,343.829,126.66,348.457,95.4208,301.02,208.806,313.747,163.684,324.16,131.288,328.788,104.677,280.194,207.649,289.45,171.783,294.078,149.8,303.334,127.817
274.70042543287036,127.862,313.422,160.333,298.865,190.565,275.352,215.199,249.598,237.593,230.564,165.932,230.564,163.693,185.775,162.573,156.663,159.214,132.03,143.538,226.085,143.538,177.938,143.538,145.466,142.418,118.593,122.264,224.965,125.623,180.177,125.623,152.184,125.623,127.551,100.989,227.204,102.109,193.613,104.348,172.339,107.707,153.304
293.44606463539424,309.3,287.369,343.987,274.212,383.459,252.682,412.165,232.348,443.264,215.602,370.301,198.856,378.674,155.796,381.066,128.286,383.459,101.971,348.771,191.68,360.733,143.835,364.321,111.54,369.105,85.2256,328.437,185.699,341.595,145.031,348.771,116.325,351.164,91.2062,308.103,186.895,316.476,154.6,322.457,134.266,326.045,117.521
276.3999948860347,390.407,315.557,428.713,298.658,465.892,271.618,487.298,243.453,512.083,220.92,441.106,225.427,441.106,181.488,439.979,154.449,437.726,127.41,420.826,219.793,423.079,173.601,421.953,144.309,421.953,117.27,400.547,219.793,405.053,176.981,406.18,148.816,405.053,125.156,380.267,224.3,384.774,190.501,385.901,170.222,388.154,151.069
286.9227812722441,245.894,316.304,286.374,297.904,335.441,275.824,368.562,248.837,404.135,234.117,307.228,208.356,314.588,156.836,314.588,120.036,314.588,89.3686,279.014,199.77,288.828,142.116,294.961,101.635,296.188,69.7417,255.707,198.543,265.521,147.022,271.654,110.222,275.334,79.5551,227.494,199.77,236.08,159.289,238.534,132.302,245.894,110.222
297.17140880306766,302.037,315.768,345.644,289.119,394.096,264.893,426.801,233.4,455.872,207.963,372.293,209.174,377.138,154.665,380.772,117.115,380.772,84.4103,344.433,199.483,354.123,141.341,360.18,101.368,363.814,67.4521,322.629,195.85,332.32,141.341,340.799,103.791,343.222,74.7199,295.981,191.004,304.46,151.032,310.517,128.017,316.573,103.791
275.073306238537,312.613,318.028,347.371,297.846,383.25,270.937,409.038,242.906,429.22,218.24,364.189,226.088,366.431,181.239,365.31,154.33,364.189,127.421,339.522,220.482,347.371,173.391,348.492,143.118,348.492,115.087,321.583,218.24,329.431,174.512,331.674,147.603,331.674,124.057,303.643,219.361,307.007,189.088,310.37,166.663,312.613,148.724
270.7807940622821,299.031,339.454,333.246,320.69,370.773,294.201,396.159,268.815,421.544,248.948,349.802,247.844,349.802,199.28,349.802,171.687,346.491,146.302,324.416,242.326,332.143,194.866,332.143,161.754,332.143,135.264,306.757,241.222,313.379,197.073,314.483,169.48,314.483,145.198,289.097,241.222,290.201,207.007,293.512,188.243,296.823,171.687
277.42145991253085,153.274,282.141,190.59,264.048,233.56,238.04,260.699,213.162,283.315,192.808,205.29,188.285,207.552,139.661,206.421,110.26,205.29,81.9903,179.282,182.631,186.067,128.353,188.328,93.2983,188.328,65.0284,156.666,176.977,163.451,129.484,167.974,101.214,167.974,74.0748,134.05,175.846,139.704,139.661,143.097,119.307,145.358,100.083
302.5115902258953,297.779,311.018,343.625,291.193,391.95,260.216,416.732,221.804,439.036,192.066,378.32,210.652,390.711,154.893,396.906,120.198,400.624,87.9816,356.016,199.5,367.168,141.263,377.081,100.373,385.755,68.1561,328.756,190.826,346.104,140.024,356.016,102.851,359.734,71.8734,306.453,185.87,317.604,146.219,326.278,121.437,333.713,100.373
276.6576596770818,393.133,292.332,430.346,279.927,467.56,255.118,494.624,228.054,520.56,210.011,448.389,205.5,452.9,163.776,455.155,135.584,455.155,110.775,429.218,200.99,437.112,153.627,438.24,122.052,439.368,94.9879,411.176,198.734,419.069,155.883,421.325,127.691,423.58,102.882,390.877,199.862,395.388,166.032,399.899,146.861,403.282,128.818
287.3627549318109,271.637,383.849,310.29,358.08,352.458,327.626,380.569,298.343,406.338,271.402,327.86,277.259,327.86,223.378,326.689,190.581,324.346,161.299,303.263,271.402,305.605,215.179,305.605,176.526,305.605,146.071,278.665,270.231,285.693,218.693,286.864,185.896,286.864,157.785,256.41,270.231,259.924,232.749,262.266,206.98,266.952,185.896
271.01047851513044,283.432,297.282,318.781,280.712,359.654,255.305,386.165,231.002,412.677,211.118,339.77,208.909,341.979,161.408,343.084,132.687,341.979,109.489,316.572,201.176,324.304,153.676,325.409,121.641,325.409,95.1286,297.792,200.072,305.525,155.885,307.734,128.268,308.839,103.966,280.118,200.072,282.327,165.827,286.746,148.152,290.06,130.478
264.8608959774923,357.483,354.524,392.03,339.41,429.816,317.818,455.726,291.908,481.636,271.395,413.622,269.236,419.02,224.973,421.179,199.062,422.259,174.232,393.11,265.997,401.746,216.336,407.144,188.266,409.303,161.277,374.756,260.599,384.473,216.336,392.03,190.426,393.11,167.754,357.483,259.52,361.801,227.132,367.199,207.699,372.597,190.426
285.10697359763054,296.633,331.664,340.794,320.043,387.279,299.124,417.494,274.72,451.195,254.964,372.171,238.694,386.117,191.047,390.765,160.832,395.414,131.779,350.091,228.235,365.198,178.264,374.495,143.4,379.144,112.023,326.848,223.586,343.118,179.426,354.739,145.724,360.55,117.833,304.768,218.938,316.389,184.074,324.524,161.994,332.659,143.4
284.56261064482806,246.728,311.581,287.325,289.543,329.082,264.025,360.399,235.028,389.397,209.51,310.523,208.35,316.323,156.154,317.483,124.837,316.323,94.6795,283.845,200.231,293.125,145.715,297.764,107.438,298.924,77.2809,261.807,199.071,272.246,146.875,279.206,115.558,280.366,87.7201,238.609,196.751,246.728,158.474,251.368,135.276,254.848,114.398
276.9315154365786,116.02,261.286,146.497,249.998,181.49,227.422,204.066,204.846,228.899,186.785,155.528,180.013,156.657,135.99,156.657,107.77,155.528,81.8075,134.081,174.369,137.467,126.959,137.467,97.6106,137.467,69.3907,111.505,172.111,118.277,130.346,119.406,102.126,120.535,79.5499,92.3152,173.24,95.7016,140.505,99.088,119.058,101.346,102.126
275.70236611425736,384.664,304.71,422.873,285.606,461.082,260.883,483.557,230.54,509.404,211.436,437.482,213.684,438.606,169.856,438.606,141.761,436.358,117.038,415.006,211.436,420.625,163.113,420.625,130.523,419.502,104.676,397.026,210.312,402.645,166.485,403.769,138.39,404.892,112.543,376.798,212.56,382.417,177.722,384.664,157.494,384.664,139.514
296.1983014147785,308.12,320.451,353.998,295.097,402.292,270.95,434.889,240.767,465.073,215.413,381.767,215.413,387.804,158.668,391.426,121.241,391.426,91.0579,353.998,205.754,363.657,147.802,372.108,107.961,374.523,71.7406,331.059,198.51,343.132,146.595,351.584,110.375,353.998,81.3993,305.705,196.096,315.364,157.461,322.608,130.9,327.437,110.375
269.94094988348843,332.767,312.545,370.177,296.041,410.888,272.935,437.296,245.427,462.603,225.622,393.284,225.622,397.685,179.409,400.986,147.5,400.986,121.093,369.077,216.819,378.98,166.205,384.481,135.397,385.582,104.588,350.372,212.418,360.275,167.306,366.876,138.698,367.977,112.291,331.667,210.217,339.369,177.208,342.67,156.303,349.272,138.698
285.4164004257639,222.805,358.796,257.706,340.182,298.425,311.097,326.346,284.34,351.94,259.909,276.32,256.418,276.32,206.393,276.32,173.818,273.994,145.897,248.399,250.602,255.38,198.249,256.543,162.184,256.543,131.937,227.458,248.275,232.112,200.576,237.929,166.838,237.929,140.08,203.027,248.275,208.844,212.21,211.171,190.106,216.988,166.838
279.9058260486909,201.84,298.755,239.49,280.501,280.564,254.259,311.368,228.018,338.751,208.622,260.027,198.354,266.872,148.154,266.872,117.349,266.872,88.8255,232.645,191.509,242.913,136.744,248.618,101.376,249.759,71.7116,212.108,189.227,222.376,137.885,229.222,108.221,231.504,80.839,189.29,188.086,196.135,149.294,202.981,127.617,206.404,107.08
276.45013701931856,413.249,310.923,453.815,298.528,492.128,279.372,519.172,252.328,546.216,235.425,475.225,227.537,481.986,184.718,484.24,156.547,486.494,132.883,454.942,220.776,465.084,173.449,469.591,144.152,472.972,117.108,436.913,217.396,447.054,174.576,454.942,145.279,456.069,123.869,418.883,217.396,425.645,185.845,429.025,164.435,434.659,145.279
299.72913280160134,277.222,299.589,317.767,277.474,365.683,245.529,391.485,204.985,412.371,173.04,350.94,196.384,361.998,138.639,365.683,100.551,366.912,69.8358,325.139,184.098,336.196,126.353,346.025,83.3507,349.711,50.1778,304.252,177.955,315.31,122.667,325.139,89.4938,327.596,58.7781,277.222,173.04,287.051,131.267,294.423,109.152,300.566,84.5793
280.494384346639,154.017,327.71,184.886,308.273,220.329,281.977,246.625,256.824,275.208,244.248,197.463,233.958,199.749,188.225,199.749,156.212,196.319,132.203,172.31,228.241,176.883,174.505,178.026,143.636,178.026,116.196,150.587,227.098,155.16,180.222,159.733,148.209,157.446,125.343,127.72,227.098,133.437,190.512,135.723,171.076,138.01,151.639
273.5132218010676,324.59,304.326,363.61,287.603,402.63,267.535,428.272,239.664,453.914,216.252,383.677,217.366,387.022,170.542,390.367,141.556,389.252,115.914,359.15,209.562,368.069,161.623,372.529,127.062,374.759,99.1909,340.198,206.218,349.117,162.738,356.921,131.522,356.921,106.995,321.245,206.218,329.049,171.657,331.279,150.475,339.083,130.407
295.89993771543783,315.889,321.782,361.722,300.072,409.966,277.156,441.325,248.209,473.89,221.675,389.462,221.675,397.905,164.988,400.317,127.598,401.524,96.239,361.722,210.82,373.783,152.926,381.02,113.125,384.638,78.1473,340.012,203.583,352.073,151.72,360.516,116.743,364.134,86.5901,314.683,202.377,324.332,161.369,331.569,136.041,337.6,115.537
294.66429400930133,306.587,367.031,346.222,338.205,391.863,303.374,417.086,270.944,442.309,242.119,358.233,252.928,357.032,196.478,355.831,161.646,349.825,130.418,330.608,248.124,333.01,186.869,330.608,147.233,329.407,116.005,307.788,245.722,310.19,189.271,311.391,156.842,310.19,126.815,281.364,248.124,287.369,204.885,288.57,183.266,290.973,159.244
281.203515063379,381.895,292.006,419.72,274.813,456.398,248.45,481.615,220.941,506.832,201.455,435.767,202.601,436.913,156.753,436.913,129.244,435.767,105.173,411.696,198.016,418.573,148.729,418.573,118.928,418.573,92.5649,394.503,195.724,400.234,154.46,402.526,124.659,403.673,100.588,373.871,199.163,380.748,165.923,381.895,145.291,384.187,126.951
273.1139577630554,118.894,279.725,151.178,267.479,184.575,244.101,206.84,218.497,232.444,200.685,161.197,198.458,161.197,155.042,160.084,123.871,155.631,100.493,135.593,191.779,140.046,145.023,140.046,111.626,138.932,84.9081,116.668,191.779,118.894,147.249,123.347,119.418,122.234,93.814,95.5161,192.892,98.8558,157.269,99.9691,138.343,102.196,119.418
302.3763271504567,282.372,304.68,327.975,281.262,376.043,250.449,399.461,211.009,420.413,180.196,360.02,202.381,371.113,143.221,377.275,107.478,378.508,74.2,335.37,190.056,348.928,130.895,358.788,90.2226,361.253,53.2473,310.72,182.661,326.742,128.43,336.602,93.9201,340.3,63.1073,288.534,177.731,298.395,135.826,303.325,113.64,311.952,91.4551
284.9604888839854,406.736,306.322,445.067,294.707,484.558,269.153,511.273,243.6,537.988,226.177,469.459,221.531,471.782,176.231,475.266,148.355,477.589,125.124,446.228,213.4,455.52,166.939,461.328,137.901,461.328,110.024,426.482,212.238,438.097,168.101,443.905,140.224,445.067,118.155,406.736,213.4,414.867,178.554,418.352,158.808,424.159,140.224
286.1541267079684,209.796,303.334,245.954,284.671,290.277,257.844,318.27,235.683,347.43,214.688,271.615,201.858,273.947,155.202,277.447,123.71,277.447,94.5499,244.788,194.859,254.119,144.705,258.784,107.38,262.283,78.2205,223.793,191.36,233.124,144.705,241.288,110.879,243.621,85.2188,199.298,191.36,207.463,154.036,213.295,130.708,217.961,110.879
288.89443177742277,217.84,343.423,253.167,323.404,294.382,295.143,323.821,269.236,348.55,248.04,272.008,243.33,273.186,191.517,273.186,162.078,272.008,132.639,244.924,237.442,251.99,182.097,253.167,145.593,253.167,116.154,223.728,236.265,231.971,184.452,233.149,153.835,234.326,125.574,199,237.442,204.887,199.76,207.242,173.854,214.308,153.835
266.9742330076069,205.968,271.704,234.261,255.381,263.643,230.352,286.495,204.235,304.995,184.647,246.232,189,250.584,152,249.496,129.148,249.496,108.472,226.644,186.823,233.173,144.383,234.261,118.266,234.261,97.5897,209.232,185.735,215.762,149.824,217.938,124.795,219.026,104.119,191.821,186.823,195.086,160.706,199.438,142.206,200.527,125.883
284.38828848073194,333.412,353.065,369.347,340.314,406.441,313.652,433.102,288.15,460.923,273.081,387.894,262.648,390.212,218.599,391.371,189.619,391.371,164.117,362.392,256.852,370.506,208.166,373.983,174.549,375.143,147.888,343.844,253.374,351.959,210.484,358.914,180.345,358.914,156.002,324.138,255.693,331.093,220.917,333.412,200.051,334.571,182.664
271.0975642918984,291.03,312.182,325.285,294.502,362.856,269.086,390.481,243.671,417.002,223.78,342.965,222.675,345.175,175.159,345.175,146.429,344.07,123.224,319.76,214.94,327.495,168.529,327.495,135.379,327.495,108.858,302.08,213.835,308.71,170.739,310.92,143.114,310.92,117.698,283.294,213.835,284.399,179.58,288.82,161.899,293.24,144.219
287.2151172379338,254.157,316.12,295.132,295.047,338.448,268.12,368.887,240.023,396.984,220.121,319.717,213.097,326.741,163.927,327.912,128.805,327.912,99.5375,295.132,204.902,305.668,153.39,309.18,115.928,310.351,80.8061,271.718,202.56,282.254,154.561,289.278,119.44,290.449,90.1718,249.474,201.39,257.669,163.927,261.181,138.171,268.205,118.269
291.9127217542943,288.92,330.421,334.135,313.763,379.35,292.345,412.666,267.358,442.413,247.13,366.262,235.232,375.781,187.637,382.92,154.321,384.11,125.764,338.895,225.713,356.743,172.169,365.072,138.853,368.641,105.536,318.667,217.384,334.135,173.359,344.844,140.042,347.224,112.676,298.439,216.194,307.958,179.308,316.287,157.89,323.426,137.663
277.97342244898164,322.692,345.227,355.55,323.699,392.941,295.373,414.469,265.914,435.997,240.987,369.147,251.184,370.28,205.863,369.147,178.669,368.014,151.476,349.885,248.918,351.018,197.931,351.018,168.472,351.018,141.279,331.756,247.785,332.89,200.197,335.156,173.004,334.023,150.343,312.495,248.918,313.628,214.927,314.761,194.532,315.894,176.403
289.13362802863315,286.19,383.778,329.796,360.208,369.866,329.566,398.151,300.102,425.257,278.889,349.831,281.246,351.009,229.39,351.009,196.391,349.831,166.928,322.725,271.817,329.796,218.783,332.153,181.07,332.153,149.25,301.511,270.639,306.225,221.14,312.118,186.963,313.296,158.678,275.583,270.639,283.833,232.926,285.011,206.998,292.083,186.963
278.8051864026206,308.871,303.552,340.691,284.233,380.466,258.095,403.195,229.684,427.06,205.819,360.01,212.637,364.556,167.18,364.556,139.906,363.42,114.904,338.418,208.092,346.373,158.089,346.373,129.678,347.51,102.403,319.099,204.682,327.054,161.498,329.327,133.087,329.327,111.495,300.916,205.819,303.189,175.135,306.598,153.543,311.144,135.36
295.2887541729282,295.92,309.351,338.046,284.075,386.191,256.391,416.282,226.301,446.373,198.617,360.915,204.635,366.933,149.269,368.137,110.753,368.137,79.4585,335.639,192.599,346.472,134.825,347.675,93.902,350.083,62.6077,310.363,188.988,322.399,133.622,327.214,101.124,329.621,71.0331,287.494,187.785,297.123,148.065,299.53,121.585,307.956,101.124
290.9488948664353,238.301,312.596,278.506,295.54,327.238,267.518,360.133,243.152,394.246,227.314,297.999,201.729,304.09,151.778,304.09,114.01,302.872,82.3339,268.759,198.074,277.287,139.595,279.724,96.9538,282.161,62.8408,245.611,193.201,254.139,140.813,257.794,103.045,260.231,72.5874,218.808,195.638,227.336,154.215,228.555,129.848,233.428,103.045
273.2632879934661,337.836,354.762,372.365,335.826,411.35,309.094,434.74,279.02,455.904,255.63,387.959,262.313,389.073,217.759,386.845,191.027,384.617,166.522,363.454,257.857,370.137,211.076,371.251,181.002,369.024,155.384,345.633,257.857,351.202,213.304,353.43,186.571,353.43,163.181,327.811,260.085,328.925,228.897,330.039,208.848,335.608,189.913
285.19734426007545,399.997,298.636,437.197,287.011,475.559,261.436,503.459,234.699,529.033,218.424,458.121,213.774,463.934,169.599,465.096,141.7,465.096,118.45,437.197,206.799,446.497,159.137,447.659,128.912,448.822,102.175,418.597,204.474,427.897,161.462,434.872,131.237,434.872,110.313,399.997,205.637,406.972,173.087,409.297,151,412.784,133.562
269.88960739532007,295.32,327.197,328.323,308.496,367.926,283.194,393.228,256.791,420.731,235.889,344.824,232.589,345.924,187.485,345.924,159.983,344.824,134.681,322.822,230.389,327.222,179.785,328.323,150.082,328.323,122.58,305.22,229.289,309.621,180.885,312.921,153.382,311.821,131.38,284.319,229.289,289.819,195.186,290.919,176.484,293.119,158.883
303.98339682620826,290.54,310.021,337.624,285.24,384.709,254.263,409.49,215.852,430.554,186.115,369.84,205.94,380.992,147.704,388.426,114.249,389.665,82.0335,346.298,193.549,359.928,134.074,369.84,94.4241,373.557,59.7304,320.278,186.115,336.385,134.074,347.537,96.9023,350.015,67.1647,297.974,182.398,309.126,142.748,315.321,116.727,322.756,95.6632
275.69531582890556,161.526,281.975,198.61,268.49,242.436,243.767,269.407,217.921,294.129,198.817,215.466,189.827,217.714,143.753,217.714,111.164,215.466,85.3176,189.62,181.96,197.486,132.515,198.61,98.8027,198.61,68.4613,168.269,180.837,173.887,134.763,179.506,102.174,179.506,76.3276,144.67,179.713,151.412,143.753,153.66,120.154,158.155,101.05
280.35568957308493,144.431,291.504,176.428,275.505,212.996,251.508,239.279,227.51,270.134,214.939,190.141,201.226,192.426,156.659,193.569,124.662,192.426,98.3785,163.858,196.655,173,144.089,173,113.234,175.285,83.5227,144.431,193.227,152.43,148.66,154.716,117.805,155.858,91.522,121.576,193.227,127.29,157.802,129.575,136.089,136.432,116.663
287.2100559137859,213.156,328.46,249.447,309.729,290.422,281.632,318.518,255.877,345.444,234.804,269.349,227.78,270.52,178.611,270.52,148.173,269.349,118.905,241.253,224.268,249.447,169.245,250.618,131.783,251.789,102.516,221.351,220.756,229.546,170.416,231.887,139.978,233.058,111.881,195.595,220.756,202.62,184.464,206.132,159.88,211.985,139.978
299.0281234014619,218.316,325.787,252.444,306.285,291.448,281.908,318.263,253.874,341.422,233.153,273.165,235.591,278.041,188.055,279.259,158.803,276.822,130.769,251.225,228.278,258.539,178.304,259.758,146.614,260.976,116.142,230.505,225.84,237.818,179.523,241.475,150.27,241.475,124.674,209.784,225.84,212.222,189.274,217.097,168.553,221.973,149.052
274.8855882308129,392.028,330.22,430.123,311.173,468.219,284.282,490.628,252.909,516.398,231.62,444.689,237.223,444.689,193.525,442.448,164.393,439.087,139.743,420.039,232.741,425.642,185.682,425.642,152.068,421.16,126.298,402.112,232.741,407.714,187.923,408.835,159.911,407.714,134.141,383.064,238.343,387.546,203.609,388.667,180.079,390.908,161.032
288.8613515893049,316.918,291.467,353.418,280.87,393.451,260.854,422.886,238.483,452.322,224.354,380.499,205.515,388.741,164.305,391.096,136.047,395.805,110.144,359.305,196.095,371.079,148.998,376.967,119.563,381.676,92.4822,339.289,194.918,352.241,148.998,360.483,120.74,362.838,99.5467,316.918,194.918,327.515,159.595,333.402,139.579,338.112,120.74
274.14596378207,124.939,294.357,153.993,282.065,188.633,260.834,209.865,235.133,234.448,217.254,162.932,215.019,162.932,170.321,161.815,139.033,157.345,115.566,138.349,209.431,142.818,161.382,141.701,128.976,139.466,102.157,118.235,208.314,120.469,164.734,124.939,136.798,123.822,111.097,99.2381,209.431,100.356,174.791,101.473,154.677,104.825,136.798
