299.28705942121854,285.869,344.514,305.388,322.555,324.906,285.957,302.948,253.02,277.33,246.92,333.446,253.02,345.645,211.542,355.405,183.484,357.844,156.646,310.267,249.36,306.608,196.903,304.168,165.185,298.068,135.907,287.089,246.92,284.649,203.003,283.429,170.065,280.989,145.666,266.35,251.8,255.371,216.422,246.831,195.683,238.292,176.165
322.56973777774004,265.871,338.562,292.167,310.951,317.148,274.136,301.371,233.376,280.334,220.228,327.667,237.321,348.704,201.821,357.908,172.895,367.112,150.543,304,234.691,311.889,182.098,311.889,150.543,311.889,126.876,281.648,230.747,282.963,186.043,288.222,157.117,290.852,129.506,259.296,232.061,248.778,199.191,240.889,180.784,234.315,161.061
326.73959389244516,292.279,316.244,318.915,292.271,342.888,250.985,326.906,209.698,301.602,196.38,350.879,216.357,373.52,172.407,382.843,141.775,392.165,111.144,328.238,208.366,329.57,153.762,329.57,120.466,328.238,88.5026,304.265,205.703,305.597,156.425,305.597,123.13,306.929,95.1617,281.624,205.703,265.643,169.744,254.988,147.103,245.665,128.457
293.32879209855963,302.389,360.095,322.715,334.986,347.823,296.726,331.084,265.64,354.997,254.879,350.214,264.444,368.149,221.402,374.127,192.706,377.714,168.794,329.889,258.466,329.889,208.25,323.91,175.968,321.519,149.664,305.976,257.27,304.78,210.641,302.389,180.75,302.389,155.642,285.65,258.466,273.694,227.38,265.325,207.054,258.151,187.924
303.64021688998974,272.793,323.77,303.735,307.68,333.439,276.738,319.824,240.846,302.497,221.043,333.439,238.371,355.716,196.29,370.568,166.586,380.47,143.071,316.111,232.182,329.726,177.725,333.439,145.546,334.676,115.842,296.309,227.232,304.972,178.963,312.398,148.021,321.062,120.793,277.744,228.469,272.793,190.102,264.129,166.586,261.654,140.595
297.47325957134365,302.923,410.64,323.536,386.389,346.574,351.226,330.811,317.275,310.198,311.212,358.699,318.488,374.462,279.687,384.162,256.649,390.225,232.398,335.661,317.275,338.086,268.774,338.086,238.461,334.449,211.785,313.836,313.638,313.836,269.987,315.048,242.098,317.473,217.848,293.223,316.063,284.735,282.112,281.098,265.136,273.822,246.949
292.44555548853873,265.282,338.615,284.354,318.35,304.619,280.205,278.394,244.444,255.745,233.716,308.195,243.252,323.691,197.955,327.267,166.962,332.035,143.121,286.738,240.868,279.586,188.418,277.202,153.849,271.242,122.857,259.321,239.676,258.129,193.187,254.553,161.002,252.169,133.585,239.057,243.252,222.368,207.491,211.64,186.034,204.488,166.962
285.96646818289736,262.729,274.355,287.207,253.374,310.52,219.571,290.704,184.602,269.723,176.443,319.845,184.602,337.329,143.805,347.82,115.83,355.979,93.6833,300.029,178.774,298.864,126.321,298.864,93.6833,297.698,65.7083,274.385,176.443,276.717,129.818,276.717,97.1802,277.882,70.3708,253.404,177.608,244.079,141.474,235.92,120.493,232.423,96.0146
283.8483391478626,295.5,297.436,316.326,278.924,344.094,246.528,327.896,210.661,304.756,199.091,356.82,212.975,378.803,174.795,389.216,148.184,398.472,121.573,334.838,204.876,340.623,152.812,341.78,120.416,341.78,91.4912,312.855,200.248,314.012,152.812,317.483,121.573,322.111,93.8051,289.715,196.777,283.93,165.539,276.988,140.085,273.517,120.416
285.97832992728655,286.154,327.047,307.136,307.231,329.284,271.095,308.302,234.959,283.823,225.634,337.444,234.959,354.929,195.326,364.254,167.35,371.248,140.54,316.462,232.628,315.296,177.841,311.799,142.871,308.302,113.729,289.651,227.965,288.486,179.007,288.486,149.865,288.486,121.889,269.835,231.462,257.012,195.326,250.018,173.178,241.859,149.865
296.52913614854106,278.305,287.846,307.313,255.212,331.486,217.743,307.313,187.526,279.513,176.648,333.904,171.813,354.451,122.258,365.329,92.0407,376.207,63.0325,304.896,168.187,309.73,104.127,309.73,67.8672,308.522,34.0242,277.096,168.187,280.722,110.171,283.139,75.1192,286.765,44.9023,250.505,170.605,239.627,129.51,232.375,102.919,228.749,78.7453
300.85963885672663,300.571,340.804,323.871,322.409,353.303,284.393,332.456,245.151,311.608,231.661,360.661,248.83,381.509,203.456,392.546,174.024,401.13,145.818,336.135,241.472,342.266,185.061,342.266,150.723,341.04,120.065,312.834,237.793,315.287,186.287,318.966,154.402,320.192,126.197,291.987,237.793,277.271,202.229,269.913,177.703,263.781,154.402
285.0670275215989,294.922,292.684,320.485,274.093,349.534,239.234,334.428,202.052,311.189,191.594,359.991,206.699,385.554,167.193,398.336,140.468,406.47,117.229,340.238,198.566,347.21,146.278,349.534,110.257,349.534,81.2082,318.161,191.594,321.647,145.116,327.457,112.581,329.781,88.1799,296.084,190.432,290.274,154.411,283.302,130.01,280.978,109.095
292.3812556184133,273.449,272.933,296.093,253.865,318.736,216.92,298.476,181.167,277.024,171.632,327.079,182.358,344.955,140.646,354.49,112.044,359.257,84.633,306.819,177.591,305.627,125.153,305.627,90.5918,303.243,61.9893,282.983,172.824,284.175,126.345,284.175,94.1672,284.175,66.7564,260.34,172.824,249.614,139.455,241.271,116.811,237.696,95.3589
314.01133664248493,310.828,301.744,340.267,283.825,370.985,244.147,353.066,204.469,336.427,189.109,378.665,207.029,402.984,163.511,414.503,134.072,423.463,108.473,354.346,199.349,364.586,144.312,370.985,109.753,369.705,77.755,331.307,194.229,340.267,146.872,344.107,111.033,349.226,81.5948,309.548,194.229,300.589,155.831,291.629,131.512,287.789,108.473
291.039279744161,275.427,297.011,296.78,276.843,316.947,240.068,296.78,204.479,270.682,196.175,324.065,204.479,338.301,162.958,346.605,133.301,352.536,106.016,301.525,200.92,299.153,148.722,296.78,114.32,292.035,85.8484,278.986,198.547,277.799,152.281,275.427,117.879,274.24,91.7799,258.818,200.92,244.583,164.144,236.279,143.977,229.161,123.81
300.40928962500476,249.901,325.596,279.289,306.004,306.227,268.045,287.86,232.534,259.697,227.636,308.676,231.31,328.268,189.677,338.064,160.289,346.636,133.35,289.084,228.861,295.207,172.534,296.431,138.248,296.431,106.412,268.268,227.636,270.717,173.759,274.391,141.922,276.84,112.534,248.676,226.412,236.431,188.453,229.084,161.514,220.513,138.248
317.1327773047119,315.633,314.756,345.364,296.658,375.095,256.586,355.705,216.513,337.608,199.709,380.266,219.099,404.827,175.148,419.046,145.417,426.802,119.564,358.291,212.635,367.339,157.051,368.632,120.857,368.632,89.8327,336.315,206.172,341.486,159.636,346.657,124.735,349.242,97.5887,314.34,206.172,302.706,169.978,294.95,142.832,285.902,120.857
315.9227992595659,264.457,325.697,292.787,305.093,319.829,265.173,299.225,229.117,276.046,212.377,326.268,230.405,345.584,184.047,357.173,157.004,364.9,129.962,304.376,222.678,305.664,169.882,306.952,133.825,304.376,105.495,282.485,220.103,282.485,171.169,283.773,140.264,285.06,111.934,259.306,221.391,245.141,184.047,233.551,160.867,228.4,140.264
292.7938192192588,279.473,311.218,299.762,288.543,321.244,251.546,298.568,220.516,272.312,210.968,327.211,218.129,341.532,173.971,347.5,145.329,351.08,117.879,305.729,212.162,299.762,163.23,298.568,126.233,291.408,97.5906,280.666,210.968,279.473,164.424,277.086,134.588,273.506,105.945,260.378,212.162,247.25,178.745,237.702,156.07,231.735,136.974
305.929991520936,266.503,366.523,295.184,346.571,317.63,306.667,296.431,275.492,271.491,266.763,321.371,271.751,337.582,226.859,346.311,196.931,352.546,174.485,300.172,266.763,301.419,214.389,301.419,176.979,297.678,147.051,277.726,266.763,277.726,215.636,278.973,185.708,280.22,155.78,257.774,268.01,245.304,230.6,236.575,206.907,226.599,184.461
310.4740812257925,302.158,272.014,328.734,255.562,362.903,217.597,345.186,177.1,331.265,161.914,371.762,182.162,395.806,141.665,412.258,112.559,421.117,83.4516,347.717,173.303,361.637,118.886,365.434,83.4516,365.434,51.8137,324.937,165.71,335.061,118.886,342.655,84.7172,346.451,55.6103,303.424,165.71,294.565,126.479,288.237,103.7,283.175,79.6551
296.19626901937846,315.542,310.205,344.517,296.924,379.53,261.912,362.627,222.071,396.432,222.071,390.396,226.9,419.371,188.266,436.274,160.497,447.14,133.936,369.871,216.034,381.944,164.119,389.188,127.899,391.603,96.509,346.932,211.205,356.591,162.912,363.834,130.314,371.078,102.546,322.786,205.168,316.749,168.948,313.127,143.595,310.712,120.655
284.480500438958,270.73,288.109,291.602,268.396,318.272,231.29,297.4,195.344,275.368,186.067,327.549,196.503,346.102,157.078,360.016,129.248,364.655,103.738,306.677,188.386,306.677,137.365,306.677,102.578,306.677,74.7488,280.007,186.067,283.485,138.525,285.804,106.057,286.964,80.5466,261.453,186.067,251.017,150.12,242.9,129.248,238.262,106.057
286.0151925265509,278.858,344.617,297.511,324.798,319.662,286.325,295.18,253.682,269.531,245.522,325.491,251.351,340.647,211.713,347.642,183.733,351.139,155.753,304.506,249.019,297.511,198.889,294.014,165.08,288.185,137.1,277.692,247.853,275.361,202.386,273.029,168.577,269.531,144.095,257.873,250.185,245.049,216.376,234.557,194.225,228.728,175.572
302.8998572746445,249.696,313.079,280.562,297.029,307.724,259.989,287.97,229.123,268.216,218.011,307.724,227.889,326.244,188.38,337.356,157.514,345.998,130.352,290.439,220.481,299.082,169.86,301.551,135.29,299.082,103.189,269.45,218.011,276.858,169.86,280.562,138.994,284.266,109.363,250.931,218.011,243.523,180.972,236.115,157.514,228.707,131.586
304.1812797658659,279.754,329.605,311.991,313.487,341.748,282.49,329.349,245.294,304.551,232.895,341.748,244.054,366.545,201.899,380.183,172.142,390.102,149.824,325.629,236.615,339.268,183.3,344.227,151.064,346.707,121.307,305.791,232.895,314.47,183.3,323.149,153.544,330.589,125.027,288.433,232.895,280.994,194.459,274.795,170.902,271.075,143.625
301.21913825319933,284.382,301.85,312.621,283.433,342.088,245.371,322.443,206.082,301.571,192.576,351.91,209.765,374.011,166.792,386.289,137.325,394.883,110.313,328.582,201.17,334.721,147.147,337.177,111.541,335.949,78.3908,305.254,196.259,308.937,147.147,313.849,116.452,315.076,86.9853,284.382,195.031,272.104,158.198,264.737,134.869,257.37,110.313
298.3089265057283,276.47,294.818,303.22,263.203,328.755,229.157,303.22,199.975,274.038,190.247,328.755,184.168,346.994,134.315,357.937,103.916,368.881,75.9498,300.789,181.736,304.436,116.076,303.22,80.8136,300.789,47.9834,275.254,180.52,275.254,123.371,276.47,89.3251,280.118,60.1427,248.503,184.168,236.344,142.826,229.049,117.292,222.969,92.9729
295.5318336846303,324.992,449.241,343.061,427.558,364.744,390.215,346.675,358.895,322.582,351.667,374.381,358.895,387.632,320.347,396.064,292.641,402.087,268.549,350.289,354.076,350.289,308.301,349.084,276.981,346.675,252.889,328.605,352.872,327.401,311.915,327.401,283.004,328.605,257.707,309.332,357.69,298.49,325.166,291.262,305.892,288.853,289.027
285.982989343772,272.129,284.589,294.277,265.938,317.591,230.968,300.105,195.997,276.791,185.506,330.413,195.997,350.23,155.198,360.721,127.221,365.384,105.073,307.099,191.334,309.431,140.044,307.099,106.239,307.099,77.0963,284.951,187.837,286.117,141.209,286.117,108.57,287.283,80.5934,262.803,186.671,254.643,154.032,247.649,129.552,240.655,108.57
297.111815929626,269.104,381.657,298.169,359.858,322.39,322.315,298.169,292.039,277.581,282.35,317.546,292.039,333.29,246.019,339.345,214.531,344.189,191.521,298.169,287.194,303.013,232.697,300.591,196.365,295.747,166.089,278.792,283.561,278.792,235.119,278.792,204.843,280.003,175.777,259.415,288.405,247.305,252.074,237.616,225.431,227.928,203.632
282.3816129778991,286.719,289.388,313.193,269.821,340.817,234.14,322.401,197.308,302.834,185.797,350.025,199.61,375.347,161.626,386.857,134.002,396.065,109.831,331.609,191.552,336.213,140.908,339.666,105.227,339.666,77.6025,306.287,188.099,312.042,140.908,315.495,107.529,320.099,79.9045,285.568,186.948,277.511,151.267,274.058,125.945,268.303,105.227
284.662207235172,279.656,289.665,300.542,271.1,327.229,235.13,308.664,201.481,286.618,189.878,338.832,201.481,358.557,160.871,371.32,133.023,377.122,110.977,316.786,195.68,317.946,145.787,317.946,110.977,317.946,80.8095,294.74,192.199,295.9,144.626,297.061,113.298,298.221,85.4507,271.534,189.878,263.412,158.55,257.61,133.023,251.809,112.138
299.64566018549306,314.592,439.963,334.134,413.093,358.562,378.894,341.462,344.695,319.477,338.588,368.333,344.695,382.989,305.611,391.539,279.962,398.867,256.756,343.905,343.474,346.348,294.618,343.905,265.305,342.684,237.214,323.141,341.031,323.141,298.283,323.141,268.969,324.363,245.763,303.599,343.474,293.828,312.939,288.943,294.618,284.057,275.076
294.6149334724905,298.771,288.442,323.989,260.822,344.404,224.796,321.587,193.573,296.369,183.966,349.207,186.368,366.02,140.735,375.627,111.913,382.832,86.6951,325.19,181.564,328.793,126.324,329.993,92.6995,328.793,65.0793,299.972,179.163,302.373,129.927,304.775,99.9047,308.378,73.4855,275.954,182.765,268.749,146.739,263.945,125.123,259.142,105.909
285.5407600186005,282.389,284.03,303.339,265.408,332.436,229.327,314.977,192.082,291.7,181.607,341.747,195.574,366.189,156.002,376.664,128.068,385.975,103.627,321.961,188.591,325.452,136.216,328.944,100.135,327.78,71.0377,298.683,182.771,301.011,136.216,305.666,104.791,309.158,76.8571,275.405,181.607,268.422,146.691,263.766,123.413,256.783,100.135
284.5919749711858,343.764,420.803,366.964,402.242,394.805,366.282,375.084,329.161,406.405,329.161,404.085,329.161,423.805,285.08,436.565,257.24,442.365,235.2,384.364,321.041,386.684,271.16,389.004,236.36,384.364,208.519,360.004,318.721,364.644,273.48,364.644,242.16,365.804,216.639,337.964,318.721,332.163,282.76,327.523,261.88,321.723,237.52
325.5285991752491,282.127,288.003,309.991,264.119,336.529,224.312,321.933,181.852,300.703,167.257,344.49,189.814,367.047,147.353,380.316,116.835,386.95,86.317,323.26,181.852,325.914,127.45,328.568,92.9514,324.587,62.4332,300.703,179.199,300.703,128.777,302.03,95.6051,303.357,66.4138,278.146,177.872,260.897,139.392,250.282,116.835,243.647,96.932
300.9353978913082,286.191,351.084,307.043,325.325,334.029,286.072,310.723,251.726,286.191,235.78,337.709,251.726,354.882,206.341,363.469,175.675,365.922,147.462,315.63,245.593,313.177,192.848,309.497,156.049,305.817,126.609,289.87,243.14,287.417,196.528,286.191,164.635,286.191,136.422,266.564,245.593,251.845,211.247,240.805,187.941,234.672,167.088
294.1876123445717,274.849,316.317,295.235,295.931,315.62,259.957,294.035,225.182,268.854,220.386,325.213,223.983,342.001,183.213,351.594,154.434,353.992,131.65,303.629,220.386,303.629,167.624,300.031,135.247,296.434,107.667,278.447,219.187,278.447,173.62,277.248,143.641,277.248,116.061,258.061,220.386,248.468,186.81,240.074,165.226,235.278,146.04
301.82118738418615,259.407,354.282,288.933,333.367,314.769,295.23,293.854,260.783,269.249,254.631,317.229,258.322,335.683,216.494,344.295,186.968,349.216,159.902,297.545,255.862,298.775,200.5,298.775,167.284,297.545,136.527,276.631,254.631,276.631,204.191,277.861,169.744,279.091,141.448,253.256,255.862,240.954,217.724,231.112,191.889,226.191,167.284
289.277414184032,283.625,325.076,302.491,305.031,324.894,267.299,301.312,231.925,275.371,222.492,330.79,230.746,343.76,187.119,349.655,156.462,353.193,131.7,308.386,228.388,302.491,177.686,300.132,141.133,294.237,110.476,283.625,226.03,282.446,180.044,277.729,147.029,275.371,118.73,263.58,229.567,248.251,193.014,238.818,172.969,232.922,152.924
315.0684659466891,320.148,327.598,349.685,308.335,377.939,268.523,358.675,228.711,340.696,213.3,383.076,231.28,406.192,187.616,420.319,156.794,426.74,131.109,361.243,224.859,368.949,168.352,371.517,134.961,370.233,102.855,339.411,219.722,341.98,169.636,348.401,136.246,350.97,107.992,317.579,219.722,304.737,182.479,297.031,156.794,288.041,134.961
313.96888308397695,257.423,322.907,285.577,299.871,311.173,261.478,290.696,221.806,266.381,209.008,316.292,223.086,336.768,179.574,347.006,150.139,354.685,123.264,294.536,217.966,295.815,161.657,295.815,128.383,295.815,97.6688,268.94,212.847,272.78,166.776,274.059,134.782,275.339,107.907,247.184,215.407,234.387,180.853,224.149,157.818,215.19,137.341
320.6829142501983,280.172,348.295,305.007,320.846,333.764,285.553,318.079,245.032,295.857,228.039,345.528,248.953,366.442,213.661,376.899,184.904,386.049,162.683,323.307,245.032,328.536,192.747,332.457,161.376,332.457,133.926,298.472,238.496,302.393,194.054,307.622,163.99,312.85,140.462,273.636,239.804,265.793,205.818,259.258,184.904,251.415,169.219
301.6080543105572,288.296,314.651,316.571,296.211,344.847,259.329,325.177,221.218,305.507,205.236,354.682,223.677,375.582,179.419,389.105,149.914,396.481,125.327,331.324,215.072,336.242,159.749,339.93,126.556,337.471,94.5922,306.736,210.154,311.654,159.749,315.342,127.786,317.801,99.5098,285.837,207.695,273.543,173.273,266.167,147.456,258.791,126.556
302.2374924492328,286.422,330.814,318.452,319.727,348.019,287.696,336.931,250.738,311.06,240.882,349.251,250.738,375.122,206.388,387.441,179.285,398.529,153.414,335.699,242.114,346.787,190.373,356.642,153.414,356.642,123.848,315.988,239.65,325.844,189.141,334.467,158.342,339.395,132.471,296.277,238.419,288.885,201.46,285.19,173.125,279.03,149.719
301.7750894175992,241.215,309.891,273.197,291.44,297.798,254.538,278.117,223.787,258.436,212.716,297.798,222.557,316.249,183.195,326.089,151.213,335.93,124.152,280.577,215.176,289.187,164.744,289.187,129.072,287.957,95.8603,259.666,212.716,265.816,164.744,268.276,133.992,270.737,105.701,241.215,213.946,232.605,175.814,225.224,153.673,217.844,127.842
283.65830602681103,274.213,302.266,298.493,281.454,322.774,245.611,299.65,209.769,278.838,199.363,330.867,210.925,348.211,169.301,362.085,140.396,365.554,117.272,308.899,202.832,308.899,150.802,308.899,117.272,307.743,89.5227,282.306,200.519,285.775,154.271,286.931,120.74,288.087,95.3038,262.651,200.519,253.401,165.833,245.308,145.021,239.527,121.897
302.43002514466053,308.594,307.681,336.947,290.422,370.231,258.371,356.671,218.924,336.947,200.433,383.791,220.157,408.446,181.942,425.704,152.357,435.566,126.469,362.834,210.295,372.696,157.287,377.627,121.538,381.325,91.9527,336.947,202.898,346.809,154.822,355.438,122.771,359.136,94.4182,315.991,201.666,308.594,162.218,303.663,138.796,298.732,114.142
309.8789306939082,309.076,279.683,338.128,261.999,372.231,224.106,357.074,184.951,341.917,166.004,382.336,188.74,406.335,148.321,424.018,119.27,434.123,90.2186,360.863,179.898,372.231,126.848,376.02,90.2186,378.547,58.6413,334.338,172.32,344.443,125.585,353.285,91.4817,359.6,61.1674,312.866,172.32,305.287,131.901,300.235,107.902,293.919,83.9031
301.1375338180214,293.533,329.808,320.537,310.168,348.768,270.889,326.674,231.611,307.035,220.563,357.361,234.065,378.228,192.332,390.502,162.873,397.867,134.641,335.266,227.928,338.949,172.692,340.176,138.323,338.949,105.182,309.49,223.018,313.172,173.92,316.854,143.233,319.309,113.774,288.623,221.791,276.348,187.422,267.756,162.873,260.391,142.006
291.0797172219322,283.441,328.568,314.289,295.347,339.205,259.753,317.849,228.905,287,218.227,342.764,215.854,362.934,166.022,374.799,135.174,387.85,106.699,313.103,213.481,320.221,145.852,321.408,110.258,319.035,78.2236,285.814,211.108,290.56,152.971,292.933,118.563,296.492,88.9018,258.525,212.294,250.22,171.955,244.288,144.666,239.542,119.75
281.49936193355745,279.372,316.215,302.32,294.415,326.416,257.697,303.468,222.127,280.519,214.096,333.301,224.422,350.512,180.82,363.133,153.283,367.723,128.039,312.647,217.538,311.5,163.609,310.352,130.334,305.763,100.501,286.257,215.243,287.404,164.757,287.404,134.924,287.404,107.386,266.75,215.243,255.276,180.82,247.244,157.872,240.36,134.924
285.13976173974754,289.187,292.621,308.945,275.188,336.839,240.32,318.243,204.29,294.998,193.83,347.299,205.452,368.22,167.098,381.005,139.204,387.978,117.121,327.541,200.803,328.703,149.664,328.703,115.959,328.703,85.74,303.134,194.992,306.62,148.502,307.783,118.283,310.107,90.389,282.213,193.83,274.077,161.287,268.266,136.879,262.455,115.959
285.76875674223027,273.776,277.958,294.742,258.156,321.533,226.706,300.566,190.596,277.27,182.443,330.852,191.761,349.489,152.157,359.972,125.366,368.126,99.7405,309.885,182.443,311.05,132.355,311.05,98.5757,309.885,70.62,285.424,181.278,286.589,134.685,288.918,103.235,290.083,76.4441,265.622,181.278,256.303,145.168,248.15,124.202,244.655,99.7405
304.6927608263773,256.538,338.759,285.102,318.888,307.458,280.388,287.586,249.339,266.473,239.403,313.667,246.855,331.055,200.903,339.748,172.338,347.2,148.741,295.038,239.403,296.28,188.483,297.522,149.983,296.28,120.176,270.199,239.403,273.925,188.483,276.409,157.434,277.651,128.87,249.086,239.403,237.908,202.145,229.215,178.548,223.005,152.467
288.43736658935154,269.372,284.513,292.886,263.35,314.049,225.728,294.062,190.457,267.021,181.051,322.279,190.457,338.738,146.956,344.617,117.564,350.495,92.874,301.116,184.578,297.589,134.023,295.238,98.7525,294.062,69.36,275.251,182.227,275.251,135.199,274.075,105.807,272.899,77.5899,255.264,182.227,242.331,149.307,234.101,126.969,228.223,106.982
316.3517988711302,286.475,391.518,308.396,369.597,331.607,328.334,308.396,290.939,283.896,278.044,336.765,290.939,349.66,245.807,358.686,214.86,362.554,186.491,309.686,288.36,308.396,232.913,307.107,195.518,300.659,167.149,287.765,285.781,285.186,236.781,285.186,205.834,282.607,176.176,267.133,288.36,250.37,256.123,236.186,232.913,225.87,213.57
314.46539836681546,308.405,283.973,334.041,269.874,366.086,231.42,350.704,191.685,332.759,172.458,376.34,192.967,401.976,150.668,413.512,121.186,423.766,96.8325,353.268,183.994,362.24,131.441,369.931,96.8325,369.931,66.0695,330.196,180.149,337.886,131.441,341.732,99.396,348.141,68.6331,308.405,180.149,298.151,140.413,290.46,117.341,285.333,92.9871
284.94443585548385,288.135,344.039,306.718,321.971,328.786,285.966,306.718,253.445,281.166,246.476,334.594,249.961,350.854,210.471,360.146,182.596,362.469,157.044,314.849,247.638,310.203,194.211,305.557,164.013,302.073,136.138,288.135,246.476,286.974,198.856,285.812,166.336,283.489,141.945,268.39,248.799,255.614,213.955,247.484,193.049,240.515,173.304
294.6534852500476,264.167,267.948,286.987,248.731,309.806,211.499,289.389,176.669,264.167,165.86,318.214,177.87,333.827,133.432,342.234,104.607,348.24,78.1839,294.193,171.865,295.394,121.421,294.193,84.1891,290.59,55.3643,271.373,169.463,271.373,122.622,271.373,88.9933,271.373,63.7715,252.157,170.664,238.945,134.633,231.739,113.014,224.533,92.5964
284.82909687916367,301.904,296.502,327.446,277.927,357.632,244.258,343.7,205.945,319.319,195.496,370.402,212.911,392.461,174.599,408.715,147.896,418.003,121.193,348.344,203.623,355.31,150.218,359.954,117.71,361.115,86.3637,326.285,195.496,330.929,149.057,335.573,120.032,339.056,92.1687,305.387,194.335,298.421,158.345,292.616,136.286,290.294,111.905
321.3051174693613,298.568,329.409,322.142,305.835,348.336,263.925,330.001,223.325,306.426,206.3,353.575,229.874,375.839,184.035,385.007,149.984,392.865,123.79,331.31,223.325,331.31,168.319,331.31,130.339,327.381,98.9067,307.736,219.396,307.736,170.939,307.736,138.197,306.426,108.074,282.852,220.706,268.446,182.726,257.969,160.461,248.801,140.816
320.2940430354583,260.672,335.45,285.477,306.728,307.671,270.173,294.616,229.701,272.422,212.729,319.421,233.617,337.699,195.756,348.143,169.646,357.282,144.84,295.922,231.006,301.144,178.784,302.449,147.451,298.533,118.729,273.727,225.784,273.727,181.395,276.338,150.062,278.949,127.868,251.533,228.395,239.783,194.451,231.95,176.173,222.811,159.201
292.6710107902728,289.179,359.868,308.266,338.395,327.353,300.221,305.88,265.625,279.635,262.046,335.704,264.432,350.019,223.872,355.984,195.241,361.949,168.996,313.038,262.046,309.459,211.942,307.073,178.54,299.915,149.909,289.179,262.046,287.986,216.714,284.407,186.89,282.021,158.26,268.898,264.432,258.162,232.223,248.618,211.942,241.46,192.855
297.6544797731088,310.613,421.953,330.025,400.114,350.651,364.93,337.305,332.171,313.04,326.105,362.784,333.385,378.556,294.56,388.262,267.868,395.542,244.816,340.945,329.745,340.945,283.641,339.732,253.309,339.732,225.404,320.319,326.105,319.106,284.854,319.106,255.736,321.533,232.684,300.907,329.745,289.988,298.2,282.708,278.788,280.282,261.802
292.4111193850193,302.304,300.325,330.91,286.022,360.707,251.457,347.596,213.317,324.95,195.438,371.434,214.509,398.847,175.176,416.726,146.571,426.261,119.157,352.364,204.974,361.899,153.722,369.05,117.966,370.242,85.7846,329.718,200.206,336.869,150.147,341.637,119.157,349.98,90.5521,304.688,196.63,298.729,158.49,292.769,134.652,290.386,110.814
305.5005853104049,276.588,383.47,306.474,363.546,331.379,324.943,313.946,293.812,289.041,283.85,326.398,292.567,342.586,245.247,351.303,214.116,358.775,186.72,308.965,285.095,312.7,234.04,312.7,195.437,310.21,165.551,289.041,285.095,290.286,235.285,291.531,205.399,294.022,175.513,270.362,287.586,259.155,252.719,249.193,225.323,240.476,202.909
286.43879125914486,279.072,278.608,304.758,258.76,328.109,224.901,307.093,188.707,286.078,178.199,336.282,188.707,353.795,145.507,364.303,117.486,371.309,92.9675,316.434,181.701,316.434,131.497,316.434,96.4701,315.266,68.4489,290.748,179.366,294.25,132.664,294.25,99.9728,295.418,71.9516,269.732,179.366,259.224,144.34,252.219,122.156,248.716,99.9728
286.034631707421,279.315,315.438,299.135,295.618,322.453,259.475,300.301,226.83,279.315,219.834,330.615,223.332,345.771,183.691,355.098,155.71,362.094,133.558,308.462,219.834,307.297,167.369,302.633,135.889,299.135,107.908,286.31,218.668,283.978,172.032,281.647,139.387,281.647,114.903,262.992,219.834,252.499,184.857,243.172,163.871,236.177,142.885
312.3719492207967,277.013,365.659,298.658,340.194,326.67,299.45,301.205,265.072,278.286,251.067,329.217,265.072,348.315,217.962,357.228,188.677,359.775,163.212,307.571,259.979,306.298,205.23,303.751,172.125,298.658,142.84,280.833,256.16,280.833,209.049,280.833,177.218,279.56,151.753,259.188,258.706,245.182,225.602,233.723,203.956,224.81,183.584
277.16979528440686,289.128,288.631,310.593,270.555,337.708,235.532,319.631,199.379,300.425,190.341,347.875,200.509,369.341,163.227,381.768,136.113,389.677,113.517,328.669,194.86,329.799,144.021,330.929,108.998,329.799,81.8838,302.685,190.341,307.204,145.151,309.463,113.517,311.723,87.5327,283.479,190.341,274.441,155.319,268.792,133.853,264.273,108.998
284.37157810336817,289.007,342.647,308.712,321.783,333.053,283.532,308.712,249.917,287.848,240.644,340.008,249.917,355.077,205.87,364.35,176.892,371.305,152.55,317.985,242.962,315.667,189.643,312.189,157.187,308.712,129.368,291.325,240.644,290.166,194.279,290.166,162.983,289.007,137.482,271.62,241.803,258.869,209.348,250.756,186.165,242.642,166.46
318.9977076438011,251.806,340.306,273.911,311.7,298.616,270.091,280.412,231.084,258.307,218.081,305.117,237.585,324.621,197.277,333.723,168.671,336.323,145.266,281.712,232.384,283.012,181.674,283.012,151.768,281.712,124.462,259.608,231.084,259.608,186.875,259.608,155.668,262.208,133.564,236.203,236.285,223.2,201.178,215.399,185.574,208.898,166.071
306.9823168490328,302.011,355.936,329.539,334.664,357.068,297.125,332.042,260.838,310.77,245.822,360.821,260.838,382.093,214.54,394.606,184.509,400.863,159.484,339.55,253.33,342.052,199.525,342.052,163.237,340.801,131.955,314.524,250.828,318.278,202.027,319.529,169.494,320.78,141.965,292.001,252.079,279.488,214.54,270.729,192.017,261.97,170.745
305.66224306577357,279.937,328.04,309.839,315.581,339.741,284.434,321.052,247.056,302.363,235.843,340.987,247.056,360.921,209.679,375.872,178.532,385.839,154.859,324.79,240.827,336.003,187.253,340.987,154.859,340.987,124.958,303.609,235.843,312.331,187.253,319.806,156.105,324.79,127.449,284.921,234.597,279.937,197.22,272.462,172.302,269.97,146.138
300.51291414014145,248.576,309.701,282.873,293.777,309.821,258.255,292.672,225.182,268.174,215.383,307.371,222.732,326.97,177.41,340.444,148.012,346.569,124.739,291.448,215.383,298.797,163.936,304.922,127.189,304.922,97.791,271.849,214.158,276.749,165.161,282.873,133.314,286.548,106.365,251.025,215.383,242.451,177.41,236.326,152.912,227.752,128.414
295.82349313230685,308.279,275.188,334.807,246.249,358.923,213.693,338.424,184.753,314.308,172.695,362.54,173.901,381.833,130.492,392.685,102.759,402.331,76.2312,337.218,166.666,344.453,112.405,344.453,79.8486,344.453,52.1152,314.308,165.46,317.925,117.228,320.337,85.8776,325.16,59.35,290.192,170.284,282.957,132.904,278.134,111.199,275.722,89.495
301.28146160027836,267.054,353.068,298.984,333.419,323.545,301.489,305.124,264.648,280.563,258.508,319.86,264.648,338.281,219.21,348.106,186.053,355.474,162.72,301.44,259.736,310.036,204.474,310.036,170.088,308.808,138.159,281.791,254.824,286.703,206.93,289.159,175,291.615,146.755,263.37,258.508,252.318,222.894,242.493,195.877,235.125,173.772
314.82403339167104,331.472,291.698,362.27,280.149,398.201,244.218,385.368,203.154,369.969,183.905,409.75,208.287,436.698,168.506,453.38,138.991,464.93,115.893,389.218,196.737,402.05,144.124,412.316,108.193,413.6,77.3951,364.836,189.038,376.385,142.841,385.368,109.476,393.068,82.5281,341.738,189.038,337.888,147.974,331.472,122.309,328.905,99.2104
298.7308414877848,286.703,291.892,315.927,274.845,346.368,238.315,326.886,198.133,307.403,185.956,356.11,203.003,381.68,160.385,395.074,131.162,404.816,106.809,335.409,194.48,343.933,139.685,346.368,104.373,346.368,71.4968,308.621,188.391,315.927,139.685,323.233,108.026,326.886,80.0204,287.921,187.174,278.18,149.427,272.092,125.074,267.221,100.72
289.2357106859386,261.864,326.534,280.727,305.313,300.769,267.586,274.832,231.039,253.611,219.249,306.664,229.86,320.812,187.418,327.885,154.407,330.243,128.47,283.085,227.502,281.906,173.27,276.011,137.902,272.474,107.249,257.148,225.144,254.79,179.165,253.611,146.154,253.611,117.859,235.927,228.681,221.78,193.312,212.348,172.091,205.274,152.049
295.3597735457555,273.216,306.648,294.886,287.385,322.576,248.86,303.313,210.335,279.235,198.296,329.799,212.743,349.062,170.606,359.897,140.508,363.509,111.615,306.925,207.927,306.925,151.344,306.925,115.226,303.313,83.9246,282.847,201.908,282.847,153.751,281.643,122.45,284.051,93.5559,258.769,201.908,245.526,168.198,235.894,144.12,228.671,123.654
308.8360537631576,251.497,323.821,279.191,304.938,304.368,270.95,285.486,235.702,262.827,226.89,303.109,235.702,323.251,192.902,332.063,163.948,335.839,137.512,284.227,231.926,293.039,176.537,293.039,142.548,291.78,112.336,265.344,225.631,270.38,180.313,271.638,146.324,274.156,119.889,246.462,228.149,236.391,192.902,226.32,166.466,220.026,142.548
323.8184440701301,245.975,324.485,269.733,295.447,292.172,257.17,275.013,217.572,249.935,208.333,301.411,221.532,321.21,184.575,330.449,155.537,334.409,133.098,278.973,218.892,280.293,166.096,280.293,135.738,278.973,110.66,253.894,217.572,256.534,174.015,257.854,142.337,259.174,115.939,230.136,218.892,218.257,187.214,209.017,166.096,205.058,151.577
315.65292120618807,293.274,345.301,319.006,324.715,351.172,286.116,334.446,248.804,312.573,232.078,360.179,252.664,384.625,210.205,396.204,181.899,406.497,154.88,337.019,243.657,344.739,190.906,347.312,156.167,347.312,126.574,315.147,239.798,319.006,190.906,324.153,160.027,326.726,130.434,293.274,238.511,281.694,202.485,272.688,178.039,266.255,156.167
300.9701478834737,277.795,323.682,299.877,299.147,325.639,261.116,304.784,225.54,279.022,209.592,334.227,225.54,350.175,180.149,361.216,149.479,366.123,123.717,309.691,218.179,307.238,167.881,307.238,129.851,306.011,99.1815,285.156,215.726,285.156,169.108,283.929,137.212,285.156,107.769,261.847,216.952,248.352,180.149,238.538,159.294,229.95,138.438
307.9333072939659,265.977,368.565,293.59,347.228,318.694,309.573,294.846,279.449,273.508,269.407,314.928,278.193,328.735,236.773,338.776,202.884,342.542,176.525,297.356,271.918,301.121,219.201,299.866,185.311,296.101,155.187,277.273,269.407,278.528,222.966,278.528,189.077,279.784,162.718,259.701,273.173,245.894,236.773,235.853,214.18,227.067,187.822
287.8028054918854,331.644,392.768,357.453,375.172,387.954,338.805,368.011,307.131,398.512,303.612,397.339,305.958,417.281,262.553,429.013,234.399,437.224,213.283,377.396,296.573,380.915,244.957,384.434,214.456,380.915,186.301,351.587,291.881,358.626,248.476,360.972,215.629,363.318,189.82,331.644,291.881,324.606,256.688,321.086,234.399,315.221,213.283
282.73613983712806,265.825,273.312,286.569,252.568,313.075,217.994,293.484,181.116,271.587,170.744,323.448,182.268,343.039,143.085,358.021,115.426,363.784,90.0715,302.703,174.201,303.856,123.493,305.008,90.0715,303.856,61.2601,276.197,173.049,280.807,124.645,283.112,92.3765,284.264,64.7174,256.605,173.049,247.385,136.17,239.318,113.121,237.013,91.224
285.871802631879,302.493,293.353,328.129,274.709,354.929,239.752,337.45,202.464,312.98,191.977,365.416,204.795,385.225,165.177,395.712,136.046,403.869,110.41,342.111,198.969,347.938,146.533,349.103,110.41,349.103,81.2792,319.972,193.142,322.302,146.533,326.963,116.236,329.294,88.2706,298.997,191.977,290.841,155.855,283.849,132.55,280.354,110.41
292.6977867562377,283.667,304.763,306.336,280.902,332.583,245.11,314.687,210.511,293.212,197.388,339.741,211.704,357.637,171.14,367.182,143.7,371.954,116.26,315.88,205.739,321.845,154.438,319.459,123.418,315.88,95.9775,294.405,202.16,295.598,155.631,296.791,125.804,297.984,99.5566,274.123,202.16,265.772,171.14,257.42,147.279,252.648,128.19
298.07554352881755,262.485,340.098,292.86,321.873,320.804,287.854,301.365,252.619,290.43,229.535,313.514,251.404,332.954,204.02,345.104,173.646,351.179,150.561,297.72,245.33,305.01,191.87,309.869,155.421,307.439,125.046,278.28,242.9,283.14,193.085,288,162.711,290.43,133.551,258.84,246.545,249.12,208.88,240.616,182.151,233.326,160.281
294.8560859487217,305.074,275.813,331.515,248.17,356.754,214.518,335.121,183.269,311.084,173.655,360.36,174.856,379.59,131.589,391.608,103.947,401.223,76.3039,336.323,170.049,342.332,113.562,343.534,79.9095,344.736,52.2668,312.286,168.847,315.891,118.369,318.295,85.9188,323.102,58.2761,288.248,170.049,279.835,132.791,275.028,109.956,272.624,88.3225
287.30579021314554,263.808,280.304,284.887,260.395,310.651,225.263,291.914,191.302,264.979,180.762,320.02,191.302,338.757,150.314,348.126,122.208,356.323,98.786,300.111,184.275,300.111,132.747,298.94,98.786,295.427,70.68,274.347,181.933,274.347,136.261,276.689,102.299,276.689,75.3643,254.439,183.104,243.899,146.8,235.702,125.721,231.017,102.299
290.8078810228498,247.59,282.359,267.741,262.208,290.263,225.462,266.555,187.53,247.59,175.677,296.189,188.716,313.97,148.413,323.453,116.409,325.823,90.3306,276.038,185.159,274.853,130.633,273.668,93.8866,267.741,64.2526,248.775,180.418,248.775,134.189,248.775,102.184,248.775,73.7355,228.624,183.974,215.585,148.413,207.287,127.077,200.175,105.74
297.33573867431414,327.805,466.339,347.196,439.676,366.588,402.105,352.044,370.594,326.593,365.746,377.495,370.594,393.251,331.811,400.523,303.936,404.159,282.12,355.68,368.17,354.468,320.903,352.044,290.604,347.196,265.153,335.077,366.958,332.653,324.539,330.229,295.452,330.229,272.424,315.685,370.594,305.989,340.294,297.506,320.903,289.022,302.724
313.91288498084947,324.004,286.125,354.713,274.61,389.26,237.503,375.185,197.838,362.39,176.085,400.776,202.956,426.367,162.011,444.28,132.581,455.796,108.27,377.744,192.719,391.819,138.979,398.217,101.872,403.335,71.1637,354.713,183.763,364.949,137.699,373.906,103.152,381.583,75.0023,332.961,183.763,326.563,142.818,321.445,118.506,316.327,92.9157
325.62699344648934,268.22,382.464,289.456,354.591,310.693,313.445,290.784,273.627,266.892,263.009,318.656,277.609,331.929,239.118,341.22,209.917,343.875,184.699,290.784,273.627,293.438,223.19,288.129,192.663,286.802,166.117,266.892,273.627,266.892,231.154,265.565,199.299,266.892,176.735,245.656,278.936,233.71,245.754,223.092,229.827,215.128,211.245
284.8757300613725,274.864,330.001,295.766,310.261,317.828,273.103,292.282,241.751,270.22,232.462,322.473,237.107,337.568,198.788,345.696,169.758,349.18,143.051,300.41,234.784,299.249,182.531,292.282,151.179,289.96,122.15,276.026,233.623,272.542,188.337,271.381,154.663,270.22,129.117,255.124,235.946,243.513,201.11,234.223,180.209,226.095,160.469
299.6212637480858,256.256,318.253,289.23,301.155,317.32,266.96,295.337,233.985,277.017,222.993,316.098,233.985,334.418,193.682,347.852,163.15,355.18,136.282,300.222,225.436,308.771,174.142,311.213,138.725,311.213,106.971,280.681,222.993,284.345,174.142,290.452,144.831,294.115,115.52,261.141,222.993,252.592,185.133,244.043,160.708,237.936,136.282
315.77837649370485,272.75,331.477,301.067,310.883,326.81,272.269,308.79,233.655,285.621,219.496,334.532,233.655,355.127,189.892,366.711,162.862,374.434,137.119,312.651,229.793,315.225,175.733,319.087,138.406,315.225,108.802,290.77,223.358,292.057,178.308,294.631,146.129,295.918,117.812,268.888,225.932,254.73,189.892,244.433,168.01,237.997,146.129
281.01286095301754,273.507,301.812,295.27,282.34,319.324,246.831,298.707,213.614,273.507,205.596,327.342,212.468,344.524,172.378,354.833,143.742,359.415,118.543,305.579,207.887,304.434,154.051,300.997,123.124,299.852,93.3432,281.525,206.741,281.525,157.488,280.38,126.561,280.38,99.0704,260.907,207.887,249.453,172.378,243.726,151.76,235.708,127.706
309.1176980908728,271.973,349.742,293.392,328.322,321.112,288.003,299.692,250.203,273.233,238.863,324.892,251.463,343.792,207.364,352.612,177.124,358.912,149.404,303.472,247.683,302.212,190.984,302.212,156.964,297.172,126.724,279.533,245.163,279.533,196.024,279.533,164.524,278.273,136.804,255.593,247.683,241.733,209.883,231.653,188.464,221.573,167.044
301.49051233496556,269.912,381.001,298.177,360.11,320.297,320.785,298.177,290.063,276.057,281.46,325.213,285.147,338.73,240.907,347.333,211.413,353.477,185.606,304.321,281.46,304.321,227.389,303.092,191.751,299.406,162.257,280.972,280.231,280.972,231.075,280.972,199.124,280.972,170.859,260.081,282.689,247.792,245.822,237.961,221.244,229.358,199.124
306.3631630499986,265.613,322.902,296.832,305.42,325.554,274.201,306.822,239.235,286.842,227.996,326.802,237.986,346.783,195.529,356.773,166.807,366.763,143.081,308.071,231.743,318.061,180.543,323.056,144.329,320.559,113.11,288.091,226.748,296.832,180.543,300.578,146.827,305.573,119.354,268.111,226.748,260.618,190.533,255.623,164.309,248.13,141.832
282.32741294461647,270.365,318.123,291.08,298.56,312.945,260.583,292.23,226.06,266.913,216.853,322.151,226.06,334.81,184.631,342.865,154.71,349.77,131.695,297.984,223.758,294.532,170.822,291.08,135.147,287.627,106.377,274.968,219.155,271.516,173.123,269.214,142.052,268.064,114.433,251.953,222.607,240.445,189.234,231.238,167.369,224.333,144.353
325.5467171159924,263.771,367.739,285.002,341.2,306.233,300.064,286.329,260.255,263.771,248.313,314.195,262.909,328.791,225.754,338.08,196.561,342.061,172.676,286.329,260.255,291.637,208.504,286.329,179.311,283.675,152.772,263.771,260.255,263.771,216.466,263.771,185.946,265.098,162.061,242.539,262.909,230.597,231.062,219.981,216.466,212.019,196.561
314.55807893932723,265.722,337.388,290.083,314.309,315.727,275.844,295.212,236.096,270.851,224.557,322.137,237.379,341.37,193.785,351.627,163.013,355.474,134.805,300.341,233.532,300.341,175.835,300.341,142.498,297.776,113.009,274.697,227.121,275.979,180.963,277.262,148.909,277.262,121.984,251.618,230.968,238.797,195.067,228.539,173.27,218.282,152.756
285.4937775328912,288.453,337.692,308.236,317.909,326.855,279.507,304.745,245.76,280.307,236.45,332.673,244.596,345.474,200.376,352.456,171.283,354.784,143.355,310.563,241.105,307.072,189.902,300.09,152.664,293.108,124.735,286.126,237.614,280.307,191.066,279.143,160.81,274.489,134.045,264.015,242.269,250.051,208.521,240.742,187.575,233.759,167.792
284.4226768824876,269.64,288.904,290.508,268.036,316.013,233.256,297.464,198.476,270.799,190.361,325.288,199.635,342.678,156.74,353.112,128.916,357.749,106.888,302.101,193.839,304.42,139.35,299.782,109.207,298.623,80.2238,278.914,191.52,278.914,145.146,278.914,111.526,278.914,84.8611,258.046,192.679,247.612,156.74,240.656,135.872,233.7,111.526
316.6068380831343,323.496,341.394,353.178,322.036,380.279,282.03,360.921,242.024,342.854,227.828,385.441,243.314,407.379,200.727,418.994,169.755,426.737,141.364,363.502,238.152,371.245,181.37,373.826,146.526,371.245,115.553,340.273,232.99,344.144,185.241,348.016,150.397,351.887,120.715,315.753,232.99,305.429,196.856,295.104,171.046,289.942,149.107
285.40661967971243,294.506,287.455,320.1,271.168,346.857,235.105,329.407,197.878,303.813,187.407,356.164,200.204,375.94,159.487,386.411,131.567,394.554,104.81,335.223,192.061,338.713,142.037,338.713,105.973,338.713,76.8896,310.793,188.571,313.12,142.037,317.773,109.463,318.937,82.7063,289.853,187.407,281.71,151.344,274.729,129.24,270.076,107.137
286.05400554440763,274.412,277.976,296.566,258.154,324.549,223.175,304.728,187.03,282.574,176.536,333.877,188.196,353.699,149.718,368.856,121.735,374.686,96.0833,314.055,182.366,315.221,129.897,316.387,93.7514,315.221,65.7679,287.238,176.536,290.736,129.897,294.234,98.4153,296.566,72.7637,268.582,176.536,258.088,140.391,251.092,119.403,247.595,94.9173
277.2746665041723,337.653,405.704,362.518,388.751,393.033,351.455,370.429,316.418,352.346,305.116,400.944,317.549,422.418,275.731,433.72,247.476,441.631,223.742,379.471,310.767,386.252,258.778,387.382,224.872,385.122,196.617,355.736,306.247,360.257,261.039,363.648,229.393,367.038,203.399,334.263,306.247,328.612,270.08,324.091,247.476,320.7,224.872
306.9128420007869,260.877,353.475,290.901,333.459,313.419,295.928,292.152,265.904,272.136,254.645,310.917,264.653,325.929,223.37,333.435,190.844,342.192,164.573,292.152,259.649,299.658,204.605,298.407,172.079,293.403,140.804,273.387,255.896,273.387,207.107,277.14,175.832,277.14,147.059,253.371,258.398,242.112,223.37,232.104,195.848,223.347,173.33
302.83774247111273,281.783,336.803,302.767,315.819,329.924,275.084,310.174,238.052,283.017,226.943,336.096,238.052,350.909,196.083,360.784,162.754,369.424,136.832,312.643,234.349,310.174,180.036,308.939,143.004,304.002,110.91,289.189,228.177,286.72,180.036,285.486,149.176,285.486,120.785,264.501,229.411,250.923,197.317,241.048,175.098,232.407,154.114
290.75383998324077,255.615,276.111,276.947,253.593,301.835,219.224,281.688,184.855,255.615,175.374,310.131,186.04,329.094,144.56,338.575,117.302,342.13,91.2289,287.614,180.114,288.799,129.153,285.243,93.5992,284.058,62.7856,263.911,176.559,263.911,130.339,263.911,99.5249,265.096,71.0816,244.949,176.559,234.282,143.375,225.986,119.672,217.69,99.5249
277.1678323940207,300.885,298.161,326.87,280.085,353.984,246.192,337.038,210.04,316.702,199.872,365.282,212.299,389.007,173.887,399.175,147.903,408.213,126.437,344.946,205.52,351.725,153.551,352.854,119.659,353.984,91.4146,322.351,199.872,326.87,154.681,331.389,124.178,334.778,97.0634,299.756,198.742,295.237,163.719,289.588,139.994,286.198,118.529
288.42221357759524,250.32,297.195,269.13,277.209,293.818,240.764,267.954,204.319,247.968,192.563,300.872,203.144,316.155,158.47,324.385,129.079,326.736,102.039,277.359,196.09,276.184,145.538,275.008,109.093,269.13,80.8775,250.32,194.914,251.495,147.889,250.32,118.498,249.144,90.2826,230.334,196.09,218.577,163.172,209.172,140.835,202.119,120.849
303.6342941698121,256.033,324.252,289.449,306.926,314.202,272.272,295.638,241.331,272.122,230.192,311.727,236.38,331.529,191.825,341.43,162.122,350.094,134.894,295.638,231.43,303.063,176.973,308.014,142.319,305.539,112.616,277.073,230.192,280.786,180.686,286.974,148.508,289.449,121.28,257.271,231.43,246.132,193.063,239.944,167.072,231.28,143.557
299.14504362432615,306.029,278.979,332.855,252.154,357.242,219.231,335.293,188.748,306.029,175.335,360.9,176.554,380.409,131.439,390.164,103.394,399.919,76.5683,334.074,170.458,341.39,114.368,341.39,80.2263,342.609,52.1814,310.906,170.458,313.345,119.245,317.003,87.5424,320.661,60.7168,285.3,172.896,276.765,135.097,271.887,111.929,268.229,89.9811
294.9267313842541,288.765,314.722,312.808,294.285,336.851,258.221,321.223,225.763,344.064,216.145,342.862,225.763,360.894,183.687,369.309,154.836,371.713,129.591,322.425,218.55,322.425,169.262,321.223,136.804,316.414,109.154,297.18,216.145,299.584,170.464,299.584,140.41,298.382,113.963,276.744,217.348,267.126,184.89,258.711,163.251,253.903,144.017
290.53397746391045,254.936,312.368,275.068,292.236,297.568,254.34,271.515,216.444,251.383,205.786,303.49,216.444,318.885,172.627,327.174,140.653,328.359,115.784,280.989,212.891,279.805,159.601,276.252,122.889,271.515,93.2829,253.751,209.339,252.567,163.153,251.383,131.179,251.383,102.757,232.435,214.076,219.408,178.548,211.119,158.416,204.013,138.284
295.2605611489621,278.767,286.187,305.244,269.337,336.535,232.029,317.279,192.313,294.413,179.074,346.164,195.923,370.234,155.004,384.676,124.916,393.1,97.2356,324.5,186.295,331.721,134.544,336.535,97.2356,335.332,67.1478,301.634,182.685,306.448,134.544,310.058,99.6426,313.669,73.1654,277.564,182.685,266.732,144.172,261.918,118.899,254.697,96.0321
315.4280232081481,341.565,297.561,372.422,284.704,404.565,249.989,394.279,208.847,381.422,186.989,417.422,215.275,445.708,175.418,463.708,145.847,475.279,122.704,395.565,203.704,412.279,150.99,421.279,114.99,423.851,84.1325,373.708,194.704,385.279,147.132,394.279,114.99,404.565,89.2754,351.851,193.418,345.422,153.561,341.565,126.561,340.279,103.418
291.4513939064283,309.146,285.819,332.906,257.308,356.665,225.232,332.906,195.533,310.334,186.029,359.041,184.841,378.049,142.073,388.741,114.75,397.056,89.8023,335.282,180.089,340.033,126.63,341.221,94.5542,341.221,67.2307,312.71,178.901,315.086,131.382,317.462,100.494,322.214,75.5465,290.138,182.465,281.822,146.825,277.07,125.442,274.695,105.246
300.38234783189245,255.993,315.729,289.052,299.812,318.437,264.305,303.744,231.247,278.032,220.227,315.988,230.022,338.027,183.496,351.495,154.11,358.842,130.847,301.296,221.452,309.866,168.803,314.764,133.296,314.764,103.911,281.705,220.227,286.603,171.252,293.949,139.418,296.398,112.481,260.891,221.452,253.545,183.496,244.974,156.559,238.852,133.296
306.59812085692886,272.98,326.7,302.973,310.454,332.966,279.211,314.22,244.219,294.225,231.721,332.966,242.969,354.211,204.228,364.209,174.234,375.457,147.99,315.47,236.72,326.718,185.482,332.966,149.24,332.966,117.997,295.475,230.472,304.223,184.232,311.721,151.739,314.22,125.495,276.729,230.472,271.73,192.98,264.231,167.986,260.482,142.991
301.18081742534673,272.55,367.913,303.241,347.043,327.794,313.897,306.924,279.523,283.599,272.157,322.883,277.067,341.298,229.19,351.119,198.499,356.029,175.173,305.696,272.157,313.062,218.141,311.834,181.312,311.834,151.848,286.054,268.474,289.737,220.596,292.192,188.677,293.42,160.442,267.639,273.384,255.363,236.555,245.542,210.775,236.948,187.45
291.69864752514707,293.308,329.781,318.277,307.19,339.679,271.521,324.222,238.229,346.813,229.906,345.624,238.229,362.27,197.803,370.593,169.268,375.348,143.11,321.844,231.095,326.6,182.346,321.844,151.433,319.466,122.897,300.442,229.906,300.442,183.535,300.442,153.811,300.442,128.842,280.229,231.095,270.717,198.992,262.394,177.59,254.071,158.567
324.3760678348512,301.287,343.57,326.409,319.771,350.208,277.461,329.053,236.473,309.22,217.962,355.497,243.084,375.33,195.485,387.229,163.753,391.196,137.309,330.375,236.473,334.342,182.263,333.02,145.242,329.053,114.832,307.898,233.829,306.576,183.585,306.576,151.853,307.898,121.443,286.743,235.151,268.233,198.13,256.333,175.652,247.078,157.142
280.49488582325347,318.693,365.822,346.132,349.815,377.002,315.516,357.565,280.073,390.722,278.929,389.578,282.359,410.158,238.913,421.591,211.473,431.881,189.75,366.712,273.213,374.715,221.763,377.002,190.894,375.859,160.024,344.989,266.353,349.562,221.763,355.279,192.037,357.565,164.597,320.979,266.353,318.693,229.767,314.119,208.043,310.689,184.034
312.0683189767907,287.316,337.609,315.301,317.257,345.829,284.184,326.749,244.752,306.397,226.944,352.189,247.296,376.358,204.047,387.806,173.519,397.982,150.623,329.293,239.664,336.925,184.967,338.197,151.895,338.197,121.366,306.397,233.304,308.941,184.967,315.301,154.439,317.845,128.998,286.044,234.576,273.324,197.687,265.692,173.519,256.788,151.895
321.3820981090889,253.615,330.175,277.195,303.976,300.774,264.677,285.054,224.067,258.855,212.277,309.944,227.997,330.904,190.008,340.074,162.498,346.623,138.919,287.674,225.377,290.294,172.978,290.294,141.539,288.984,116.649,265.405,222.757,265.405,176.908,266.715,148.089,269.335,121.889,240.515,224.067,230.035,191.318,222.176,171.668,214.316,153.328
299.15191359742295,254.674,339.082,285.158,319.572,308.326,284.21,285.158,253.726,265.648,241.532,305.887,251.287,324.178,207.39,332.714,176.906,340.03,152.518,288.816,245.19,294.913,193.977,294.913,157.396,293.694,126.912,269.306,243.971,272.964,195.196,274.184,163.493,275.403,135.447,249.796,243.971,238.822,207.39,229.067,184.222,222.97,158.615
295.4150466580874,294.203,372.876,312.265,351.201,331.531,312.669,307.449,281.361,282.162,276.545,338.756,277.749,350.798,236.808,359.227,207.909,361.635,181.418,315.878,275.341,311.061,224.767,307.449,189.847,301.428,163.356,291.795,275.341,289.387,229.583,284.57,199.48,283.366,171.785,272.529,276.545,260.487,246.441,250.854,227.175,242.425,207.909
307.87232778702275,267.298,294.666,293.651,272.078,317.494,235.685,299.925,196.783,276.082,184.234,326.279,196.783,346.357,155.371,356.396,125.253,363.926,96.3897,304.945,191.763,304.945,137.802,304.945,103.919,303.69,73.8013,277.337,186.743,281.102,139.057,281.102,107.684,282.357,77.566,256.003,186.743,244.709,152.861,234.67,129.017,227.14,107.684
316.0742170630183,282.234,377.929,304.136,356.027,328.614,314.8,305.424,277.438,282.234,264.555,332.479,278.727,347.94,232.346,356.958,202.714,364.688,174.371,308.001,273.573,309.289,219.463,305.424,183.389,302.848,153.757,284.811,272.285,283.522,223.328,282.234,192.408,282.234,164.064,262.909,273.573,248.737,240.076,234.565,216.886,226.835,197.561
283.8387120619737,283.581,329.555,303.249,308.73,326.388,272.865,304.406,239.313,281.267,232.371,333.33,236.999,349.527,196.506,357.626,168.739,362.254,143.286,312.505,233.528,310.191,179.152,304.406,150.228,302.092,122.461,285.895,232.371,284.738,184.936,283.581,152.542,283.581,128.246,266.227,234.685,254.657,198.82,246.559,177.995,238.46,158.326
282.7211437017048,287.475,282.009,312.828,265.876,338.18,230.151,316.285,193.275,294.389,182.903,347.4,194.427,366.99,151.788,376.21,122.978,379.667,98.7781,324.352,186.36,327.809,135.655,328.961,102.235,324.352,73.4254,302.456,184.055,303.608,137.96,303.608,104.54,305.913,76.8826,278.256,184.055,270.189,149.484,264.427,126.436,258.665,103.388
286.3062193613684,266.191,304.219,286.03,283.213,310.537,245.869,286.03,214.359,263.857,202.689,317.539,210.858,332.71,171.18,340.879,142.005,349.048,118.664,294.199,207.357,293.032,157.176,289.531,122.165,286.03,94.1571,269.692,205.023,268.525,159.51,268.525,128,267.358,102.326,248.685,206.19,238.182,172.347,228.846,151.341,221.844,131.501
295.6042458423086,280.586,304.846,315.529,275.929,340.832,243.396,323.963,216.888,327.578,197.61,332.398,192.79,348.061,142.184,358.906,110.856,368.545,80.7336,304.685,189.175,307.094,124.11,303.48,89.1679,297.455,54.2256,276.972,190.38,278.177,132.545,278.177,97.6023,276.972,66.2747,251.669,196.405,237.21,153.028,227.571,126.52,219.136,101.217
320.1987486077983,257.018,354.216,277.901,326.807,301.394,286.348,283.121,248.498,258.323,235.446,309.224,251.108,328.802,209.343,336.633,184.545,340.548,158.442,287.037,248.498,287.037,196.292,285.732,164.968,280.511,138.865,262.239,245.888,263.544,202.818,263.544,171.494,263.544,145.391,237.441,249.803,225.694,217.174,215.253,197.597,211.338,183.24
283.9521080199969,278.448,285.087,303.912,265.411,329.375,230.689,312.013,195.966,286.55,189.022,339.791,198.281,359.467,156.614,369.884,129.994,379.143,106.846,317.801,190.179,322.43,138.096,321.273,105.688,321.273,79.0677,294.652,187.864,295.81,138.096,299.282,108.003,300.439,80.2251,273.819,186.707,266.874,151.985,258.772,127.679,254.143,106.846
306.1253249389864,277.778,329.222,308.973,314.248,340.168,281.806,323.947,244.372,298.991,234.389,347.655,244.372,371.363,203.195,385.089,174.495,396.319,153.283,328.938,235.637,337.672,183.23,346.407,149.539,346.407,118.344,307.725,233.142,316.46,184.478,322.699,153.283,327.69,123.336,287.761,233.142,279.026,193.212,275.283,165.761,269.044,143.3
284.05922506407006,286.43,332.063,310.744,306.59,331.586,268.381,310.744,235.961,285.272,224.383,337.375,235.961,352.427,191.963,360.532,160.701,367.479,136.386,314.218,230.172,311.902,176.911,310.744,141.018,303.797,110.913,292.219,227.856,291.061,181.542,287.587,147.965,286.43,120.176,269.062,230.172,256.325,194.279,247.063,172.28,238.958,150.28
307.3821272048849,253.571,316.905,283.641,296.858,306.193,260.524,284.894,227.948,264.847,217.925,312.458,225.442,329.999,186.602,340.022,161.544,346.287,136.485,292.411,220.431,294.917,170.314,296.17,137.738,296.17,108.921,272.365,219.178,274.871,170.314,277.376,140.244,279.882,112.68,252.318,219.178,242.295,182.843,233.524,160.291,226.007,136.485
303.35065786149204,294.829,295.52,319.559,278.21,349.234,243.588,333.16,204.021,313.376,187.946,361.599,206.494,383.856,165.69,394.984,136.014,404.876,111.284,339.342,199.075,343.052,147.142,346.761,112.521,346.761,79.1359,314.613,192.892,318.322,145.906,323.268,114.994,325.741,85.3183,293.592,192.892,282.464,154.561,275.045,132.305,271.336,108.812
287.73494572783477,250.376,271.466,272.66,252.701,294.944,216.343,273.833,178.813,253.894,165.912,303.153,179.986,320.746,138.937,330.128,108.443,338.338,82.6407,282.042,174.121,282.042,121.344,282.042,84.9864,282.042,55.6656,255.067,169.43,257.413,122.517,259.759,93.1962,262.104,65.0483,235.129,170.603,224.574,135.418,216.364,113.134,208.154,93.1962
301.7541782047102,256.049,306.078,285.569,286.399,312.628,251.959,291.719,217.52,268.349,207.68,316.318,217.52,335.998,179.391,345.838,154.791,355.678,127.731,296.639,213.83,302.789,162.171,306.479,127.731,306.479,98.212,276.959,207.68,281.879,160.941,285.569,130.191,288.029,105.592,257.279,207.68,247.44,174.471,240.06,147.411,236.37,126.501
286.87603598941485,281.818,321.089,309.882,305.888,339.115,269.638,320.406,233.389,300.527,222.865,347.3,236.897,368.348,197.14,383.549,171.415,392.904,146.859,328.591,228.712,336.776,177.261,339.115,145.689,341.454,115.287,302.866,222.865,312.22,176.092,318.067,146.859,321.575,119.964,282.987,221.696,278.31,185.447,272.463,160.891,267.786,138.673
329.7274520403177,283.682,358.523,307.874,327.611,332.066,287.291,311.906,249.659,341.474,241.595,338.786,252.347,356.258,207.995,361.634,177.083,365.666,151.548,315.938,249.659,314.594,193.211,310.562,156.923,306.53,130.044,290.402,245.627,286.37,197.243,285.026,164.987,286.37,136.764,264.867,249.659,250.083,213.371,233.955,190.523,223.203,171.707
291.5845786131359,267.763,347.639,293.91,328.622,320.058,289.401,293.91,258.5,274.894,250.18,323.624,253.745,341.451,213.336,350.96,186,355.714,159.852,303.419,251.368,304.607,199.073,304.607,165.795,303.419,136.082,278.46,248.991,283.214,200.262,283.214,168.172,284.402,143.213,257.066,250.18,247.558,214.524,238.05,190.754,232.107,166.983
324.75441663663327,315.206,297.993,344.328,278.137,376.097,241.072,364.184,197.389,344.328,178.857,386.687,205.332,415.809,164.296,429.046,137.822,439.636,110.023,365.508,194.742,376.097,141.793,381.392,108.7,384.04,76.9303,344.328,189.447,350.947,141.793,354.918,110.023,360.213,79.5778,321.825,185.476,311.235,151.059,301.969,125.908,297.998,104.729
277.9762631610836,325.903,363.156,353.097,347.293,387.088,317.833,372.359,281.576,400.685,284.975,398.419,282.709,423.346,244.185,436.943,218.124,449.406,193.197,379.157,273.644,388.221,222.657,393.887,192.064,396.153,162.605,355.363,265.713,363.294,221.523,370.092,192.064,376.891,166.004,333.835,264.58,332.702,229.455,329.302,204.528,327.036,183
286.74931227467664,292.868,279.248,320.92,264.053,350.14,228.989,336.114,192.756,311.569,178.73,360.66,193.924,385.205,155.354,396.893,127.302,406.243,101.588,340.79,184.574,348.971,135.484,355.984,100.419,357.153,71.199,319.751,181.068,327.933,133.146,331.439,100.419,338.452,72.3678,298.712,176.392,291.699,140.159,287.024,117.952,282.349,92.2377
293.54212920976096,290.525,317.925,313.259,297.584,335.992,264.082,318.045,226.991,292.918,218.615,346.761,228.187,365.905,188.703,376.673,159.987,385.049,138.449,326.42,223.401,328.813,170.755,327.617,139.646,327.617,110.93,301.293,218.615,306.079,175.541,307.276,142.039,308.473,116.912,280.953,219.812,273.774,187.506,268.988,165.969,261.809,144.432
305.80434685105445,340.609,320.103,373.018,292.68,400.44,260.271,381.743,232.849,354.32,221.63,405.426,216.644,426.617,171.771,437.835,141.855,449.053,113.186,379.25,212.905,386.729,153.073,389.222,115.679,390.468,84.5165,355.567,210.412,359.306,156.813,361.799,123.158,368.032,94.4884,329.391,211.658,320.665,171.771,316.926,146.841,313.186,121.911
326.3764187866519,292.199,332.979,322.796,310.363,353.394,269.122,334.769,229.212,312.154,214.578,364.037,234.533,386.653,191.963,395.965,161.365,401.286,138.749,341.421,226.551,344.082,173.338,345.412,138.749,345.412,108.151,314.814,222.56,318.805,174.668,321.466,141.41,322.796,116.133,290.868,223.891,278.895,185.311,268.252,161.365,258.94,141.41
302.9456783154366,258.265,317.224,287.901,299.936,316.302,266.596,300.25,229.551,275.553,220.907,323.711,229.551,344.704,187.567,355.817,159.165,364.461,135.704,305.189,222.142,310.128,169.044,315.068,134.469,315.068,102.363,279.258,218.437,286.667,169.044,294.075,138.173,296.545,109.772,258.265,218.437,252.091,180.158,245.917,155.461,238.508,129.53
323.4047069122526,294.346,282.819,323.347,260.409,351.029,226.136,336.529,183.952,315.437,164.179,358.939,189.225,386.621,147.042,399.803,118.041,409.031,89.0405,336.529,182.634,345.756,125.951,347.075,90.3587,348.393,58.7213,315.437,174.725,319.392,125.951,324.665,92.9951,325.983,66.6307,293.028,173.407,281.164,136.496,271.936,111.45,264.027,90.3587
290.91102310672244,275.261,318.157,301.348,300.371,332.178,264.797,312.02,229.224,287.119,222.109,339.293,231.595,360.637,191.279,371.309,165.192,380.795,140.29,317.949,224.481,325.064,174.678,330.992,139.105,332.178,110.646,295.419,220.923,303.72,172.306,307.277,141.476,312.02,113.018,276.447,217.366,266.96,182.978,262.217,158.077,257.474,134.362
282.9138195299056,273.288,264.355,298.658,243.598,325.181,207.849,306.731,172.1,282.514,161.722,334.407,173.254,354.011,132.892,364.39,104.063,371.309,77.5395,312.496,167.488,314.803,114.441,315.956,78.6927,315.956,49.8632,288.28,161.722,290.586,115.594,294.046,84.4586,296.352,55.6291,268.676,161.722,258.297,124.82,251.378,102.91,244.459,79.8459
281.1461942281986,301.481,283.135,328.985,268.238,359.926,235.004,346.174,198.333,326.693,182.289,372.532,199.479,394.305,162.808,409.203,135.304,419.517,108.947,351.904,190.311,359.926,141.034,365.656,106.655,367.948,73.4215,327.839,183.435,335.86,137.596,342.736,107.801,347.32,80.2974,307.211,182.289,300.335,145.618,298.043,120.407,293.459,98.633
325.48373373949124,275.8,344.79,304.988,315.602,327.542,274.475,307.641,236,283.761,220.08,335.502,239.98,352.749,196.199,359.382,165.685,364.689,137.825,312.948,233.347,312.948,178.952,308.968,144.458,304.988,113.944,285.087,230.694,283.761,184.259,283.761,152.418,283.761,123.231,262.533,234.674,246.613,198.853,232.019,177.626,221.406,156.398
293.6063347307071,279.664,287.569,301.206,266.027,328.732,232.518,310.78,196.615,339.503,189.434,335.912,197.812,353.864,158.318,364.635,129.596,368.225,103.267,311.977,190.631,317.961,140.367,317.961,109.251,314.37,81.725,290.435,187.041,291.632,141.563,295.222,111.644,296.419,85.3153,271.287,188.237,261.713,154.728,253.335,131.989,249.745,112.841
280.1417892657217,346.059,377.902,372.322,366.483,405.437,334.51,391.734,299.112,423.707,300.254,420.281,303.679,446.544,262.572,463.673,237.45,473.949,215.755,403.153,289.977,413.43,242.018,420.281,207.761,422.565,179.214,380.315,283.126,390.592,239.734,398.585,207.761,403.153,183.782,356.336,279.7,356.336,243.16,355.194,220.322,355.194,197.484
293.774317682809,262.631,333.521,290.172,314.362,315.318,276.044,290.172,244.91,271.013,235.331,318.911,241.318,338.07,200.605,347.65,171.866,356.032,149.114,299.752,237.725,300.949,187.433,302.146,151.509,300.949,121.573,274.605,235.331,280.592,188.63,280.592,156.299,281.79,129.955,254.249,236.528,244.669,199.407,236.287,176.656,231.497,152.707
329.6966078139112,285.445,330.231,315.011,303.354,345.92,267.069,327.105,225.409,304.26,207.939,355.327,229.441,376.829,185.093,387.58,159.559,390.267,129.994,329.793,224.065,335.169,168.967,335.169,132.682,335.169,104.461,305.604,216.002,309.635,171.654,312.323,139.401,315.011,108.492,282.758,217.346,269.319,182.405,259.912,159.559,249.161,138.058
304.9122490242069,270.743,361.045,295.6,336.189,320.457,298.903,296.842,267.832,275.714,259.132,322.942,266.589,337.856,225.575,345.313,198.233,354.013,174.619,303.057,262.861,304.3,213.147,304.3,177.104,304.3,147.276,283.171,261.618,284.414,215.632,284.414,183.318,285.657,155.976,263.286,264.103,250.857,228.061,240.914,205.69,233.457,182.076
295.5824504956273,317.007,292.987,343.513,266.481,368.814,233.951,345.922,201.421,323.031,189.373,373.633,189.373,391.705,141.18,401.344,111.06,410.983,83.3488,345.922,185.758,350.741,124.313,350.741,88.1681,348.332,58.0476,323.031,183.349,324.235,129.132,325.44,94.1922,327.85,66.4813,297.729,185.758,291.705,145.999,286.886,120.698,285.681,97.8066
291.9384982029606,297.199,322.688,322.188,303.648,344.798,267.949,325.758,231.06,303.149,226.3,356.697,233.44,378.117,192.981,388.826,166.802,395.966,143.002,334.088,228.68,341.228,173.942,340.038,143.002,340.038,115.633,311.479,223.92,313.858,181.081,317.428,147.762,319.808,122.773,291.249,226.3,284.109,191.791,276.969,170.372,273.4,148.952
297.6924459925041,302.915,400.832,323.543,377.777,346.598,346.228,333.25,309.825,312.622,303.758,359.945,313.465,379.36,275.849,390.281,250.367,393.921,226.099,338.104,308.612,341.744,261.288,341.744,230.953,342.958,203.044,315.049,306.185,319.903,263.715,321.116,233.38,323.543,211.538,295.634,307.398,289.567,274.636,284.713,255.221,279.86,235.806
289.60132600697807,257.562,318.325,284.712,299.438,311.862,261.664,285.892,229.792,267.005,221.529,315.403,226.25,334.29,186.115,343.734,158.965,351.997,136.537,295.336,222.709,302.419,169.589,302.419,137.717,298.877,108.206,274.088,221.529,276.449,171.95,277.629,140.078,281.171,112.928,251.66,221.529,243.397,184.935,235.133,160.146,228.051,137.717
329.21702243353093,272.933,329.995,297.088,301.815,323.926,261.557,305.139,222.641,280.985,206.538,333.32,223.983,349.423,181.042,358.816,148.836,360.158,126.023,306.481,222.641,306.481,167.623,306.481,130.049,305.139,101.869,283.669,215.932,282.327,170.307,282.327,136.758,283.669,108.578,260.856,221.299,242.069,182.384,231.334,160.913,219.256,140.784
281.3159478237947,339.974,373.811,368.641,360.051,400.748,329.091,384.695,292.397,415.655,293.544,414.508,294.691,440.881,255.704,453.495,229.33,467.255,208.69,396.161,283.224,405.335,236.21,413.361,201.81,415.655,173.144,370.935,276.344,380.108,233.917,388.135,201.81,396.161,177.73,350.295,274.05,350.295,238.504,348.001,215.57,348.001,192.637
293.09370365976815,287.679,289.88,310.378,271.96,337.855,238.509,319.935,203.863,348.607,195.501,346.218,203.863,365.333,164.439,376.085,136.962,379.669,110.679,323.519,195.501,328.298,146.519,328.298,114.263,327.103,87.98,300.821,193.111,304.405,147.714,306.794,117.847,306.794,90.3694,280.511,194.306,270.954,159.66,263.786,138.156,261.396,119.042
287.601002913759,309.649,290.199,337.784,272.615,367.091,238.619,353.024,201.105,330.75,188.21,378.814,206.967,403.432,168.281,419.844,141.319,430.395,114.356,357.713,197.589,368.263,146.008,375.297,112.012,378.814,80.3599,336.612,189.383,345.99,143.663,353.024,113.184,357.713,85.049,316.683,188.21,310.821,150.697,307.305,124.907,303.788,102.633
288.53967604126825,264.664,259.131,289.362,239.137,315.236,202.678,297.595,166.218,272.896,155.633,323.469,168.57,344.639,127.407,354.048,98.0038,359.928,70.9533,299.947,163.866,304.651,108.589,305.827,72.1294,299.947,42.7266,278.777,156.809,279.953,110.941,281.129,80.3621,283.481,49.7833,257.607,156.809,247.022,120.35,239.965,99.1799,232.909,74.4816
296.6049979619359,295.427,396.632,315.98,371.243,340.16,339.809,324.443,303.54,303.89,297.495,351.04,307.166,370.384,268.479,380.056,244.299,383.683,217.701,331.697,302.331,332.906,255.18,332.906,224.955,332.906,197.148,307.517,299.913,311.144,257.598,312.353,227.373,314.771,205.611,286.964,301.122,282.128,269.688,274.874,249.135,270.038,231
294.74620926485215,303.74,327.279,325.365,308.056,351.796,273.216,332.574,238.375,312.15,228.763,363.81,239.576,386.637,201.131,397.45,173.498,403.457,149.47,342.185,231.166,348.192,181.908,349.394,149.47,350.595,121.838,319.358,228.763,322.962,183.11,325.365,154.276,328.97,125.442,297.733,228.763,292.927,193.922,284.517,172.297,283.316,153.074
306.4821828899683,263.927,347.953,292.66,324.217,315.147,287.989,293.909,256.758,272.672,246.764,318.894,253.01,333.885,213.034,343.879,186.8,352.624,160.566,298.906,249.262,300.156,199.293,302.654,164.314,301.405,136.83,278.918,248.013,280.168,199.293,282.666,169.311,282.666,140.578,258.93,249.262,247.687,213.034,237.693,189.299,231.447,168.061
324.2555700015036,281.117,322.232,308.872,299.763,336.628,258.791,319.446,219.14,294.334,204.601,347.201,224.427,367.027,180.811,376.279,151.733,380.244,127.943,323.411,216.496,324.733,163.629,324.733,129.265,324.733,97.544,295.655,213.853,299.62,164.95,302.264,131.908,303.585,105.474,273.187,215.175,259.97,178.167,249.396,154.377,240.144,134.551
307.12789134170146,267.541,323.073,297.586,304.295,326.379,271.746,307.601,234.19,283.815,224.175,330.135,234.19,353.92,192.878,366.439,164.085,375.202,141.551,313.86,226.678,318.868,174.1,326.379,140.299,326.379,109.002,290.075,224.175,297.586,174.1,303.845,142.803,307.601,114.01,268.793,222.923,261.282,184.115,256.274,159.077,248.763,134.04
300.64602969106375,278.029,289.171,302.538,269.564,331.949,232.8,316.018,193.585,295.185,180.105,342.978,197.261,365.036,154.37,374.84,124.959,384.644,100.45,319.694,189.909,324.596,135.988,325.822,100.45,325.822,71.039,296.411,182.556,297.636,135.988,300.087,102.901,304.989,74.7154,273.127,181.33,260.872,148.243,254.745,122.508,247.392,101.676
289.17182490865184,268.322,313.27,293.074,296.768,323.72,260.229,300.147,227.225,280.109,217.796,328.435,226.047,350.83,184.792,363.796,157.683,372.047,136.466,308.397,220.153,316.648,168.291,319.006,135.287,319.006,105.82,287.181,215.438,291.896,167.112,297.789,137.645,300.147,109.356,267.143,214.26,260.071,177.72,251.82,154.147,248.284,130.573
317.9464032128686,302.313,289.366,328.232,269.927,359.336,231.047,347.672,188.28,326.936,168.841,368.408,194.76,396.919,153.289,409.879,124.777,420.247,96.2658,347.672,186.984,356.744,131.257,358.04,96.2658,359.336,65.1623,325.64,179.208,329.528,128.665,336.008,97.5617,337.304,70.3462,303.609,177.912,290.649,140.329,282.873,117.001,275.097,96.2658
283.9798447724768,286.497,274.748,311.963,259.7,340.901,222.659,324.696,186.776,302.703,172.886,352.476,189.091,375.627,149.735,387.202,121.954,395.305,96.4888,331.641,179.831,338.586,130.057,345.531,95.3313,345.531,64.0781,309.648,176.358,315.435,128.9,320.065,96.4888,324.696,68.7082,288.812,171.728,283.025,135.845,274.922,113.852,272.607,88.3861
280.4069515275968,332.692,368.023,360.123,355.451,394.412,323.448,377.268,286.873,410.414,288.016,405.842,288.016,430.987,250.298,446.988,222.867,457.275,201.151,387.554,277.729,396.698,229.725,403.556,195.436,403.556,168.005,364.695,272.014,373.839,228.582,380.697,196.579,385.268,172.577,340.693,268.585,340.693,233.154,338.407,210.294,337.264,187.435
330.9677351193013,300.605,335.732,331.633,312.799,359.963,277.723,345.124,235.903,377.501,226.459,372.105,238.601,393.69,198.129,405.831,171.148,409.878,145.516,346.473,233.204,353.218,179.242,355.916,144.167,355.916,115.837,323.539,226.459,328.935,180.591,332.982,148.214,334.331,118.535,300.605,226.459,288.463,190.035,279.02,165.752,268.228,145.516
297.2423445069696,303.421,298.573,328.864,270.706,354.308,236.782,331.288,207.704,302.21,196.8,356.731,194.377,374.905,147.125,384.597,115.624,393.078,86.5459,330.076,189.53,334.922,128.951,336.134,92.6038,334.922,62.3142,305.844,188.319,307.056,135.009,308.268,101.085,311.902,72.0069,279.19,190.742,271.92,151.971,267.074,126.528,262.227,103.508
294.5905260730562,282.225,315.037,303.839,293.423,329.056,257.4,308.642,221.377,283.426,217.774,338.662,222.578,359.075,182.952,367.481,154.133,375.886,132.519,318.249,218.975,319.449,166.141,319.449,133.72,318.249,104.901,293.032,215.373,295.434,170.944,296.635,139.724,297.835,113.307,272.619,217.774,263.013,182.952,258.21,162.539,252.206,142.125
286.2862598868482,240.986,268.94,263.157,249.102,284.162,212.927,263.157,175.585,240.986,159.248,293.497,175.585,312.168,131.242,320.337,102.069,322.671,74.0624,272.493,167.417,272.493,116.072,272.493,82.2309,266.658,51.8907,245.653,166.25,245.653,119.573,246.82,86.8986,247.987,58.8923,225.815,166.25,211.812,131.242,203.644,110.237,198.976,90.3994
299.8619949726874,301.347,301.75,324.57,282.194,356.349,250.415,342.904,211.302,322.125,192.968,368.572,213.747,391.795,173.412,406.462,144.078,413.795,115.966,347.793,203.969,352.682,152.634,358.793,115.966,358.793,85.409,323.348,197.858,329.459,152.634,331.904,118.41,336.793,89.0758,301.347,194.191,291.569,158.745,284.235,135.522,280.568,114.743
301.0138117246449,260.104,331.334,288.325,310.476,310.41,272.44,289.552,241.766,269.92,233.177,315.318,240.539,331.268,202.503,341.084,174.283,348.446,149.744,296.913,234.404,298.14,184.099,300.594,153.425,299.367,123.978,272.374,231.95,277.282,185.326,279.736,154.652,280.963,127.659,253.97,233.177,244.154,200.049,234.338,174.283,229.43,153.425
307.06618261540945,273.51,326.566,304.801,309.043,333.588,276.501,318.569,238.952,291.033,230.191,339.846,238.952,362.376,197.648,376.144,168.861,386.157,146.332,319.82,233.946,328.582,178.874,336.092,145.08,337.343,115.041,298.543,227.687,307.304,178.874,313.562,147.583,318.569,117.544,278.517,227.687,269.755,188.887,266,162.603,259.742,137.57
325.88930931376075,308.112,294.021,338.664,272.767,370.545,236.901,357.261,194.394,385.157,189.081,381.172,199.707,405.082,159.857,422.351,131.961,432.977,102.737,359.918,190.409,367.888,134.618,370.545,101.409,371.873,70.8569,337.336,185.095,339.993,135.946,347.963,102.737,350.619,74.842,313.426,181.11,300.142,145.245,293.5,122.663,286.858,101.409
291.16435477578636,274.578,360.991,298.314,342.003,324.424,302.838,298.314,270.794,278.138,263.673,326.797,268.42,344.599,226.882,352.907,198.399,356.468,172.289,306.622,264.86,307.808,211.453,306.622,179.41,305.435,149.739,281.699,263.673,286.446,213.827,285.259,181.783,286.446,156.86,261.523,264.86,250.841,228.069,241.347,205.519,234.226,181.783
325.53439420743234,287.083,371.231,314.949,342.039,337.506,299.578,314.949,262.425,289.737,247.829,342.814,265.078,358.736,221.291,365.371,190.772,368.025,161.58,317.602,262.425,316.275,206.695,312.295,170.868,306.987,140.349,293.718,257.117,291.064,212.002,288.41,180.156,287.083,149.638,271.161,263.752,252.584,227.925,237.988,205.368,227.373,186.791
287.4390190388215,289.02,325.161,317.139,308.759,346.429,275.953,326.512,240.804,307.766,230.26,354.631,241.976,378.063,204.484,392.123,177.536,401.496,152.932,335.885,232.603,345.258,184.566,349.944,149.417,352.287,120.127,313.624,227.916,320.654,179.88,326.512,149.417,331.198,122.47,292.535,225.573,287.848,189.253,280.818,165.82,278.475,142.388
304.19612171755244,247.78,301.791,277.538,280.712,302.337,245.994,282.498,212.516,258.939,202.596,307.297,212.516,327.135,172.838,337.055,148.039,345.734,120.761,287.458,207.556,291.177,156.719,297.377,120.761,296.137,92.2424,267.619,203.836,270.099,156.719,276.298,125.721,277.538,99.682,247.78,202.596,237.86,169.118,229.181,143.08,224.221,120.761
297.250695666133,270.611,302.481,291.208,281.883,310.594,244.323,289.996,212.821,265.764,204.34,320.287,211.609,339.673,169.203,348.154,142.547,351.789,117.103,298.478,205.551,299.689,154.663,296.055,121.95,293.631,95.294,273.034,204.34,274.245,158.298,274.245,128.008,274.245,101.352,253.648,205.551,243.955,174.049,236.685,152.24,231.839,132.854
299.73073358599714,324.685,419.734,346.677,400.186,373.555,369.643,362.559,332.991,339.346,325.661,385.772,337.878,406.541,302.448,417.537,275.57,427.311,253.579,366.224,331.77,372.333,282.9,375.998,253.579,377.22,226.701,345.455,325.661,347.898,284.122,354.007,254.801,357.672,232.809,325.907,324.439,318.577,293.896,317.355,274.348,312.468,254.801
290.0054830947166,307.717,308.072,334.905,289.159,363.275,253.696,347.908,218.234,326.63,205.231,372.731,221.78,392.827,183.953,404.648,156.765,411.74,130.759,352.636,213.505,356.182,165.04,359.729,130.759,358.546,102.389,327.812,206.413,334.905,165.04,337.269,133.123,338.451,108.3,307.717,206.413,301.806,175.678,297.078,150.855,292.35,130.759
281.9709476329077,320.481,357.067,348.065,344.424,377.948,309.944,361.857,273.165,394.038,274.315,391.74,274.315,413.577,235.237,429.668,208.802,440.012,184.666,372.201,263.971,379.097,216.848,384.844,181.218,385.993,153.634,348.065,261.672,356.11,216.848,360.707,184.666,366.454,160.53,326.227,258.224,322.779,223.744,320.481,199.608,319.331,177.77
282.6619189296641,303.679,284.016,330.178,264.429,358.982,231.017,342.852,194.148,322.113,181.474,369.352,196.452,394.699,157.279,405.068,129.627,414.285,103.128,349.765,186.083,356.678,136.54,358.982,101.976,358.982,72.0197,327.874,182.626,332.483,134.236,338.243,103.128,340.548,75.4762,304.831,179.17,299.07,142.301,293.309,119.258,289.853,96.2149
289.58386624257923,270.271,266.029,295.058,247.143,323.387,210.551,304.501,173.96,284.435,162.156,331.65,175.14,354.077,135.008,367.061,106.679,374.143,80.7107,311.584,169.238,318.666,116.122,322.207,81.8911,321.027,50.0211,286.796,163.337,293.878,117.302,298.6,86.6125,302.141,58.2837,266.73,162.156,259.647,125.565,254.926,103.138,247.844,78.35
301.9460682390151,262.874,310.644,291.181,292.183,318.258,258.952,299.796,224.491,280.104,213.414,325.642,224.491,346.565,185.107,357.642,161.722,367.488,134.646,307.181,217.106,312.104,166.645,318.258,133.415,318.258,103.877,286.258,213.414,289.95,166.645,297.335,135.877,299.796,111.262,265.335,212.183,259.181,177.722,249.335,153.107,245.643,130.954
290.49467895298875,282.13,296.003,304.627,277.057,331.861,237.983,311.732,202.46,289.234,190.62,340.15,203.645,360.279,163.386,369.752,133.784,378.04,107.734,318.836,195.356,321.204,145.625,323.573,108.918,322.389,79.3163,293.971,192.988,299.891,146.809,301.075,114.839,303.443,87.6048,273.841,192.988,264.369,156.281,257.264,133.784,252.528,108.918
282.4168010529827,282.487,318.296,307.813,292.971,327.382,256.134,307.813,222.75,281.336,211.239,335.44,221.599,352.708,180.158,361.917,150.227,364.219,123.751,312.417,216.994,311.266,164.041,308.964,127.204,306.661,98.4255,289.394,215.843,289.394,167.495,287.092,135.262,288.243,106.484,269.824,216.994,254.859,180.158,245.65,158.286,238.743,135.262
285.20805795769513,278.944,261.386,304.52,235.81,326.608,204.421,305.683,176.521,282.432,166.058,326.608,162.57,341.721,118.394,351.021,91.6557,359.159,64.9174,301.032,157.92,302.195,102.119,301.032,69.5676,298.707,39.3417,275.457,157.92,275.457,107.931,276.619,76.5428,277.782,48.642,252.206,162.57,241.743,125.369,234.768,103.281,228.955,81.1929
288.97437976748046,256.02,277.093,278.4,258.247,303.135,221.732,283.111,184.04,264.265,172.261,312.559,185.218,331.405,145.17,340.828,115.723,349.073,88.6316,292.534,179.329,292.534,127.502,293.712,89.8095,292.534,61.5403,265.443,174.617,267.799,127.502,270.155,98.0547,273.688,69.7855,245.419,174.617,233.64,138.103,226.573,116.901,219.506,98.0547
325.0926522162567,265.882,315.644,293.709,286.491,318.886,246.738,299.009,209.635,277.808,192.409,328.162,212.285,345.388,168.557,353.339,138.079,359.964,112.902,302.985,206.985,306.96,150.005,305.635,115.553,300.335,85.0752,277.808,201.685,277.808,155.306,279.133,123.503,279.133,94.3509,255.281,204.335,239.38,168.557,227.454,147.355,215.528,126.154
303.3944343606191,275.783,376.604,299.279,350.634,322.776,312.297,299.279,282.617,278.256,272.724,326.486,281.381,340.089,239.334,347.509,210.891,354.929,186.158,305.463,277.671,306.699,224.494,306.699,191.104,302.989,161.425,285.676,275.197,285.676,228.204,286.913,197.288,285.676,170.081,265.889,277.671,252.286,241.808,241.156,219.548,233.736,197.288
284.65209259374853,271.55,272.943,292.435,252.059,319.121,214.93,300.557,181.282,275.031,168.519,327.243,181.282,345.808,140.673,356.25,111.666,363.212,83.8197,306.358,176.641,307.519,122.109,307.519,86.1402,301.717,57.1335,281.993,172,281.993,124.429,283.153,93.1018,284.313,65.2554,261.108,172,250.666,136.032,242.544,112.826,234.422,91.9415
290.26358769918073,241.213,281.052,263.693,251.473,287.356,214.796,262.51,184.034,235.297,175.752,289.722,174.569,308.652,127.243,319.301,96.4817,328.766,69.2694,262.51,171.02,266.059,110.679,267.242,74.002,266.059,44.4234,237.664,168.653,240.03,114.229,241.213,81.1008,243.579,52.7054,212.818,169.836,205.719,131.976,200.986,107.13,197.437,84.6502
296.9211237096478,308.612,405.897,329.187,385.322,354.602,352.644,340.079,318.757,318.294,310.285,365.495,319.967,386.07,281.238,395.752,258.243,404.224,232.827,346.13,315.126,348.551,269.135,349.761,238.878,349.761,211.042,324.345,310.285,326.766,270.345,327.976,241.299,332.817,214.673,303.771,311.495,297.719,281.238,290.458,260.663,288.037,241.299
286.82441340478675,280.99,270.181,306.711,250.306,334.77,216.401,316.064,180.158,291.512,168.467,344.123,181.328,363.998,139.239,374.52,110.011,383.873,86.6287,320.74,171.975,325.417,120.533,326.586,86.6287,326.586,57.4007,298.527,169.636,300.865,121.702,304.372,88.967,307.88,59.739,277.483,168.467,269.299,132.224,261.115,106.504,255.269,85.4596
289.63414721334226,300.775,301.181,325.567,284.653,353.9,249.236,340.914,212.638,368.067,210.277,363.345,213.819,383.415,176.04,394.04,148.887,401.123,125.276,343.275,207.916,347.998,157.151,349.178,125.276,346.817,98.1224,318.483,202.013,324.386,157.151,326.747,127.637,327.928,102.845,297.233,202.013,292.511,170.137,286.608,146.526,280.705,126.456
287.52863807280136,285.779,308.478,309.219,289.727,336.175,251.051,313.907,215.891,290.467,204.171,343.207,215.891,363.131,174.871,372.507,144.399,380.711,119.788,322.111,208.859,323.283,158.463,325.627,122.132,324.455,92.8318,297.499,206.515,301.015,159.635,303.359,126.82,305.703,99.8638,277.575,206.515,268.2,170.183,259.996,147.915,252.964,122.132
321.98749138592325,285.935,278.338,313.496,256.026,341.058,217.965,326.621,174.654,306.934,157.592,350.245,182.529,376.494,140.531,389.618,110.344,398.805,81.4706,327.933,173.342,335.808,119.532,337.12,85.4079,337.12,55.2216,306.934,170.717,308.246,120.844,313.496,88.0328,316.121,57.8465,284.622,168.092,270.185,131.344,262.311,109.032,253.124,88.0328
303.9843844673604,283.662,321.013,313.399,308.622,341.898,272.69,323.312,239.235,304.726,228.083,350.571,240.474,371.636,202.063,384.026,177.281,395.178,152.5,331.985,231.8,340.659,182.238,349.332,150.022,350.571,121.524,312.16,228.083,320.834,180.999,327.029,151.261,331.985,122.763,292.335,224.366,286.14,190.911,281.184,163.652,274.988,141.349
290.02769358114756,251.309,302.414,277.317,283.5,305.689,249.216,279.681,214.933,260.766,205.476,312.782,214.933,332.879,173.557,342.337,146.367,350.612,121.541,292.685,206.658,296.232,158.188,297.414,121.541,296.232,91.9863,267.859,205.476,273.77,158.188,276.135,127.452,277.317,101.444,248.944,205.476,239.487,168.828,230.03,145.184,226.483,121.541
303.3057674509339,261.875,279.187,286.601,256.933,312.564,221.08,292.783,183.991,270.529,167.919,322.454,185.228,340.999,141.957,353.362,111.049,360.78,86.3233,300.201,176.573,301.437,124.649,301.437,87.5596,301.437,57.8883,275.475,172.865,277.947,125.885,279.184,93.7411,280.42,65.3061,253.221,174.101,240.858,137.012,232.204,114.758,224.786,93.7411
292.87567833809624,279.587,289.31,301.075,270.21,329.726,237.977,310.625,198.583,290.331,183.063,340.47,200.97,361.958,161.575,373.896,130.537,378.671,105.467,318.982,192.614,323.757,141.281,327.338,105.467,327.338,76.8166,295.106,189.032,298.687,142.475,301.075,109.049,305.85,80.398,271.23,189.032,262.874,153.219,258.099,130.537,252.13,106.661
301.0096678846046,251.315,314.343,281.988,295.939,310.208,259.13,290.577,226.003,266.038,217.414,315.116,222.322,334.747,179.379,345.789,151.16,353.151,129.075,294.258,217.414,300.392,164.656,302.846,129.075,302.846,99.628,273.4,216.187,279.534,164.656,281.988,131.528,284.442,103.309,252.542,216.187,241.499,176.925,234.137,149.933,230.457,127.848
289.5763817527251,258.856,306.876,286.004,289.171,314.332,254.941,290.725,220.711,271.84,211.268,322.594,220.711,342.66,180.58,352.103,153.432,360.365,127.464,302.529,212.449,306.07,164.055,310.791,127.464,308.43,97.9559,277.741,211.268,284.824,164.055,286.004,131.005,289.545,105.038,257.676,210.088,249.413,174.678,242.331,149.891,237.61,126.284
299.4095627397362,279.597,317.03,308.887,302.385,335.736,268.213,318.65,234.041,296.682,224.278,341.838,234.041,363.805,197.429,378.45,170.58,386.993,148.612,323.532,227.939,330.854,177.902,339.397,142.51,339.397,114.44,302.785,221.837,311.327,176.682,318.65,146.171,321.091,120.543,283.258,220.617,278.376,185.225,271.054,160.816,266.172,137.628
324.19005939417696,276.466,273.512,304.216,249.726,333.287,211.405,316.109,170.441,294.966,153.262,341.216,175.726,366.323,133.441,378.216,101.727,387.466,73.9768,318.752,167.798,324.037,112.298,325.359,79.2625,325.359,47.5483,294.966,163.834,297.609,113.619,301.573,80.5839,304.216,52.834,272.502,163.834,259.288,125.512,250.038,101.727,242.109,80.5839
302.3849556343701,242.586,307.38,273.4,288.892,300.516,251.915,279.562,218.637,258.609,210.009,306.678,218.637,325.167,171.8,335.027,145.916,341.19,121.265,288.19,210.009,290.655,159.474,291.888,122.498,290.655,91.6839,262.307,208.776,268.469,159.474,270.935,127.428,273.4,100.312,241.353,208.776,231.493,170.567,222.865,147.149,219.167,121.265
289.81940639819135,274.395,284.636,296.84,265.734,322.829,231.476,302.747,193.673,281.483,179.497,333.461,197.217,353.544,153.508,362.995,123.975,371.264,100.348,308.653,188.948,315.741,134.607,315.741,101.53,315.741,70.815,286.208,183.041,288.571,138.151,290.933,105.074,295.659,76.7216,262.582,181.86,254.312,148.783,248.406,125.156,241.318,103.892
299.56364278730484,270.179,282.395,295.821,261.638,325.126,226.227,306.811,188.375,283.611,173.722,333.674,190.817,354.431,148.08,365.421,117.554,373.968,91.9121,311.695,183.491,314.137,129.765,315.358,95.5753,314.137,65.0491,287.274,177.385,287.274,130.986,289.716,98.0174,293.379,68.7123,265.295,177.385,250.643,143.196,243.316,118.775,237.211,96.7963
298.0567068361321,313.562,413.115,334.215,392.462,360.943,357.23,350.009,323.212,326.926,314.708,371.877,325.642,392.53,287.98,404.679,264.897,410.754,240.599,352.439,321.998,356.083,274.616,360.943,241.814,360.943,217.516,331.785,315.923,333,275.831,336.645,246.674,341.504,219.946,311.132,317.138,303.842,286.765,301.413,266.112,295.338,246.674
275.17344321354847,262.292,301.927,284.725,273.886,304.914,240.237,283.603,213.318,261.17,204.345,304.914,199.858,319.495,153.871,328.468,124.709,335.198,97.7896,277.995,196.493,277.995,139.29,276.873,106.763,274.63,76.4786,254.441,197.615,253.319,146.02,252.197,113.492,254.441,85.4516,229.765,200.98,219.67,163.966,212.94,141.533,208.454,119.101
281.727849111514,274.388,288.411,298.503,265.444,321.47,228.697,300.8,194.246,280.129,182.763,328.36,195.394,346.733,154.054,357.069,125.345,362.81,98.9334,307.69,190.801,307.69,136.829,307.69,100.082,303.096,72.5214,282.426,185.059,284.723,137.977,284.723,108.12,285.871,79.4115,262.904,186.208,251.421,151.757,243.382,127.642,235.344,108.12
291.2836339377823,292.981,296.553,319.102,278.744,346.409,244.312,329.787,211.068,357.095,202.757,354.721,211.068,374.905,171.887,384.403,144.579,392.714,118.459,332.162,202.757,336.911,152.89,338.098,119.646,338.098,92.338,309.603,200.382,314.352,154.077,316.727,125.582,317.914,98.2744,289.419,200.382,281.108,164.763,273.984,144.579,270.422,124.395
283.7691757220998,289.157,322.818,315.76,300.842,338.893,261.515,316.917,227.972,297.253,216.405,345.833,227.972,363.183,186.332,373.593,158.572,380.533,131.968,325.013,223.345,326.17,170.138,326.17,136.595,325.013,104.208,299.567,221.032,304.193,173.608,304.193,141.222,306.507,112.305,279.903,221.032,269.493,186.332,261.397,160.885,253.3,138.908
285.50124011814734,290.439,274.885,313.713,255.102,340.479,220.19,325.35,182.951,303.24,172.477,350.952,185.278,375.391,145.712,385.864,117.782,395.174,91.0165,331.169,175.969,336.988,125.928,339.315,89.8528,338.151,61.9234,307.894,172.477,312.549,127.092,316.041,93.344,319.532,64.2508,285.784,172.477,277.638,136.402,272.983,110.8,266,89.8528
328.1030362858595,295.141,383.987,317.876,353.228,339.274,311.769,316.539,275.66,289.791,263.624,347.298,278.335,360.672,232.864,367.359,202.105,368.696,175.357,319.213,275.66,316.539,220.828,313.864,183.381,307.177,156.634,296.478,271.648,292.466,224.84,289.791,192.743,287.116,164.658,273.743,276.998,253.682,242.226,240.308,222.165,229.609,202.105
284.75886158291894,276.649,279.145,301.024,260.574,327.72,223.432,307.988,187.45,288.256,174.682,335.845,188.611,356.737,147.986,369.505,120.129,375.308,93.4333,316.113,182.807,320.755,130.576,324.238,94.594,323.077,64.4158,290.577,177.004,297.541,130.576,299.863,100.398,303.345,72.5407,270.845,177.004,262.72,141.022,255.756,118.969,251.113,93.4333
292.5144947519695,280.951,374.331,303.605,354.062,327.451,315.908,301.22,284.908,278.566,277.754,329.836,281.331,346.528,239.6,352.49,212.177,359.643,184.754,308.374,277.754,311.951,224.1,309.566,191.908,303.605,163.292,284.528,276.562,286.912,228.869,286.912,196.677,285.72,171.638,265.451,277.754,253.528,241.985,243.989,220.523,235.643,197.869
298.4552984451775,271.467,316.229,299.447,296.765,327.427,262.702,307.963,228.639,287.282,218.907,333.51,228.639,354.191,189.71,366.356,165.38,374.872,141.049,314.046,221.34,322.561,171.462,327.427,139.832,328.644,110.636,294.581,217.69,301.88,170.246,305.53,141.049,310.396,113.069,275.116,217.69,266.601,181.194,260.518,158.08,255.652,132.533
282.21060268707123,270.906,290.259,295.063,262.652,316.919,230.443,295.063,205.136,272.057,195.933,314.618,190.182,329.573,147.62,338.775,120.012,346.827,94.7052,290.462,189.031,290.462,131.515,288.161,100.457,284.71,71.6988,265.155,187.881,264.004,139.568,264.004,107.359,265.155,80.9014,242.148,193.633,230.645,157.973,223.743,134.966,217.992,113.11
312.84974434702673,343.032,311.61,376.187,286.106,401.691,255.502,394.04,232.548,394.04,208.319,397.865,208.319,416.993,162.412,427.195,133.082,436.121,106.303,372.361,203.218,377.462,145.834,377.462,111.404,376.187,80.7988,346.857,201.943,350.683,150.935,353.233,117.78,354.508,89.7252,322.628,208.319,313.702,167.513,306.051,143.284,302.225,121.605
291.7743331035134,318.585,417.826,341.181,394.04,366.157,363.118,355.453,326.25,335.235,319.114,380.428,332.196,401.836,295.328,412.539,269.164,422.054,247.756,359.021,325.061,364.967,277.489,367.346,248.946,368.535,221.592,337.613,322.682,343.56,279.867,345.938,250.135,349.506,227.538,317.395,322.682,311.449,289.382,309.07,267.974,306.692,250.135
294.7557776617788,278.37,307.79,299.996,287.365,320.421,251.322,299.996,217.681,273.564,211.674,330.032,216.48,349.255,176.832,357.666,147.997,364.874,125.17,309.608,211.674,309.608,162.415,308.406,127.573,307.205,98.738,284.377,210.473,285.579,164.818,286.78,134.781,286.78,105.947,263.953,211.674,254.341,178.034,247.132,155.206,242.327,135.983
282.0646276192745,280.548,269.391,306.992,252.145,335.735,216.503,317.34,180.862,294.345,164.766,344.933,182.012,364.478,142.921,378.275,114.178,385.173,90.0342,321.938,173.964,327.687,124.526,334.585,88.8845,333.436,56.6924,298.944,170.515,305.842,122.226,309.291,91.1839,313.89,62.4409,278.249,167.065,271.351,131.424,264.452,108.43,261.003,83.1359
287.75612183236,296.604,279.429,323.581,260.662,351.732,225.474,334.138,187.941,315.371,176.212,362.288,190.287,383.4,150.408,398.648,121.084,405.686,97.6261,342.348,183.249,345.867,131.641,350.559,95.2802,350.559,64.7843,316.544,177.385,323.581,130.468,325.927,99.9719,331.792,70.6489,296.604,176.212,288.394,139.851,284.875,115.22,277.838,92.9344
290.86429799822463,314.623,310.83,341.891,293.046,370.345,261.035,358.489,226.653,385.758,220.725,379.83,226.653,401.171,188.714,414.212,160.26,421.326,138.92,360.861,218.354,366.789,168.559,370.345,136.548,370.345,110.465,337.149,214.797,343.077,168.559,347.819,140.105,351.376,112.837,315.808,213.612,311.066,179.23,305.138,156.703,302.767,135.363
