0.0,0.0,31.87700000000001,-14.02600000000001,61.20300000000003,-44.62700000000001,47.178,-81.60399999999998,19.126000000000033,-89.25399999999999,53.553,-86.70399999999998,63.75400000000002,-131.331,65.029,-164.48299999999998,63.75400000000002,-192.534,36.97700000000003,-93.07899999999998,42.077,-144.082,44.627999999999986,-179.784,45.90300000000002,-212.935,16.576000000000022,-95.63,22.951999999999998,-142.807,25.50200000000001,-175.958,26.776999999999987,-204.01,-2.5500000000000114,-94.35399999999998,1.2760000000000105,-130.05599999999998,3.826000000000022,-154.28199999999998,5.100999999999999,-175.958
0.0,0.0,22.762957123156525,-26.357533799832993,45.44656340442634,-60.596915868115445,23.13291911049953,-91.37748384272291,37.771959345150265,-83.09849264113228,39.49853293102444,-93.94345810803844,43.54441588424771,-139.34234073783773,41.31877751388146,-171.97728557794588,41.054271384025924,-198.61636506875948,21.958364612338187,-97.71810985457921,22.904979674987487,-148.34236939960346,24.481968426921696,-183.61529964015313,25.054570471195746,-216.38084049310808,1.090199620886608,-97.04984358970711,4.414510265567856,-144.57228521440473,8.877822674244896,-177.5746435518446,8.98547670060168,-205.56349149949494,-16.218773172179908,-92.98457513367134,-15.32447040313275,-129.15630808777212,-13.369731304027766,-153.74922466425022,-9.015597995160988,-175.8009014703555
0.0,0.0,26.85020083733292,-22.17968710317814,50.67115030532841,-56.301073388833515,26.392882409771687,-90.48973565053643,2.340240221679096,-91.25022557618604,44.67998990540099,-91.59260847390067,48.52924049285275,-137.68557257093735,48.28655349357928,-170.1523931119151,46.77060381297497,-197.3484843898471,27.215294040055653,-96.38634000891054,29.43780105351067,-147.18529995259013,30.63771461235865,-182.68901303398536,31.128577310512526,-215.59084235798014,6.755480940102359,-96.82057711699468,10.066521376000765,-144.28894171206093,13.723943590865417,-177.26596723656445,13.763175128183207,-205.2989596646582,-10.901660639353508,-93.75677901519637,-10.060644952454425,-129.6725673962718,-9.062590666936842,-154.06311450312674,-4.600600541350616,-175.97179444348157
0.0,0.0,29.74835728490723,-18.108203772034074,52.91025652806178,-54.20222405155258,36.52156982820219,-86.89736150933322,7.184186705973673,-90.99707607046344,43.51570299844326,-92.15145694752346,48.454288385244126,-137.71196757754788,47.597086033272376,-170.34654540418853,44.51978978622168,-197.86839563050646,24.291124946705736,-97.164499786823,26.299362219815578,-147.7783482105242,24.642835449540144,-183.59377903678242,23.780232677736024,-216.52459483345706,1.2607371490803416,-97.04777801599027,4.941521495430379,-144.55523137648873,6.16964243819433,-177.68935049739147,4.956108669420701,-205.7000846277339,-18.510708539922803,-92.55556971544189,-15.832195229095191,-129.09505376360403,-15.963943512757965,-153.50155148245722,-14.720619229628426,-175.4153395073997
0.0,0.0,28.16515410016774,-20.484040116974114,51.68259032220391,-55.37405706273688,32.819665558949225,-88.36201702427758,36.32219895697108,-83.7423325142679,43.09607852116335,-92.34844579687154,49.89011121537436,-137.1983268116546,50.59136536728937,-169.48139095568405,46.80505795504092,-197.34031575383995,24.87597689216574,-97.01641378478405,29.674620642143793,-147.13773663729117,27.601118987161897,-183.17238675809335,26.70484680868981,-216.18337306769087,3.6828594240968187,-96.98606715638255,8.637840110692991,-144.3815129136071,11.245714542824828,-177.4404228816571,8.774043506277337,-205.57262461123065,-14.352817596733075,-93.29081649891862,-11.991949012776104,-129.5082409380769,-10.996024520043022,-153.93719902854735,-11.057575391648527,-175.6842849871838
0.0,0.0,33.6288235956622,-9.053950992347723,65.52209326171032,-38.00304767520285,61.236124622277885,-71.65970653892501,50.374240051215224,-76.12172049594349,63.01911295913834,-80.0880691916303,76.65895631700425,-124.24092921975284,85.7858724707769,-154.67453641251876,89.67542415840569,-181.91270426776137,46.37376876968233,-88.77202453530073,60.23178813916974,-137.48537504243194,66.32288044659265,-172.96017047073866,69.67092333791169,-206.38401603622998,28.72631442804868,-92.70738662793208,43.366827017434616,-137.98533207352114,51.206691947912645,-170.26286872877355,56.52654170468861,-197.84296275558575,11.869696034835897,-93.63914850125774,22.22915531213465,-128.1485698949036,26.003822785568104,-152.12289439968185,33.52934357374778,-172.8092042818136
0.0,0.0,28.58893181688211,-19.888307684910444,54.132690687143,-52.98139425279507,33.2368272430308,-88.20595113039099,7.279122627925005,-90.98953107785329,51.06026051834482,-88.19499544077743,57.224762333539445,-134.30461888136955,59.784750384130746,-166.46084149585204,59.89195734332611,-193.77013990185688,33.08620513817556,-94.53201468050156,39.691521414267925,-144.7573133932124,42.16611767477906,-180.37728116433257,44.99379127275142,-213.1289712378495,12.903640972540757,-96.19436951117132,20.943636874393917,-143.1153298129642,25.800784159910222,-175.91443745393306,27.27110136432134,-203.94453868485155,-4.543545361053134,-94.27903272494925,-1.1514168259677717,-130.05716262971785,2.320473835987002,-154.31198657646948,8.205412254986243,-175.84057886257577
0.0,0.0,31.659405294411954,-14.510474196392153,58.078761776889166,-48.623387052563146,42.67129960668575,-84.0484187232363,14.170244190223457,-90.1736356791132,48.235889381894424,-89.77085496160566,54.6673833866472,-135.36573152263216,55.544291598182326,-167.92337478998,52.497080838953536,-195.9029611195001,29.26724366283935,-95.78323036095611,33.65766467661365,-146.27801701389254,33.13741668369482,-182.2521787401489,33.12273795958242,-215.29348309705253,7.844325652322993,-96.73844753282071,12.863068036540199,-144.0665645932023,13.038091149379056,-177.31773162089706,14.112800313155503,-205.2752218274797,-10.423235544317436,-93.81117191884812,-7.637107529583147,-129.83784463930994,-7.706440512016968,-154.13690205344966,-6.419754489168099,-175.91482233540984
0.0,0.0,28.11851081857185,-20.548020691683632,51.76631395411874,-55.29579620191407,37.5839843863439,-86.44316408859089,15.794040076904821,-89.90344092441137,40.9146414983515,-93.3354141580856,40.77907961943913,-140.1765698766789,38.36855620608998,-172.65943943109542,33.13629476310325,-200.08972897520934,22.140538437500425,-97.67699487442047,19.24917263403853,-148.86089481762824,15.277894120411588,-184.60913030304187,11.583748554485567,-217.51831280015585,2.5868986064170088,-97.02148541225347,1.2802537994444378,-144.6340018917025,-1.2702476128057185,-177.79189025093962,-6.386616206854001,-205.66064028497613,-14.450744432956611,-93.27569780673514,-16.767275444678376,-128.9769350936914,-19.300485652238308,-153.11781429209253,-20.567953352464002,-174.8261915729187
0.0,0.0,26.357823551177376,-22.76262161186628,50.54121940155153,-56.41774082152028,27.19907746912338,-90.25068800196829,38.81869694944936,-82.61470304459618,44.65663792981496,-91.60399616722736,45.82174767878013,-138.61014218541948,45.35567754711428,-170.95698477758134,43.99623422075655,-197.9854667554978,26.74539013220857,-96.51778528683695,27.66164629205292,-147.52942071808374,27.64746223923231,-183.1653975829775,29.171039150369495,-215.86442529719343,6.833982448868937,-96.81506783496332,9.092802839984301,-144.35357456437708,11.671212895259146,-177.41294360207638,11.671360545360926,-205.42849649457153,-12.25636381526806,-93.58932290612955,-11.36555856963605,-129.56471506702806,-10.342066443833119,-153.98251674028234,-6.989079274781147,-175.8931230488868
0.0,0.0,28.006859666296748,-20.699942430653323,52.38375774897071,-54.71122610668817,31.702725856965685,-88.76887784149397,5.99205428145018,-91.08334467666498,46.97893894925744,-90.4349861513891,48.58763840167893,-137.6649754714237,48.1246895617673,-170.19824436398724,46.452225084767406,-197.42366741774933,28.778660990759022,-95.93115990948385,28.085053279553108,-147.44940296686406,28.949527424935695,-182.964121897909,30.639972229087334,-215.6608256865413,5.906817159773141,-96.87605579832928,9.23818164815765,-144.34434368147453,13.901791513750027,-177.25210848028925,12.907551209334827,-205.35452990079958,-14.958200911482209,-93.19566535784662,-12.713340232280189,-129.43941552764477,-10.419785709923815,-153.9772771085372,-7.035497349425498,-175.8912725010716
0.0,0.0,30.622355267743103,-16.58743991266067,56.106264656846975,-50.88677042469726,39.005128965514814,-85.81128372413244,13.601589674402817,-90.26116080756537,48.62047581096584,-89.56314396511146,53.10072100216206,-135.98793147206317,52.830328547941065,-168.7968735359651,49.790337739815925,-196.60833130809857,30.0976608893165,-95.52554411774742,32.15298788623511,-146.6161042416133,30.453307209562695,-182.71984325737586,30.805324096331162,-215.63726867431797,7.739749639986201,-96.7468704998272,11.585458699482444,-144.17493089896934,11.487922152369606,-177.42490640443097,11.48418871494971,-205.43904506826206,-10.282014378753615,-93.8267552264017,-8.904239592203055,-129.75710319394713,-8.986608890610569,-154.0675652454052,-7.7020588998332755,-175.8633453955187
0.0,0.0,20.659159404340983,-28.036956641298104,38.16626561131244,-65.42715420440317,20.321432186961886,-92.04355433092917,-3.337419895664823,-91.21919765290647,47.416522324402706,-90.20632370105449,55.64493550497036,-134.96683010891115,57.77271497237905,-167.1697985125311,58.50745809701925,-194.19266468902867,32.02784870130574,-94.8958148580129,38.37659020852891,-145.11145363811448,41.107577680496945,-180.6214607881409,44.93934038644278,-213.1404591334818,14.223937085446607,-96.00802200748257,21.993431831110968,-142.9577647743916,26.011014930463773,-175.8834752621382,29.640539109759857,-203.61366916364625,-3.493602449293178,-94.32377514670566,0.0,-130.06225936835023,3.7328271362734426,-154.28428241908082,7.646628263146056,-175.86576426696942
0.0,0.0,28.339185129593716,-20.24258854965484,52.89489577434529,-54.217214415913645,36.34545226833154,-86.9711710822065,6.153283278237097,-91.07259465337398,45.059559105522,-91.40647437799998,51.11939611545256,-136.74505993925868,51.293556459081174,-169.27019582838275,49.488115600713684,-196.68462086876642,25.806104991259758,-96.77315596372824,30.410716817571597,-146.9873632515444,29.019852111438695,-182.9529809088396,29.37389410413806,-215.83691523731264,6.288825789100997,-96.85200744535106,10.124748424483926,-144.28486761383158,11.325139589190655,-177.43537128003916,8.827755177606718,-205.57032511411813,-13.521012697317133,-93.41499896504303,-11.213961169350057,-129.57792399514784,-11.17243567144709,-153.92449603999802,-10.04313654772642,-175.74519445288888
0.0,0.0,27.86091112847538,-20.895966981482275,50.32210653566506,-56.61326639413397,30.18446243324928,-89.29655495939227,3.463330084192023,-91.21450398225016,41.50625750954305,-93.07383097601331,45.03773707548521,-138.86686543635764,42.89708810021722,-171.5904075480975,40.01584854444911,-198.82818094341582,22.798000019647247,-97.52563747602045,23.66587260517781,-148.2228832766233,20.998266357403168,-184.04623834782268,21.18076562182324,-216.7943145049551,0.0,-97.05596672023827,2.4724386657371724,-144.61853477353503,1.2434641204724244,-177.7920795901243,1.2396554158019057,-205.75604750152561,-18.048414081040846,-92.64682706471541,-16.72022227832599,-128.98304337766018,-17.043052407911716,-153.38548876807468,-17.2717871916185,-175.18254288657718
0.0,0.0,21.580010585704912,-27.33450105856815,40.83033532880452,-63.79858975665044,20.83723219627049,-91.92815811490354,26.9898050608314,-87.19880053520416,31.872371295509055,-96.79700084713994,32.40361932498948,-142.34609067916537,28.311633037884093,-174.59060560273048,24.721576724070957,-201.30265104135083,12.85328557015481,-99.32669238453502,10.36606169786063,-149.7419160351441,8.146682083398161,-185.0610078083226,8.371076571575088,-217.66562592892987,-6.754853734334205,-96.82062087710318,-9.093037393024957,-144.35355978973655,-6.966956189724641,-177.65987529391788,-7.050376955180241,-205.63895548701333,-24.927149229559774,-91.03744859829527,-27.860426215246008,-127.04325233204963,-27.607949490843737,-151.83996484756906,-26.854774848366674,-173.97143165716471
0.0,0.0,27.701779999605947,-21.10647270041659,52.300856303700584,-54.79048063212869,47.49559516441809,-81.41956116301355,37.457775086962215,-83.2405879216056,41.28023032926927,-93.17429907953414,46.165359390997935,-138.49607817299375,44.59677137056042,-171.15652518476168,42.0854527041318,-198.4004242502729,22.607188359550207,-97.570045631207,25.06301265423639,-147.99304730187018,26.19661171571937,-183.37852266450355,25.663388113219582,-216.30947770393755,2.338310683913278,-97.02779487933083,7.163126398713757,-144.46218596295725,9.596638483459287,-177.53724763501825,8.415708149765806,-205.58760586508603,-16.4701932840847,-92.94037093311437,-15.687389166105902,-129.11273032955017,-13.317692628448071,-153.75374097255056,-10.905266382239859,-175.69380504198887
0.0,0.0,20.242760443821908,-28.33906234535715,40.586057236826775,-63.95426722251631,16.448564519910292,-92.81390642158289,24.824736021379408,-87.83969987123604,32.563137324093645,-96.56681372299812,34.07017281568824,-141.956427826672,31.839850368115947,-173.98175783264168,28.364489923743633,-200.8217353360085,14.970547760611964,-99.02969993768147,13.589542785563367,-149.4838485585628,12.397148330114533,-184.82493271547847,12.524566914034722,-217.46616945542556,-6.754410354339768,-96.82065180923536,-4.44836303086737,-144.57124755408873,-3.395928159894595,-177.7639936543192,-4.521120899479513,-205.71010498955147,-24.653120830993373,-91.11203789451997,-25.294983082346732,-127.57881933480883,-24.468844813788337,-152.37732585092422,-21.281827256208942,-174.74072734665174
0.0,0.0,30.876459099214458,-16.109502738897277,57.416179699420866,-49.404034721101596,40.57668950935192,-85.0794262349109,9.083428285227967,-90.82715300276192,49.2659671417951,-89.20970746832188,55.58525278035273,-134.99142102498323,55.93189679383289,-167.79466931653107,52.81920484783649,-195.81635598499497,29.267535089789362,-95.78314131290509,33.94289833715578,-146.21209356778087,33.592024656210015,-182.16893511105724,33.51006708094269,-215.23353604452703,9.265031492070648,-96.61273139421604,12.863157535642642,-144.06655660219423,12.943428578579983,-177.32466671230824,12.915354757521186,-205.3540392602185,-10.282256831008226,-93.82672865693007,-8.904652535399975,-129.75707485614723,-7.642904083455676,-154.14006558053325,-6.41975603982155,-175.914822278821
0.0,0.0,25.36081607816294,-23.868406164836244,46.58630632180672,-59.7251404459696,22.308011969185657,-91.58236239572915,33.56035468691368,-84.88688347023083,41.59247913967124,-93.03533255713128,43.54441538314683,-139.34234089443154,40.57118923932336,-172.15518212852902,39.147950494582915,-199.00088352586195,24.55348963702852,-97.09853200045987,22.742729628321683,-148.3673309797445,22.710287893712973,-183.8428346816505,23.206052300441,-216.58688503838175,1.0908644983509248,-97.04983611859546,3.2375859261062487,-144.60342869507303,6.500796116432525,-177.6775433695901,6.529156686561578,-205.6561643665522,-17.70878096827454,-92.7123448771396,-17.0502546628598,-128.93983142509387,-15.142705403346952,-153.5847397141638,-11.999445822126859,-175.6224679958742
0.0,0.0,31.739770587753924,-14.33383298482127,60.59626434558311,-45.44743210963867,49.85404765516216,-79.99719015313485,21.037553201739627,-88.82286725435051,52.264696572422,-87.4866213611696,57.50724870658087,-134.18390523158675,59.63102472191929,-166.51597226877018,58.07359406276515,-194.32285337713927,30.98260598285043,-95.2422012372217,35.87696855177023,-145.74957900637412,36.75728665893348,-181.5567319530537,38.36960630147098,-214.42055159492085,6.834200623887625,-96.81505243417706,14.61530286070871,-143.89936231717553,15.89194743566128,-177.08477002470363,18.019374544099435,-204.96924152184263,-13.83286235341592,-93.3693297347231,-7.971609931561716,-129.8177366429527,-6.802222023551394,-154.1794525075968,-2.2570129112178847,-176.0174532758573
0.0,0.0,26.911272841338757,-22.105546793938913,48.21651204380959,-58.416986436559455,26.141890295313317,-90.56256440598293,-0.8952593073023536,-91.27583964430394,43.23210043027888,-92.2848466292613,45.6483000489132,-138.66736018127838,44.539605306176384,-171.17141025641521,43.81091721708418,-198.02655681649819,24.721515575465446,-97.05588821731536,16.48084992906911,-149.1927553154492,13.87558768861868,-184.71982326294992,11.636303460413785,-217.515507667332,0.0,-97.05596672023827,-4.3547929706102195,-144.5740963353502,-7.000841680894666,-177.65854323324575,-7.907907289586603,-205.6077645209424,-21.474793582757314,-91.91307337140873,-23.866162386030112,-127.85381341580563,-25.090537594191687,-152.27619224039734,-24.052663714121536,-174.38092594448335
0.0,0.0,26.754471316929,-22.29506827869392,48.576604256300385,-58.11789618462444,30.32727230430376,-89.24815434831473,0.8148504399605088,-91.27659289631978,37.10326112043853,-94.91499059278544,40.21926083927306,-140.3382169422945,37.53637458210224,-172.8422654133881,36.35900980793946,-199.52928626591674,17.306886771039075,-98.64821559609902,16.20175620245257,-149.22332173275157,14.669710493362231,-184.6584540010041,16.15781437643389,-217.22643639432266,-8.48074341646543,-96.68473337142777,-5.101894656349202,-144.54966006157022,-5.176487719103193,-177.7210559919504,-6.0746652166915,-205.67009085305796,-28.384725622431347,-90.01937106722801,-25.506962199001265,-127.53660725994996,-26.052512059091015,-152.1145634560048,-22.768022057510365,-174.55330170635196
0.0,0.0,22.43324414739891,-26.638719226404163,40.03592467699673,-64.30008610614647,12.68458705539723,-93.40277164642413,-11.852474892180396,-90.50745400755801,30.273510371768054,-97.30889987442282,24.000907826969524,-144.00125173234193,18.803931826432915,-175.86881553552027,15.470518977733434,-202.22407550674964,11.060722397010181,-99.5422482670362,3.262846894945369,-150.0648209379538,0.0,-185.24023601798828,-2.245181259363676,-217.8149645802891,-9.657021078268428,-96.5743372739046,-12.901300655006594,-144.06314585767285,-14.309641366848211,-177.21964883147743,-17.728756787478233,-204.9945828839641,-26.34802185585221,-90.63642512965487,-31.29033583123396,-126.24225202193043,-31.959636059291995,-150.98395763443742,-32.37275393135809,-173.0296008430342
0.0,0.0,30.353815500161602,-17.073889117074373,56.556073720772474,-50.38637577054493,45.59209948062329,-82.50052705861305,21.88048862387683,-88.6189856045554,47.83880915243918,-89.98308598773716,50.520387072138874,-136.96749456378788,51.23210568261271,-169.28880493796865,50.479893378717065,-196.4324159513224,25.3747007368886,-96.88716804878416,28.1368240232282,-147.43953264605082,28.496478638746453,-183.03523088518088,28.934544173828442,-215.89625237009736,4.56198244933978,-96.94869257567075,7.897840581892183,-144.4238819141177,9.985187531462486,-177.51581844433338,9.998013659479398,-205.51673302158358,-16.985065892130535,-92.84765668900849,-13.499107155227875,-129.35982922844198,-13.370178019243156,-153.74918581811656,-10.011621011306772,-175.74699260506839
0.0,0.0,27.06834827921918,-21.91292601262765,50.39893812486426,-56.54487928969439,32.014914377204406,-88.65676374321515,3.4210250749977433,-91.21610043975917,38.489926510197364,-94.36118366277316,39.13646187706766,-140.64402379320933,37.72479791981462,-172.8012377036378,32.752387929316086,-200.15292842456137,19.88130336076418,-98.16176723489275,16.975029908273058,-149.13733607857301,13.28429032524005,-184.76328821103704,13.361445188765373,-217.41635498845898,-3.6364956087453777,-96.98781663532577,-3.614318395293111,-144.59450285379953,-4.835815159123001,-177.7306519983168,-6.048900143965938,-205.6708502341747,-22.612161870352736,-91.63989279538123,-22.535073615056064,-128.0951278119664,-24.00700203943876,-152.45077124461645,-24.051594774995976,-174.38107338177326
0.0,0.0,32.40294013552716,-12.76406187596416,61.17423096424761,-44.666428152840865,48.639963622028006,-80.74113226136842,21.22974685770538,-88.77712678588864,54.192618005502766,-86.30566365372351,61.36259581669884,-132.46522529190992,62.64023212319455,-165.40746491483478,62.66587839509026,-192.89090532467245,33.81569065359378,-94.27352669557052,39.16332157267078,-144.9011072987214,40.80149594703386,-180.69084915535757,43.48002685121759,-213.4429359314039,9.153988194268095,-96.62331590324976,17.698576940341752,-143.55275659940077,20.717349439710347,-176.58528024779682,23.69751951273895,-204.39059517977668,-12.796481792300142,-93.51700310499331,-4.849687337623493,-129.97181173134155,-2.9291933350390877,-154.30163196287316,0.9787052958520235,-176.02920240955441
0.0,0.0,24.62591932294103,-24.62591932294106,45.44728244548841,-60.59637659398459,20.939752624816407,-91.90485982803898,-5.360097720367634,-91.12271804785075,36.2789128029477,-95.23312402119399,37.26432514885849,-141.15159987828744,35.34477587706547,-173.30370725463433,34.07852992185482,-199.93140691338425,16.092598696725048,-98.85356360387905,16.821611615374508,-149.1547184492046,15.756006812954553,-184.56893912386812,17.233290327182345,-217.14376191477166,-5.56866460926139,-96.89608170854774,-2.225147914397496,-144.6225510415269,0.0,-177.79642788312705,-1.1374270877873585,-205.75663801836373,-24.654317356652882,-91.11171412983867,-23.169283977221824,-127.98193463134885,-22.135962322764783,-152.73366679303268,-19.071069503963287,-174.99580644396883
0.0,0.0,23.912170552050384,-25.319555771965156,44.62666055774588,-61.20324750749535,24.993615396210885,-90.88616885657734,2.1980291233008984,-91.25376189491107,37.84797354337434,-94.62049631903244,43.678518221414606,-139.30036296787438,44.30458205672147,-171.23239220071423,44.37737839204232,-197.9003839285045,20.33143133558434,-98.06952467431671,24.675610514849723,-148.0581335108593,27.3616483523748,-183.20831105449605,29.106592389103184,-215.87312457435408,0.0,-97.05596672023827,7.046670358625022,-144.4679133574541,10.647828021218231,-177.47730425727838,12.012066808889358,-205.40885589472225,-16.787112511205635,-92.8836512500242,-14.865504943633596,-129.209937987644,-12.914030483803515,-153.78817125079348,-9.566584764384686,-175.77177936445273
0.0,0.0,25.590605958121614,-23.621868928942774,41.80171496070005,-63.166391097991266,21.961995788441868,-91.66595464505053,-7.279198675171159,-90.98952499407494,29.902595643253903,-97.42351974136454,26.11548447690427,-143.63281500944197,19.949317628926423,-175.74257553632302,14.382199531076651,-202.3043894942675,11.590573619695135,-99.48194496071346,2.81376772270832,-150.0739130035685,-2.8204700611543956,-185.21876251782413,-4.861111020299262,-217.77228757040763,-12.15343593607301,-96.29202807578503,-16.684980444999212,-143.6740929344953,-21.81877723564142,-176.45257359398715,-24.816630110030133,-204.25773595871942,-31.46132538403728,-88.99081312742192,-36.208758043785224,-124.920443294629,-38.73100884090067,-149.39037035286466,-38.088056026776655,-171.86197355174625
0.0,0.0,29.748868034456734,-18.10736468038573,55.991161330138254,-51.01339227009353,43.23144974479925,-83.7616753232819,14.611444797497654,-90.10319679639383,45.57522885296356,-91.15045770592704,50.35990638099179,-137.0265810209747,47.95657680120269,-170.24568972960913,46.652579322624604,-197.37641833447634,26.556566308818788,-96.56991019921946,28.302532049460524,-147.40781299710426,29.682358443050646,-182.84666427708837,29.106791406837146,-215.8730977403133,5.90698738118698,-96.8760454192805,9.387038926904154,-144.33473959232677,13.178179789047476,-177.30737532727605,10.87751804589766,-205.4720599744918,-14.175017034518703,-93.31799777144334,-12.941678511424584,-129.416785114246,-11.836288721002802,-153.87487146806347,-8.373234239006592,-175.8326673669564
0.0,0.0,32.50470579617536,-12.502635966230713,62.23149310358701,-43.18121818682522,51.992572860461905,-78.62409851533789,26.47154014586806,-87.35752946544272,52.98730948127013,-87.05086133368297,61.25618921475649,-132.51446471946355,65.25520288599517,-164.39338984979779,64.88374427209584,-192.1562213440753,33.60381720091573,-94.34925669833035,41.736093967429554,-144.18111912917686,43.75024193417602,-179.99961491820216,46.586513677376445,-212.78650421816607,12.997315346694847,-96.18175746875585,21.706135632179837,-143.00166862284303,25.321087011051247,-175.98412519479922,25.210681632838146,-204.20947421852804,-8.061119546348493,-94.04359716461019,-1.2880603025180903,-130.05588111522323,1.2864188808925405,-154.3240711180951,3.826019823431807,-175.99033932949476
0.0,0.0,30.299695638238063,-17.169748082896774,56.671858033374804,-50.25611251425062,45.29516673588557,-82.66392423765228,21.86765143604265,-88.62215418659005,47.95746910464254,-89.91990092341769,49.699581285308625,-137.26746044516523,51.59356709881138,-169.17899386159158,51.14645497998123,-196.25991392788478,27.996116429530332,-96.16244711353897,29.89677951338831,-147.09275722389543,29.682779781862166,-182.84659587868043,30.130161981471304,-215.73264234457034,6.053591917707365,-96.86699489967606,9.541579924564473,-144.32460568296435,9.596048665361309,-177.5372795161963,10.750919515113708,-205.47872288531372,-14.534542134739013,-93.26267689131325,-10.80116086361187,-129.6129863709589,-11.928431225749762,-153.86775597405895,-9.566177026630442,-175.77180155558278
0.0,0.0,31.862981635532265,-14.057816554989472,60.931990828755374,-44.99632020115064,52.51422490181022,-78.27664200105988,27.341945711033077,-87.08902569632363,54.37995788057782,-86.1877462630656,60.719325623647705,-132.76131805917504,61.992107954126595,-165.65146145266544,63.83139189947855,-192.5083558710509,34.478339903640745,-94.03320077232834,39.75230317415861,-144.74063370508566,41.80131978569278,-180.46216973142668,44.303334697786624,-213.2735665024053,12.419939528033069,-96.25801669533814,18.707377149598983,-143.42478026192913,21.54763685767182,-176.48588927687646,25.64706198021679,-204.15512739283065,-8.450253916342945,-94.00943050965327,-4.1603331773577,-129.99570354382246,-2.072048355529887,-154.31552227696454,2.046520097112932,-176.0200264756602
0.0,0.0,29.532349547310957,-18.458389290927926,53.099897519071874,-54.016453247728776,36.18430747309435,-87.03833863701999,10.285174545319364,-90.69892819968885,49.79283849608214,-88.91670630147678,59.45780083660634,-133.33106913497113,61.60674961122504,-165.79516438165444,63.59732006112648,-192.58581088190954,30.557661290362716,-95.37939036533766,28.914668317164057,-147.2889629575427,28.84340085616344,-182.9808822447052,27.468497177717097,-216.08767039513788,5.590018168065001,-96.89485214850532,8.12262268596993,-144.41141420850832,8.155023017195788,-177.60930540821616,8.186960948185572,-205.5968421436304,-15.66739257924246,-93.07906652823661,-12.499797589314653,-129.46021154094473,-12.593206027224937,-153.8147748493488,-8.034047525936444,-175.84849173464923
0.0,0.0,26.639205058994378,-22.43266722493894,50.472036112602666,-56.47964154142744,28.384102384590562,-89.88503341391757,2.172601285989174,-91.25437083039978,43.77076939045679,-92.03057737495428,50.158107586302094,-137.10057738886786,51.856800430575504,-169.09849313078888,52.88728837802154,-195.79797853915647,26.15996877355758,-96.67809888370007,30.079189492405135,-147.05556437102263,33.136780792346144,-182.25229435790376,36.176942761847215,-214.8013697498366,3.3440460359725535,-96.99834035749939,9.98947643415596,-144.2942961920929,15.692703426267883,-177.10253760794959,16.808658839046586,-205.072077126635,-14.829890426985628,-93.21616901548572,-12.071855986674166,-129.50081700528764,-9.900659659501457,-154.01152793965363,-4.454798215480366,-175.97554585185793
0.0,0.0,28.165460067793333,-20.4836194108741,52.644953063495905,-54.45994174567505,41.77459119779428,-84.49769245522131,15.977749036138164,-89.87097377762291,39.33241536328501,-94.01312954417602,40.73104622485471,-140.19053445375243,39.49011606159951,-172.4063770962124,38.84173021399715,-199.06087929571459,20.583935494566163,-98.0168371738016,19.20916985561695,-148.86606210435627,17.562757714082068,-184.40578781989586,17.411841698486683,-217.12951757572446,0.0,-97.05596672023827,0.0,-144.63966797873948,-1.9533128631914565,-177.7856977848851,-0.989027699895928,-205.75740485632306,-20.78978433006904,-92.07043327534205,-20.586625485189074,-128.42266997353917,-22.651827537684255,-152.65801161158558,-20.51085569948185,-174.8328995454661
0.0,0.0,28.571338043314938,-19.913574450977535,55.232754527499594,-51.83357179767739,41.12366531120233,-84.81639376542844,15.6747169651685,-89.9243217381252,46.58912625291549,-90.63642060446725,53.32776074970229,-135.89905816606128,55.93213417319777,-167.79459018940804,56.754921160718425,-194.71207614331635,26.93993735667749,-96.46366437793193,31.220063337532963,-146.81758851786262,34.66056716721886,-181.96865148603675,39.122648790960454,-214.28443243870785,3.4337264540038177,-96.99520709106753,2.5230194443159917,-144.61766118245586,2.5896365904810636,-177.77756762406565,2.6049915039034204,-205.74329113792407,-17.545958921630756,-92.74329701666016,-17.68593594888634,-128.8541771989247,-17.042349884686956,-153.38556682559118,-13.566041240950824,-175.50840575325395
0.0,0.0,29.783482854405634,-18.050372684831927,53.12301939848885,-53.9937139673479,37.684560642794395,-86.39936567567815,8.520370576126936,-90.88170155342311,48.917969038105866,-89.40100519673655,53.91820677904991,-135.6658802158141,53.2614721427326,-168.6613284519866,54.19037218172144,-195.44133962600262,31.40966952221197,-95.10221569714045,31.27217521943487,-146.80649750622402,32.292093461083766,-182.40385341297107,35.52245384013435,-214.91057420977572,6.977294118765826,-96.80484514103742,7.783851768287661,-144.4300702923367,11.532791351191861,-177.42199551253466,16.86720814479031,-205.06726973946942,-16.35448320127557,-92.96080192865804,-17.685769612945933,-128.85420002932693,-17.042834772219408,-153.38551294997458,-15.396702479294504,-175.35729103109483
0.0,0.0,26.754311734624025,-22.29525977885345,45.58748566097739,-60.490970310536284,27.59124136721846,-90.1315699398157,0.0,-91.28023001723867,34.51900220971174,-95.88506615446386,36.28268529087694,-141.4071102352466,31.059908310964772,-174.12268728030372,27.235806266780514,-200.97792050122916,17.241646313463832,-98.65963917631879,13.332414943204242,-149.5070010560784,9.343649061869598,-185.00443579062807,7.605192375736976,-217.6937313817925,-5.589506005643784,-96.89488169461208,-5.558392353127772,-144.53282612420156,-8.412135448970446,-177.5973134514939,-10.369544006606873,-205.4983221004372,-24.760529059458463,-91.08290737946231,-26.024527607391917,-127.43200255356618,-27.607288197140974,-151.8400850842754,-25.797341472518895,-174.1313732155991
0.0,0.0,27.09260719039247,-21.88292577849441,49.118189484275405,-57.66090356373911,29.182025038686106,-89.62915772582878,2.0062329310001985,-91.25818002473298,37.09501864657571,-94.91821224933705,35.407374323075516,-141.6288174085543,32.206593020944865,-173.91424178595383,27.640193068214273,-200.922705036419,16.4660043845918,-98.79205165197553,10.61881969371899,-149.7242041932843,7.32031706286628,-185.0955374883444,7.433805128499273,-217.69965129809347,-9.552118129319211,-96.58476958218378,-9.41281577055264,-144.33306084286312,-12.59261526147614,-177.34992475012905,-12.637957948167724,-205.37129752694347,-28.61858005268462,-89.94529833053022,-28.647257039493155,-126.86814405560288,-31.0618707117369,-151.17120753598329,-31.123621439906003,-173.25864524884588
0.0,0.0,29.381432134030973,-18.697680357555925,53.55960379235634,-53.560668214706,35.41399827402134,-87.35459476322703,5.555211389075936,-91.11103126637673,43.09568457950539,-92.34862963587375,45.80301104190178,-138.61633473907548,45.42374953091078,-170.9389104579559,41.12994962760368,-198.60070723849594,21.726322628892802,-97.76996305116035,23.71399522548367,-148.21519181057567,22.11611336897346,-183.91525920774143,22.254039730691233,-216.6867724381551,-2.367357504655331,-97.02709051829365,0.0,-144.63966797873948,2.3545789970616227,-177.78083621624293,2.3378964557780364,-205.74649953076252,-22.07215554876359,-91.7714539790625,-19.518772159521433,-128.5893029975071,-19.56791486119647,-153.08386756280024,-18.427783875243534,-175.06471588086308
0.0,0.0,27.701892179945105,-21.10632546538352,51.76620380894332,-55.29589931641357,28.04925589371925,-89.99008691966384,44.978237715873775,-79.4294562739438,46.84850291935851,-90.50262537194627,52.91274104837419,-136.061184441955,53.628088149532914,-168.54511648643495,53.5490386010909,-195.6180312161915,28.08477613608136,-96.13659094947246,33.593111853321886,-146.2928552220176,36.95569136904004,-181.51645081214062,38.674814906920346,-214.36571163764845,7.525779662442233,-96.76375001245236,13.966680512176367,-143.96376415081258,19.63433086179009,-176.70897775611107,20.910037081879352,-204.69454848196233,-11.57809594491198,-93.67565057308335,-7.450022835714492,-129.84871378549474,-4.284814091887313,-154.2699392888905,0.0,-176.03192314179836
0.0,0.0,27.53789027246853,-21.31985938840785,49.08150008445119,-57.69213713722195,31.46872484264253,-88.85210102624501,2.8216920225527815,-91.23660694112786,37.205993535127334,-94.87476729912996,48.02919627313639,-137.86080074610237,47.887229812504415,-170.26520886806082,47.93586794553721,-197.06868405788885,20.861959651690825,-97.95803902432522,25.386230035530787,-147.93794637476591,26.444203945260654,-183.3429821883059,29.672418884491208,-215.79607779462373,-1.780510766150428,-97.03963343609468,2.6134954912696458,-144.61605441415247,5.305804591870412,-177.7172422856963,10.675158959816144,-205.48267277360065,-22.09158923525598,-91.76677776330996,-24.530228149289655,-127.72806746734955,-25.648421017582166,-152.18321950630707,-23.708322018574904,-174.4280752403797
0.0,0.0,26.753935930438217,-22.29571073614852,47.964496657342806,-58.62408548035319,31.13806675460006,-88.96851858262039,3.5078379080278523,-91.21280318689367,37.37581425912242,-94.80799509254257,40.94566732028363,-140.1280000738491,37.686783100873356,-172.8095324613423,34.98294137735695,-199.775142309018,20.538659059527504,-98.02633449250504,17.591314478383083,-149.0658992121358,14.698476698530953,-184.6561664898921,15.850633524908915,-217.24906685843104,-4.573053547678171,-96.94817098455269,-1.8199757562798027,-144.62821730646667,-2.763542371419703,-177.77494930827956,-3.690747367197673,-205.72667841792304,-23.719179493540423,-91.35962095013971,-22.398410969051554,-128.11909497831098,-22.584085724626732,-152.66804797331596,-19.836023239996052,-174.91074908942085
0.0,0.0,26.356697588546893,-22.763925347485383,49.09184772364455,-57.68333229866755,28.048325654926572,-89.99037686305789,0.0,-91.28023001723867,36.178651799750696,-95.27125788480171,35.686618439219245,-141.55871340674716,33.093927705805896,-173.7475757500026,26.88066775238198,-201.0257281374353,17.05740202116897,-98.69166026715843,12.95141704238145,-149.54048766001236,9.24996803418162,-185.00914337233883,5.853376903378631,-217.7478762533104,-8.15674357426721,-96.71260626342178,-8.087428519291734,-144.41338945175875,-9.284363468059553,-177.55385200832157,-11.607186535834558,-205.43213246647258,-26.080504191488416,-90.71376476102046,-28.096040301801537,-126.99135337242274,-29.82601754660203,-151.41988798473528,-29.87133556573363,-173.47893611767205
0.0,0.0,26.442161145369823,-22.66459615705287,47.658712657727506,-58.87294324057672,29.240987711367268,-89.60993883305395,2.70999355116345,-91.2399930236333,39.54688109779539,-93.92311547450305,39.97707256390066,-140.40739918615623,35.44468583665298,-173.28330091483417,31.581108739756075,-200.34107727265442,20.985359464485157,-97.9316775009309,17.425770796497318,-149.08534188560571,12.645400797324669,-184.808113671113,11.972731855713505,-217.49724900768555,-2.9102637194504837,-97.01232417112399,-2.892101572246645,-144.61075098863085,-4.909177246167701,-177.7286407610369,-5.904333996393746,-205.67505115851807,-22.45195509975224,-91.67927534725996,-22.76517945352836,-128.0544334119231,-24.11858545890152,-152.4331579265537,-22.311298425409035,-174.6122674028728
0.0,0.0,22.29568704287564,-26.7539556754912,42.91183109226486,-62.41755434418215,9.997637205898599,-93.72845752651236,-15.73473041978778,-89.91384015053859,30.801130741500657,-97.14318179905874,32.15489391830366,-142.4024819801349,26.12629351870558,-174.93097186311644,23.632110244154404,-201.43345560608378,11.702021990073746,-99.46889690422745,9.012201294989694,-149.82949269359014,8.916781726936023,-185.02550106305398,7.895702175903494,-217.68338825263962,-11.209922158263026,-96.40642261387819,-9.91413154774827,-144.29949254468616,-7.77160529570304,-177.6264955436767,-8.986270598445003,-205.5634567955392,-28.883901417608627,-89.8604476669122,-29.728150724957146,-126.61922589588923,-28.774889383312967,-151.6231497528596,-26.76659199881496,-173.98502095803818
0.0,0.0,29.945478555946238,-17.78032955418331,55.37394402927731,-51.682711428895345,40.66883578114056,-85.03541789282053,12.780784359363054,-90.38103751982192,49.49115959971101,-89.08497374123164,56.084688004835414,-134.78468699522313,58.9134226787703,-166.77121081971117,60.340360384756366,-193.6309752612885,31.671476734986356,-95.01534787298954,28.379932509958053,-147.39293091505516,28.84416442120545,-182.98076188179584,27.58386484002051,-216.07297386412645,6.517251188149032,-96.83690470554382,7.268447464154065,-144.45692515231252,8.197373008693603,-177.60735582671214,8.187598454528882,-205.59681675684422,-15.227109062633929,-93.15210660846404,-12.414480901476054,-129.46842076717738,-12.519955908156419,-153.82075446459692,-9.764431268385408,-175.7608996534923
0.0,0.0,29.130439141129557,-19.08636477815901,54.057942807155825,-53.0576588011408,38.5574525604506,-86.01336728700142,12.504249842324555,-90.41971094778353,46.37941818391687,-90.74390885299883,53.15874073006506,-135.96526159645973,51.580059099641915,-169.18311273078479,48.22295124905577,-196.9986310734955,28.59192944686032,-95.98698005722315,29.63284573625816,-147.14615559562242,28.4727007795791,-183.03893124228122,30.22081421092213,-215.71996203974476,6.054245628967976,-96.86695404452502,9.148538469755408,-144.3500529853294,9.290163069194477,-177.55354864983065,10.326417042657567,-205.500493770845,-13.761720256282842,-93.37984189099814,-11.955040438871436,-129.51165322126403,-12.146237953528953,-153.85071564206729,-8.131940316675752,-175.84399196926242
0.0,0.0,28.16547394854541,-20.483600324498866,50.39925423435494,-56.544597536996065,31.626100602852603,-88.7962063415901,3.508845335543583,-91.21276443794056,43.09629666258331,-92.34834399690453,43.27125348582064,-139.42741014149928,41.18545587984397,-172.00926240749192,35.85993449387763,-199.6195851365662,23.703966005836207,-97.30940738486777,20.550225641883287,-148.6868685495383,17.843666891498174,-184.37881817569297,16.79861201305323,-217.17782176924717,-1.2276952151923979,-97.04820163433527,-1.2045330612330645,-144.63465232476065,-1.2087179357024525,-177.7923192068541,-3.5880073424300463,-205.72849591709618,-21.484850247127156,-91.91072312770973,-20.223841057061975,-128.48030029891234,-21.327074165832784,-152.84871509935914,-21.25197481640427,-174.74436051387445
0.0,0.0,25.06959880776307,-24.17409813452832,45.72291985270172,-60.388665643011336,30.080779269718533,-89.33153540898348,6.249836212978977,-91.06601967425024,35.78284686487669,-95.42062300805202,43.18627494229489,-139.45375482075954,41.007461826784066,-172.05178349707637,38.235691900997466,-199.1781753527529,18.94801787690929,-98.34618136224873,14.9355369468623,-149.35536946862308,11.445648400538602,-184.88629525384312,8.994124799113848,-217.64077134833437,-4.367376432200103,-96.95765415427223,-5.256228824389581,-144.54413032546722,-8.8344846437912,-177.57680492980668,-9.786953030705178,-205.52689210751657,-21.899891436705673,-91.8127146481385,-24.847265040175927,-127.66677223155307,-26.918838532503344,-151.9636467450719,-25.136678949602896,-174.22796944344097
0.0,0.0,19.6185454046055,-28.774719480951205,38.002450869600295,-65.52243940745507,1.192657369739976,-94.25260775383566,-26.919928010034027,-87.22039823306577,24.71586244000781,-98.86674652706344,23.456312595850704,-144.09096250773584,16.611910051607794,-176.0893880233482,12.103347378645253,-202.45350738930614,3.3740412882254702,-100.09802503239186,-1.0962894979542455,-150.09628510505073,-2.179463267696832,-185.22741422333996,-2.2116457204171525,-217.81530767420216,-18.014200474711345,-95.36954051088276,-19.255932710734584,-143.35216290115633,-17.264424582589243,-176.95623586591145,-18.43311601385804,-204.93244756021346,-32.81528108222014,-88.50049233475983,-36.41719813303834,-124.85983738632302,-36.93327819594742,-149.84494239613412,-34.52245690857666,-172.61355084116505
0.0,0.0,32.52947229646952,-12.438056002174221,61.82880189638871,-43.75586353915469,54.05470922923848,-77.22088389899767,28.86534321985448,-86.5960296595635,56.300880966796456,-84.9453837907783,67.66476173000166,-129.35951490718458,72.66419129409843,-161.2555221800936,75.32359036253814,-188.30897590634532,38.73284249291345,-92.36214420648298,47.17111908515113,-142.49555142970075,52.59098004805327,-177.6179435124314,58.508392348431755,-209.8217521106951,15.955599400763674,-95.73546638400185,26.050237879429346,-142.27444837153698,31.981553577331397,-174.8963979011011,36.10137698180614,-202.56795997644227,-5.013644605680611,-94.25520242282613,4.000671101640592,-130.000715162404,8.058830664230072,-154.11887959729415,12.967466420834285,-175.55364644354313
0.0,0.0,30.23793079277442,-17.2782911878283,57.82330539793253,-48.92690150476966,45.38141440304025,-82.61660684619969,19.801164007537693,-89.10664563289652,50.68836422862182,-88.40925945186154,57.22541452780558,-134.30434099135,58.743280563957285,-166.83121745819693,57.101528132371186,-194.61071182478116,30.61046857462594,-95.36245583898221,35.5933677419107,-145.81909623156054,36.995639038172726,-181.5083131213478,37.720863941037976,-214.53562887674786,8.059978042978514,-96.72071872120628,13.931729836811996,-143.96715061691705,17.57486845402906,-176.92567300090616,16.315481223117956,-205.11190336364703,-11.565129414254443,-93.67725229548284,-5.699499911874682,-129.93731955352374,-5.755053815067356,-154.22209036187286,-3.45103532901436,-175.9980918082861
0.0,0.0,25.282318411831113,-23.9515381702885,48.49106871457849,-58.18928245749413,21.456489618219678,-91.78559556522598,-4.393412931718501,-91.17443893335133,42.84944595898156,-92.46314079679706,44.49331270210524,-139.04225689261764,42.373313900078756,-171.72050081200376,41.05532791397451,-198.6161466796595,22.686996127016357,-97.55151960237595,23.072117015336573,-148.31646594168367,25.42278720544857,-183.4874026485374,25.9084030340822,-216.28026790769323,1.1029673142845695,-97.04969932515826,3.286791472898699,-144.60231863567637,7.6752597286752575,-177.63068472563342,8.841697450233369,-205.56972592091114,-15.68678866701839,-93.07579963296746,-16.132113166696797,-129.0579181483139,-14.268772582111467,-153.66839599930748,-9.948260548798658,-175.75059054538968
0.0,0.0,27.96914739586788,-20.750869835942297,49.440030809419795,-57.38518703954554,33.59448646670751,-88.0703524407516,5.578721921081012,-91.1095947402207,41.820211031118504,-92.93318769047315,49.38559362369199,-137.38073816745762,46.920102674556745,-170.53425490208426,45.60552285357193,-197.6209754991922,25.355142431928527,-96.89228824966727,25.831190575972812,-147.86090168272264,25.823031489379446,-183.43150243264793,28.018907631844,-216.016991112084,0.8903275244503561,-97.05188299512383,4.381588149216611,-144.57328673821675,5.385837642473064,-177.71483483628742,8.08075595701365,-205.60104380124918,-16.88449844935326,-92.86599769621702,-17.915378026710414,-128.82247685151867,-17.327782682360976,-153.35358407064658,-13.899563085253419,-175.48230711681182
0.0,0.0,30.237704034990657,-17.278688019994718,58.81306732742905,-47.73258268247491,49.49704412516155,-80.21857093511329,24.164033788656695,-88.02374601810953,50.37445561100105,-88.58849613180755,58.24090504677673,-133.8671022183282,62.675794999108064,-165.3939927906385,65.95560814183284,-191.79095762480821,27.632676564761653,-96.2675124632774,27.766704791135282,-147.50968360769386,28.49211256843995,-183.03591057873686,27.677717532565964,-216.06097191808493,4.407084426964332,-96.95585739321587,6.057589546287318,-144.51276470225287,6.097433778518052,-177.69184300163187,6.152619813365618,-205.66777360206964,-17.85615309410781,-92.68407421277823,-14.550102023416287,-129.2458349159004,-13.816193007891968,-153.70974793671567,-10.28600535247108,-175.73114709376065
0.0,0.0,31.90635918339575,-13.959084807398256,60.71962220268165,-45.28248908312807,50.05336952648213,-79.87262797132337,23.387068474300463,-88.23335775192044,52.43136431111316,-87.38683803339796,59.08771348451512,-133.49549128031197,63.05540893717614,-165.24964004125843,63.810590255349894,-192.5152519756911,32.33991273704811,-94.78991936994203,37.932780824949134,-145.22809918155085,40.86652806895876,-180.67615206105373,44.59985756991631,-213.21175469176922,9.874158702977354,-96.55237783663546,17.535130021564726,-143.5728134715163,21.78417116005386,-176.4568492716264,22.841796940409097,-204.48799510370557,-11.028626682841946,-93.74192876984398,-4.3337946098150155,-129.99003629617133,-2.189249839079878,-154.3139040564462,2.1592233153706957,-176.01868003048529
