0.0,0.0,36.504999999999995,-19.55600000000001,83.43899999999996,-50.846000000000004,112.12099999999998,-83.43900000000001,143.40999999999997,-109.51340000000002,53.452999999999975,-109.51340000000002,56.06,-113.42460000000001,56.06,-93.86870000000002,53.452999999999975,-83.43900000000001,26.07499999999999,-108.20970000000001,24.770999999999958,-123.85440000000001,22.163999999999987,-93.86870000000002,23.466999999999985,-78.22400000000002,0.0,-110.81720000000001,-6.518000000000029,-121.24700000000001,-6.518000000000029,-96.4762,-2.6070000000000277,-79.528,-27.378000000000043,-106.906,-32.59300000000002,-112.1209,-32.59300000000002,-96.4762,-28.682000000000016,-83.43900000000001
0.0,0.0,38.19119459414719,-16.015143348468087,85.2310122411721,-47.781345620913214,118.01579912188606,-74.86959676412468,154.38371154804918,-93.40922057382093,53.98407778353703,-109.25258502397564,55.00559334317444,-113.93966906273393,52.74432944611789,-95.77104025210012,52.10474395035021,-84.28751739058666,19.795136919052993,-109.5326314549502,25.282332385107736,-123.7510343776121,22.09114690005356,-93.88587201666849,23.34149681864085,-78.2615409461466,-10.891421711496719,-110.28068166701883,-8.25987245748263,-121.14080171431145,-7.090902836912534,-96.43578478654834,-7.076356371632045,-79.25543775351736,-35.6891888856581,-104.42571290962692,-35.72973075388367,-111.1610822458336,-37.10733921943091,-94.83146203393727,-36.616373896269636,-80.27431100724928
0.0,0.0,38.91990395957362,-14.152499312049684,90.00599293255635,-38.03029941013622,123.97805528044552,-64.51842504958393,161.13475903614432,-81.2108509370743,71.86252167642664,-98.41842290376897,70.74415949712926,-104.8957929671383,64.60321677451685,-88.20703385827454,61.742128026297394,-77.5061259306921,35.62563975541735,-105.45168842226863,44.07326682312333,-118.36833187934084,36.034553590077905,-89.46556143709043,33.40732278137159,-74.52278208428115,8.287981738469227,-110.50683768230273,11.69651882775645,-120.85739853361044,8.986162705813058,-96.27767326989502,6.6077915733500845,-79.29587835141979,-15.60669581942318,-109.24687073596206,-13.861728391252427,-115.93641512405475,-19.718877864847002,-99.90558878857203,-20.436848273102214,-85.83157389715163
0.0,0.0,34.049600009926735,-23.572800006872313,76.83172151578322,-60.36778119097252,99.49585544104553,-98.15171986294769,121.99123285751114,-132.95770750680268,40.137907357461074,-115.06240211956238,36.729544146952605,-121.07354819248118,35.81168120062381,-103.30333939072295,38.516785140782815,-91.30031321095657,14.284780943853775,-110.38654733470068,5.427533353697498,-126.19055718259787,8.00969189498997,-96.11670287435652,13.21179561992588,-80.5924482907506,-11.946745505268211,-110.17135329872441,-23.031142114850667,-119.2178083420659,-17.65637726186094,-95.07046771961755,-10.69134732235301,-78.84918722113005,-36.516714665007584,-104.13922061391867,-46.80074248059208,-106.97238133777945,-45.54094351254702,-91.082288505653,-38.35838051153485,-79.45664534532217
0.0,0.0,38.22776756515509,-15.927647283402393,86.7091995088048,-45.04328093669781,119.34030497436953,-72.73978945958305,154.8317198578748,-92.66472578825551,50.227853121987835,-111.02959406985156,51.61340612390532,-115.51588545931168,45.89656132775315,-99.23488347339256,46.490128409130904,-87.50975883010145,13.214201590578924,-110.51981575904631,19.303415193177443,-124.82344732557183,13.99614845657922,-95.42894510614377,10.288809755144584,-81.01749600439675,-16.496000360373472,-109.58254326283253,-15.216122110922655,-120.4648868380554,-13.675079907748795,-95.724258576166,-13.29706779982152,-78.45181464393892,-42.36340418090789,-101.90088177344217,-44.45718441944193,-107.96739609394001,-43.982200029332404,-91.84512450870648,-41.52044515414413,-77.85098894170653
0.0,0.0,35.186569709301295,-21.839356059473914,82.64347889703998,-52.129049797540915,108.39354884079387,-88.22711562608418,134.50752479121616,-120.28025047405062,50.33019123479255,-110.98324125213325,47.85669617272009,-117.12215894779246,50.44228399889175,-97.00325986617744,54.67319586050104,-82.64461013520054,20.132559237559974,-109.47111426141666,21.804148773624604,-124.41098800595405,21.595064670595093,-94.00121763872433,22.77030430789023,-78.42963411062222,-3.818768216003889,-110.75138294916431,-7.734109176118295,-121.17550448936406,-5.219188218743454,-96.55517368208362,-1.2834642659595374,-79.56036671910209,-29.46971401105185,-106.34840702195223,-31.90856372663461,-112.31760069870306,-31.82045567858745,-96.7337553072714,-27.900643003046355,-83.70351226213009
0.0,0.0,40.81780380658893,-6.997074632074202,93.65944630640962,-27.844039839376023,130.11397300815196,-51.02488990712172,167.8046935508326,-66.34152321036322,78.45042172498182,-93.25202045925062,83.97476489096897,-94.63668605074082,77.98084060514003,-76.6357941056641,72.7606623569821,-67.26942799945041,49.77849597583082,-99.55574386982497,59.36422433732838,-111.48723563344532,50.864414357036765,-81.94746541416444,45.3016511303029,-67.95185552925196,23.42000480762266,-108.31415046359797,27.303587501279708,-118.31243993156414,23.452579081622957,-93.808944268978,21.06444265892833,-76.7319261355319,-5.8000492451988634,-110.20348065625365,-1.5355017024979247,-116.75205394480918,-4.767360141066888,-101.72135023054585,-6.517673404505047,-87.99002090232852
0.0,0.0,40.99700902024455,-5.856399268662074,94.93489185064618,-23.124635052387504,132.08694721755836,-45.67519826717714,170.04162869738627,-60.37762325150118,79.30667246847872,-92.5249138910026,78.89424463063477,-98.91188831137319,72.93897743473417,-81.44913756735144,72.04128759717611,-68.03927403596364,48.165085837459856,-100.34624709155855,54.947306407829274,-113.72910075650879,46.626270371040164,-84.43083943072381,44.692332763704826,-68.35414879243453,20.42218406388048,-108.91917284803895,21.483953209867423,-119.50631400673453,17.41550866734883,-95.11488604996327,16.672559475902972,-77.80440214745232,-6.717352213556978,-110.15137266161975,-8.127094605526963,-116.4789689132026,-13.820883671954618,-100.8907527475452,-14.505322848255332,-87.03056620560321
0.0,0.0,34.245861295968155,-23.286759008013746,76.16638829740927,-61.2050956271475,96.8167333177399,-100.79536453469292,118.63370055181352,-135.96197252519775,38.14133634334772,-115.73956303055418,30.070439464352717,-122.89683541727469,28.657710720306824,-105.5120469707664,30.101764802784828,-94.4096058976936,8.82585798380481,-110.95651864554742,1.2886049850724532,-126.3006505824592,1.2687930807712178,-96.44151543711966,6.3610837590236144,-81.42008891183235,-16.376779403989218,-109.60042386867433,-26.744811215472765,-118.44000340277236,-22.85413156603309,-93.9565333587955,-16.328805470678617,-77.8772710416893,-41.63712366250289,-102.19979282324132,-50.199931624400506,-105.41995413922128,-47.98538342988738,-89.81850473330479,-42.42435748908997,-77.36212081269423
0.0,0.0,37.49806761714859,-17.576890680087587,87.64071261690253,-43.202869453330166,118.51732346899792,-74.07313547936864,152.3854650323908,-96.63479149054966,71.58126519205808,-98.62317406200356,67.92660658133764,-106.74192992214533,66.41550568286794,-86.85065943663834,61.57537957332835,-77.63866665779712,34.403983753591945,-105.85655719402828,44.07318334459097,-118.36836296170557,39.05522442128756,-88.18880417089727,36.025653450120615,-73.29288204520145,10.264503286512536,-110.3407983844651,15.216535162340278,-120.46483466411792,13.302416624152613,-95.77675710942331,11.253155955321859,-78.77096999558408,-12.460339210410439,-109.65029715765257,-8.671356414345382,-116.43971592092362,-8.988289050747312,-101.43555331036657,-8.65717907652305,-87.80533637221039
0.0,0.0,39.73038411677993,-11.68540709317054,92.04676164421994,-32.783778119859136,126.71324669431056,-58.9655702438871,162.86835755546707,-77.67567821876119,80.960872255244,-91.08098128714943,71.83030116808663,-104.15503501637346,61.698528132509296,-90.26266152718944,60.05423448037942,-78.82118275549794,43.193454491644786,-102.58445441765633,41.78002529244367,-119.19708187251383,32.66944571853804,-90.74846032927226,31.410844679211323,-75.38602723010717,11.534160537852983,-110.21531180615077,8.922614243355042,-121.09379128619388,6.347864722099928,-96.48754377591916,5.122944115078553,-79.40563378371704,-13.687837218137645,-109.50383934953956,-18.59214328020164,-115.27242547139561,-20.717563962699103,-99.70327657048927,-18.854706854112578,-86.1929456188004
0.0,0.0,36.201500981642596,-20.112272066480443,82.32355313951484,-52.63283229587279,109.13514044187735,-87.30811235350187,136.80919703651892,-117.65566916125604,53.42763692954986,-109.52577596476641,53.80639036677678,-114.51085468573726,53.798920386318684,-95.1826276426352,50.55676519545045,-85.22501641520574,26.6822198655197,-108.06157477169242,24.50910340651626,-123.90649172084849,23.07361109041466,-93.64926164651966,26.239563430940564,-77.33808619272685,0.0,-110.81720000000001,-4.184164488237798,-121.34995715094165,-2.8017433176061672,-96.6555312686359,2.6958809878695433,-79.52503667838982,-26.765019945833842,-107.06111071392414,-31.533329856625244,-112.42352500239116,-30.53248087897731,-97.14797181009436,-25.35320401182554,-84.50999284898063
0.0,0.0,34.04970390472306,-23.57264993590428,80.23874742926836,-55.75953593764993,104.68076955077066,-92.6019538036776,130.30622232761834,-124.81947485174457,46.19387638607526,-112.76760959153118,45.326110294455646,-118.12454110274821,45.03660937569282,-99.62810976642717,49.314741197860315,-85.94967266132,17.223050710185134,-109.96640997743081,13.503033593357088,-125.58337041239446,15.64454862017925,-95.17260022801126,20.122630059949927,-79.15032548556198,-9.541740538421237,-110.40564751559339,-16.048300399350296,-120.35685018848001,-10.979669437317398,-96.07074658545774,-5.293546080336057,-79.39444314872019,-36.51673698511959,-104.13921278730507,-41.28967770272217,-109.2179581434085,-38.976174130361926,-94.0787896690838,-32.768720005180825,-81.92029561849776
0.0,0.0,39.17487129006682,-13.43062248768453,88.75165210507149,-40.872077089626316,120.5541927198199,-70.70977287244327,151.74688635226082,-97.63449883086426,60.58859477810435,-105.73282447459098,63.25892364444573,-109.57267937084589,58.7737427706613,-92.19383710649069,55.2500044182444,-82.26011756485627,26.191490604324343,-108.1815632121,34.857957834936684,-121.4019671007755,29.044025580060207,-91.97293250622604,26.92506241973942,-77.10210943089129,-3.426096863057211,-110.76422561515497,-2.427488812105935,-121.39780323822629,0.0,-96.69612965594848,0.0,-79.57071843963709,-29.41885946047367,-106.36248599974007,-29.71491691367612,-112.91777352845446,-31.446516426630097,-96.8559622329451,-29.034812634838545,-83.31688604514585
0.0,0.0,40.65851922831382,-7.8700047751470095,93.90229568789329,-27.013724318269198,127.6630824005623,-56.879897626377954,161.65064264409847,-80.17906592315717,70.94638409160098,-99.0808688541185,70.1818812584296,-105.27282188764437,65.14631556974462,-87.8066854366867,67.61234939411509,-72.44211578500523,43.695330202214734,-102.37169002028551,45.074761834245976,-117.99059575214459,37.490076407171955,-88.86545958174307,37.633856178111785,-72.48025340853329,19.707910541568083,-109.05067665047088,13.865296493581923,-120.62782799232137,11.297056009645644,-96.03394199945629,12.62555418883909,-78.56267952676188,-4.135693145807863,-110.27848277068253,-14.134600036854692,-115.90346391548508,-17.69807461736633,-100.2832935751421,-14.001076829240333,-87.11310861530379
0.0,0.0,40.81769011777726,-6.997737809400235,94.32617299448219,-25.494225330749344,131.4993450416511,-47.3403381443014,169.93067282961755,-60.689202591840655,87.72193938003198,-84.58882514827826,88.81845300197978,-90.10630328392745,78.50971772118004,-76.09389373025039,74.19660204928022,-65.68222114347793,54.43004171844683,-97.09075835329611,67.81125306482255,-106.56054053043556,57.86957135135577,-77.1601480513117,49.85894267348755,-64.68214669042675,28.27526995317851,-107.14924603054789,38.844789760578976,-115.04086943976228,36.43473545010613,-89.5692555686424,29.55096764194485,-73.87989946138754,1.4142020283696297,-110.34694265190569,7.978549816708096,-116.48923816658908,6.663674495352723,-101.61474429264678,1.663835122222622,-88.2153926346534
0.0,0.0,37.04127041354525,-18.520163259286278,86.58119956384655,-45.28883216738288,116.08491130137804,-77.82980618086616,146.74111543550674,-105.00789456180556,62.497470441264966,-104.61584094678597,64.90028983990629,-108.60854415678429,63.159157744290496,-89.24672113148937,59.67745222269974,-79.1068367854978,34.79681472205061,-105.72807803175694,36.66746329997727,-120.86774580302564,29.298365240233636,-91.89222779941659,32.170793978782285,-75.06486714685336,9.659889276272793,-110.39537288768109,5.5766186805967095,-121.29394320035615,5.596061907478429,-96.53406435848265,6.719551263252811,-79.28648601004159,-18.142528406853046,-108.85447341752445,-19.195198608219357,-115.17353956617387,-20.769333664137832,-99.69250520770211,-18.10640453853256,-86.35323942786981
0.0,0.0,38.19090140105709,-16.01584250592947,88.90780773154734,-40.53127386809106,120.19256397752326,-71.32273779454187,151.9575461380216,-97.30630530068962,72.86895308021644,-97.67560424974711,71.39738861266409,-104.4522684504852,66.66226339237244,-86.6614047837673,62.23149400471067,-77.11375418134988,41.585744760279056,-103.24664949441664,45.52069092544906,-117.81927490028846,39.52645793976279,-87.97860454920938,36.523127645370096,-73.04625529074028,14.645534310288099,-109.84516439336862,16.22473183130353,-120.33319330094375,12.331104681808824,-95.90664913219663,12.410250470697576,-78.59697778066631,-14.779174468714757,-109.36189337252394,-13.803285735711995,-115.94338777484593,-14.009490456519416,-100.86473612015597,-11.473011712043501,-87.4819629824075
0.0,0.0,39.66653514568685,-11.900342454567863,91.19792952191835,-35.07591891761655,124.15795112923314,-64.17155548520661,159.05679642887787,-85.20885159032778,81.0634404661397,-90.98970605707342,76.1223660543069,-101.06061978562228,69.73461547567416,-84.2089059669455,65.91676435165539,-73.98831061328767,45.34989227524221,-101.64955518699495,49.91738617995611,-116.02486542686066,43.132702927891444,-86.26787161988098,38.7185597778024,-71.90665750633067,15.454709607559096,-109.73424154194544,18.147653149130292,-120.0582442740975,12.872193599345621,-95.83552641051735,11.660727944486894,-78.71166785683471,-11.705969811271984,-109.7333950571912,-9.69712070789393,-116.35878014050567,-17.206292197149082,-100.3688414014346,-17.8763013844449,-86.40116720167903
0.0,0.0,38.01148058470295,-16.437137973465838,89.81025421349153,-38.49026727769012,125.84801498714916,-60.79031572375885,162.65705733722876,-78.11718490801803,65.2273805321368,-102.9358869271345,64.7875866105478,-108.67581196540829,59.396026127502694,-91.79416386650632,59.26610825501791,-79.41547923613194,34.604391838323295,-105.79121355098346,39.28661032988464,-120.04198052826268,32.43988285281347,-90.83077527020089,30.511993306519457,-75.75429050200995,7.167703565822251,-110.58515199353167,4.536248698079476,-121.33730580802086,4.654956751745885,-96.58401973452635,5.590361618249744,-79.37409583722643,-17.80293310952902,-108.9105288422457,-23.12152037028386,-114.44996794047847,-25.515672907775553,-98.58453860268054,-24.391886996220762,-84.79245068851117
0.0,0.0,38.14012855822995,-16.13637984684587,87.97326756756576,-42.52160192755528,119.7165741655628,-72.11884103381931,153.8248713471679,-94.32667615572615,49.36126775798763,-111.41756250198733,44.42443636972612,-118.46658996692764,43.255231030077425,-100.41434871682746,46.21696732984725,-87.65433167181091,21.82877640213934,-109.1455419148002,17.656534833619958,-125.06702850083697,16.09254508860863,-95.09787446762994,21.857591525429086,-78.68888077554219,-4.206018708705983,-110.73735242664065,-11.790452401353889,-120.84827084063475,-9.026287656943225,-96.27391973724824,-2.892467825012403,-79.51812914600839,-30.12789609697748,-106.16382433187744,-37.794417522310226,-110.47615973575157,-36.07174439531258,-95.2301951679153,-32.26193898416906,-82.12119786012474
0.0,0.0,36.60047535243666,-19.37672224540765,80.94771767792935,-54.72521758507901,106.03319519744207,-91.0502437021513,136.75027442238763,-117.72414928535977,53.97127010137723,-109.25891264425152,65.09512753213335,-108.49187922022227,66.33038936981711,-86.915682622519,63.43736400292295,-76.12483680350752,20.65933040159797,-109.37292565551866,46.02627015494164,-117.622690395962,45.57987124453928,-85.00030042900568,40.77681796035279,-70.7597723429651,-2.489645617627218,-110.78922998441064,20.86329574380329,-119.61622893113878,24.82408296007992,-93.45537114383032,19.969239275583334,-77.024208634393,-24.625245321851708,-107.57344009019431,-9.311223671948937,-116.39029589936155,-8.319068024038188,-101.49262989326579,-11.552834005112572,-87.4714574672808
0.0,0.0,39.2881152987257,-13.095654136927806,88.71767070543729,-40.9457853948559,120.43046055923674,-70.92030408486781,154.0025318629975,-94.03633903628123,57.0771856302419,-107.668950348236,56.04845469599138,-113.43030552436771,51.15649278990759,-96.62851383068114,52.79723716868551,-83.85548090228554,23.32150575084421,-108.8363549950261,24.770185676737356,-123.85456286265742,21.07176796354912,-94.11990400855893,22.812865754505765,-78.41726481500675,-5.271422495620072,-110.69175181879034,-8.260177098094857,-121.14078094229092,-7.091414565351386,-96.43574715789951,-5.878404304544915,-79.35328345967991,-31.350931287256657,-105.80910559787242,-35.290881592419794,-111.30118392110576,-37.58013855973661,-94.64509496678104,-34.75607983191617,-81.09709464412072
0.0,0.0,37.78976677099371,-16.94065194713295,87.12538536298553,-44.232902486172634,115.87186255838981,-78.14663671105504,144.35418909508746,-108.26578854956777,61.58964931061371,-105.15285581645239,55.522530600186315,-113.68866293923672,54.675504329881846,-94.6818127517797,54.65854401315448,-82.6543011364929,33.03612918350183,-106.29138708127287,30.30937657641317,-122.61670576193596,25.264679388513173,-93.08206976150477,31.507750098808287,-75.34557683574431,7.275019550902698,-110.57814389097868,1.3797336968541458,-121.41423173551678,4.200288543103795,-96.60486047086178,5.669278328802477,-79.36849826115252,-20.25037597450023,-108.48211830938493,-23.98356198470475,-114.27243158494453,-22.69133151750958,-99.27267644927521,-20.702944684197234,-85.76777906885005
0.0,0.0,38.88176116177999,-14.256956546131988,88.90784615085693,-40.53118959289935,122.05201846406135,-68.09177740996645,158.9591280766811,-85.39091567995555,61.402926970983344,-105.26199954378643,61.77931843981105,-110.41367351135649,57.455029362459186,-93.02137410643294,56.32745188056384,-81.52611909469726,30.245960794703535,-107.1187502480087,33.1219214827824,-121.88705082020977,25.60551309540091,-92.98888877070883,25.033554431464665,-77.73683436780081,2.5466910988505447,-110.78793336951024,-2.697440615427581,-121.39210496208658,-4.081851523235457,-96.60993726621638,-3.973334441910879,-79.47145302819578,-25.275675705176013,-107.42247408083088,-30.166206902355896,-112.79804886137995,-33.82047561579054,-96.05277843228546,-31.12772790327648,-82.5577882490779
0.0,0.0,35.62747628632229,-21.112439330109197,83.54362673978954,-50.67390717285102,110.98162540278048,-84.9485973101199,137.69447876504546,-116.61836646593206,52.78004264997645,-109.83931484867641,49.34311087396185,-116.50373768441902,46.687230954943345,-98.86535745876705,45.97964561867252,-87.77905284736951,25.337380291071725,-108.38478656654546,22.10812723352035,-124.35733010396483,22.458756804415316,-93.7986139475959,25.424329502548403,-77.6099074496668,-1.438816886440918,-110.80785902546486,-5.641481284441738,-121.29094369291262,-2.8011330234220964,-96.65554895723834,1.3724458967304827,-79.55888149830005,-27.10020942008464,-106.97675621081227,-32.638437424582094,-112.10768157575842,-30.048145448294548,-97.29886829022288,-24.816695827454765,-84.66909384898123
0.0,0.0,37.294683692676585,-18.004408606316417,86.5811420135629,-45.28894218931646,118.29277985213287,-74.43120042599622,152.17674909428996,-96.96313688538301,53.42743011047202,-109.52587685269009,56.05995454428751,-113.42462246643109,53.79828327662375,-95.18298774559531,49.4764837947871,-85.85666824017903,21.316052492177278,-109.24683384538311,25.54507188350749,-123.69706602351745,22.402405612194116,-93.81208855193842,21.130343068101354,-78.88727949944999,-7.990187775053755,-110.5287687218101,-8.354219412791679,-121.13433184280557,-5.93979953542123,-96.51352377733916,-5.772249006048355,-79.36107594036372,-33.728110852315325,-105.07550741411593,-35.2908563802597,-111.30119191526157,-35.60015038663752,-95.40749502994402,-32.26286883716443,-82.12083255420589
0.0,0.0,39.28789353601371,-13.096319425810123,90.63481776995087,-36.50633157149309,123.70480790027716,-65.04080153530947,160.34512995935785,-82.75900058529373,76.49927268984624,-94.8592075999191,76.11295336879715,-101.06770906001239,70.73680654684512,-83.3688229450567,68.0772441136433,-72.00540787948793,41.33858872841074,-103.34585565485108,50.22062706018397,-115.89393192933754,43.64588090463678,-86.00937632460932,39.10707142378169,-71.6961033087241,12.090939771949934,-110.1556216961762,17.35856588258332,-120.17487059905669,15.011220998279782,-95.52384380132958,13.297470525834683,-78.45174638345893,-13.044872213091253,-109.58229340976636,-10.453029277346218,-116.29331040406815,-12.293946788241783,-101.08817778458507,-13.620170313226993,-87.17347535597449
0.0,0.0,37.60130582111046,-17.35494055153535,87.95501262586984,-42.55934904322521,119.84394184145813,-71.90698829669617,153.8249402113244,-94.32656385421052,59.41595603724076,-106.39620367635621,57.13901909185469,-112.88487933457105,55.00279356468522,-94.49205860690424,52.913795120521655,-83.78198025794961,32.73373841499338,-106.3849010361376,32.63227362405766,-122.01905407961755,27.587850095599975,-92.42016156008768,29.13034641748382,-76.29624618942529,8.498493263872348,-110.49084771185312,2.890258590828438,-121.38766715889282,4.390304907727909,-96.59641149264905,6.952813045564852,-79.2663713295457,-18.84727129970571,-108.73466827353315,-21.78085752037009,-114.71265889816756,-23.324242348859315,-99.12588226236215,-19.29709465202336,-86.0949823334139
0.0,0.0,39.16393049269226,-13.462492687595784,89.60748634500538,-38.95999009149864,123.42569744956774,-65.56891467065594,161.13463935904088,-81.2110883943308,61.562912639850424,-105.16851133232865,65.46510674031231,-108.26903197424238,62.16602525246083,-89.941323895084,58.78142991675929,-79.77489220889686,30.579175387204543,-107.02410397535962,36.41427840604911,-120.94426471944317,32.526062561129834,-90.79995038522583,31.309979337675543,-75.42797530674102,1.289376788637128,-110.80969868805224,2.7285195707771663,-121.39141037961414,2.9295116361589635,-96.65174314006765,2.9457134601050257,-79.5161744880308,-24.625203259465536,-107.57344971892465,-26.054691915023056,-113.81806928174117,-31.768997960480988,-96.75066709861466,-30.501321847387885,-82.79126288783169
0.0,0.0,41.01941887872408,-5.697318303533166,95.4694945738811,-20.807643855268196,132.7103210624491,-43.83099411947754,169.4001544888962,-62.15465017758609,81.6034738929119,-90.50569615868852,78.00904940811182,-99.61150383164974,71.55990394937453,-82.66339326719108,70.72051786372714,-69.41108184638998,47.52913891722699,-100.64902261262623,52.93014949903937,-114.68179504336919,44.13995944086423,-85.75686395997036,42.801605041505866,-69.55369775124066,17.993568184859384,-109.34662006581098,19.96226821771245,-119.76989263000996,16.567919962463122,-95.26618244979389,15.882887152897467,-77.96943714487315,-12.33664162744185,-109.66428312516373,-9.155048426315602,-116.40268447987708,-13.636486671482203,-100.91584140608694,-13.087576653167957,-87.25502382297225
0.0,0.0,34.880992960174524,-22.324168318489598,79.98172798537712,-56.127583463686875,104.22808336981757,-93.11118084878076,129.68911110423676,-125.46054097027049,45.72166959816292,-112.95989074762966,45.04108880054844,-118.23351388172946,42.88984273158195,-100.57095917883139,43.71080456985317,-88.93062180068293,18.51260445406922,-109.756677589189,15.492920913140665,-125.35343729606768,15.625594797617623,-95.17571393433657,21.130281907403628,-78.88729588161615,-6.8282359167413915,-110.60663185408606,-12.638679263954828,-120.76250709331471,-10.199214899934645,-96.1567340640527,-2.840038481599777,-79.5200189538649,-33.634286363532965,-105.10557787679902,-39.450483287592334,-109.89567431971743,-38.55761045799807,-94.2511087001595,-33.015641410847536,-81.82109304592751
0.0,0.0,35.11849731015161,-21.948651614094075,80.18198906523466,-55.841123435534314,104.22832007907024,-93.11091587722072,129.00186847312133,-126.1670749839414,45.75073335798356,-112.9481225420179,37.898549370022664,-120.71273106349621,34.57488626277896,-103.72383371051178,39.034641494939876,-91.0801114039806,16.925643142395046,-110.01257838677492,9.687684898815206,-125.93515633714546,12.129420219007415,-95.68413087257854,15.21809977702469,-80.23779473649884,-10.032233636414816,-110.36215884126402,-19.290716483622248,-119.8798881820821,-15.440834091876951,-95.45534103960414,-8.329142900211309,-79.13358712675587,-35.33924080454031,-104.5446592579397,-44.31746291160911,-108.02482282738609,-43.292540280192185,-92.17221257802126,-37.1545739527721,-80.02662981400624
0.0,0.0,35.51151595526693,-21.306909573160112,82.77954858138281,-51.91270339389462,108.72618008554412,-87.81687267265798,135.88580432437305,-118.72093776027121,51.067637534445225,-110.64585118842245,48.46052294029192,-116.87361208379524,46.62312159659086,-98.89560643567292,50.113369650407606,-85.48649081744789,22.094613259018104,-109.09203849972015,21.460700423820754,-124.47069204306298,20.7764461014159,-94.18553510537042,22.4361154254766,-78.52588738508271,-4.258468466269022,-110.735347844136,-9.850303126683855,-121.02186108845149,-7.195134954572325,-96.4280639825642,-2.7418053062751255,-79.52346657850426,-31.44810955742321,-105.78026340137518,-36.92264932370267,-110.77056392710513,-34.68871215705039,-95.7426449620299,-31.291368877124683,-82.49590340614324
0.0,0.0,40.31240436368563,-9.484841349158188,92.57073824275852,-31.273644785836467,126.97158048829499,-58.407217964087465,163.41459083756422,-76.51982998511872,85.37526422673358,-86.95672628828336,82.23509724565201,-96.1522348474447,75.40265226111956,-79.17383704026659,71.35397817553257,-68.75972461060047,49.77748063345325,-99.5562515409062,59.57300389196149,-111.37581446457907,50.89451707534511,-81.92877313470163,44.418975236656024,-68.53210126594209,22.82931455954639,-108.44018725814377,28.802541245528857,-117.95648753163013,26.75008981423815,-92.92240948969302,23.496903243516726,-76.022330738835,-4.085568443878913,-110.28035115327836,0.0,-116.76215082726938,-1.4550116018407948,-101.82260926080468,-4.481739383632373,-88.11718253040777
0.0,0.0,40.176764912908084,-10.04388979095836,90.00586116263912,-38.0306112673951,121.57748685187664,-68.93547746104156,156.42692714675172,-89.945702192961,70.58330876093135,-99.33984353178249,71.3979218694526,-104.45190394570864,67.12541153127427,-86.30316081376785,63.296067306711905,-76.2423621978241,43.19409196657483,-102.58418600482764,44.04853223084433,-118.37753861551721,37.4899152489653,-88.86552757011799,38.14954979514437,-72.21015244013688,17.064077386252507,-109.49552081613194,13.248231554901054,-120.69715694111329,13.466261839544018,-95.75385779439301,14.489521356874945,-78.24035406264895,-11.552450162724767,-109.74966339464447,-13.216139360360216,-116.01178184226609,-16.74147984269507,-100.44741742880518,-13.999975969982245,-87.11328554152874
0.0,0.0,39.02896258304304,-13.848907563104973,89.39730780452248,-39.439875688235276,120.19205012817827,-71.32360372264905,153.7681643358211,-94.41908978777491,68.8627048338534,-100.54022016847581,68.0922919739528,-106.63631304060533,64.94931699862866,-87.9525023015357,63.294944400465965,-76.2432944155873,39.86147444532128,-103.92452864523852,42.73498423931716,-118.85804963243052,37.66851221123352,-88.78997084965258,35.4290588377342,-73.58312343786699,14.271901116524418,-109.89433404120592,12.638009367670861,-120.76257720098005,11.298335990789553,-96.03379141885023,11.253190835484986,-78.7709650126248,-12.977850207867391,-109.59025104443442,-12.738920511860215,-116.06515312531369,-16.03157570225079,-100.56316122687774,-14.991022172369071,-86.94822079391585
0.0,0.0,35.87113951532564,-20.695736538525125,85.01041005600473,-48.17273730140241,111.80857243619636,-83.85719105586483,137.91080783158822,-116.36245942226701,50.42664233774968,-110.93945074273927,51.91983064818561,-115.37848443546021,47.768513303280315,-98.34747366599883,48.243648310097,-86.55541766828736,23.222378408483905,-108.85754884317019,21.46003576529114,-124.47080663879554,21.071184817620235,-94.12003456263545,24.11661716728804,-78.02616895251535,-4.370654508960968,-110.73097667321146,-8.755106647449281,-121.10601735913782,-5.938898776548854,-96.51357920915537,-1.4464057348506572,-79.55757125157979,-32.66262664444099,-105.41157688169672,-36.48493777201432,-110.91550469425925,-35.27211111033188,-95.5292572632092,-30.15253618184886,-82.91892671038559
0.0,0.0,39.288208183510505,-13.095375471101988,90.4564694388879,-36.94603596668435,125.26367379168408,-61.985461119608885,162.9643401352867,-77.47410356906727,78.64480873233816,-93.08814128563284,76.5240531829619,-100.75680011597842,67.38432209143906,-86.10115896994185,63.43790953323844,-76.12438219159912,39.75275194099021,-103.96616522796299,50.07293133435229,-115.95782159020253,40.50181971221713,-87.53386964877689,34.903967736145944,-73.83364613287148,11.75472177733019,-110.1920066600911,18.868256204372642,-119.9471060126344,13.675065180280853,-95.72426068011742,12.202338852155208,-78.62952473172646,-13.687093977785082,-109.50393225105336,-9.15478074281674,-116.40270553282238,-12.132822841265863,-101.10764276424635,-13.619894677549269,-87.17351842143614
0.0,0.0,38.2940132942627,-15.767710893431229,88.32913174474476,-41.777349391979385,122.97689348409995,-66.40684476016247,161.14236889244444,-81.19575005683078,66.31609555164493,-102.23787683312435,66.30930587381062,-107.75406924888466,61.47968181548703,-90.41186406416185,59.86181363999924,-78.96741858342591,34.43160640795986,-105.84757568908861,39.570694913641034,-119.94863460836703,33.45734181285286,-90.46094192803838,32.4710722069421,-74.93546379873521,6.5072744204483115,-110.62597884519252,6.3816237301784895,-121.25425440604724,6.607381536530511,-96.47011972455886,5.206419034689645,-79.40020424303216,-19.178968233534874,-108.67665295497955,-21.672320337661176,-114.73321400968337,-23.765645942860772,-99.0209820611702,-22.047563645254797,-85.43201263173216
0.0,0.0,35.2699196014006,-21.704491063158798,82.93457615562136,-51.66467376155046,108.3477680048154,-88.28333098821486,133.57846529728238,-121.31119687968919,50.00790906566033,-111.12883073010644,47.443214729313695,-117.29025902140482,46.74734156151942,-98.83694904548928,48.123573492110495,-86.62223504591326,20.763328152927727,-109.35323041915059,20.112267795041475,-124.69567564474936,17.13787128542083,-94.91506257435829,21.71781055426601,-78.7275743925152,-6.827590464636671,-110.60667169880489,-9.41514905670715,-121.05649218955583,-6.889328029911383,-96.45039476195149,-4.040180142610154,-79.46808275915093,-33.23101766094888,-105.23377397593279,-36.11954004551194,-111.03503362772788,-33.82135959345098,-96.05246717648895,-30.373675053852196,-82.83817784526046
0.0,0.0,37.31336671621017,-17.965656829117563,85.08874637105777,-48.03423443755295,114.36897235722233,-80.33009102417913,143.84972506618152,-108.9351618071226,53.40067358184041,-109.53892481472388,51.00184806666249,-115.78719695607577,47.22208555051651,-98.61100889834614,48.24410485849984,-86.55516319898007,26.028020525656018,-108.22100972826871,23.443552778531796,-124.11250812661952,20.488682568400975,-94.24855236183367,22.971009435102303,-78.37108516878175,1.3851714861012852,-110.80854261199403,-4.137178530900883,-121.35156812667671,-2.842899382016981,-96.65432951266968,2.6959005343205718,-79.52503601576709,-24.395327390484,-107.62581345342346,-30.95963008783849,-112.5828635744988,-30.93348045468116,-97.02103175291357,-25.74663137947158,-84.39096407560238
0.0,0.0,39.77092194067126,-11.546684761828033,92.69620490468816,-30.899774000274817,127.09427976986399,-58.13974038280122,163.7945082787332,-75.70318313841238,69.43419897365129,-100.1463928529001,69.86493429922234,-105.48343206648784,63.81122043076152,-88.7816680786454,63.147219149281284,-76.36569022612602,41.1094524990271,-103.43721629239758,42.48143912761651,-118.94890571168202,34.623267061273,-90.02113703844097,35.96827544081577,-73.32105718559717,15.282042817948366,-109.758421012469,12.784131204027403,-120.74719591923542,11.297272566714582,-96.0339165242851,11.058670801584753,-78.79850907918359,-11.259718898916958,-109.78008221128903,-15.524445346316668,-115.72550048498056,-16.97089014141619,-100.40891246920259,-12.878605402052898,-87.28611211354425
