0.0,0.0,1.2180000000000177,-40.18899999999999,-3.6529999999999916,-88.90199999999999,-17.049999999999983,-127.87269999999998,-25.573999999999984,-161.97209999999998,-64.54499999999999,-80.37699999999998,-82.81299999999999,-93.77299999999998,-66.98099999999998,-86.466,-53.58499999999998,-79.15899999999999,-79.15899999999999,-63.327,-96.20889999999999,-71.85199999999998,-71.85199999999999,-58.45599999999999,-52.36699999999999,-48.712999999999994,-87.68399999999998,-41.40599999999998,-103.51589999999999,-45.059999999999974,-76.72399999999999,-35.31699999999998,-53.58499999999998,-28.00999999999999,-92.55539999999999,-19.484999999999985,-99.86239999999998,-19.484999999999985,-82.81299999999999,-14.613999999999976,-66.98099999999998,-12.177999999999997
0.0,0.0,12.714415547330077,-38.14423786484417,9.314592095988473,-88.48812568410153,-1.1943105114543187,-128.99885087740984,-3.6985006629760733,-163.93691392500946,-44.47675756380508,-92.99643644038466,-68.56138383167067,-104.64561694159161,-61.83447034171235,-90.21818993174213,-56.27341399156046,-77.27096727577856,-70.29008848166754,-73.04628444513344,-84.90888203135066,-84.90785649983263,-60.83631312174202,-69.84809836891307,-41.28453537003929,-58.40245026777535,-84.1927441994556,-48.10948467989476,-94.12438368258213,-62.34216509862375,-68.6523278226145,-49.20081858603845,-48.2425980562262,-36.44947266813881,-91.99730167946942,-21.96961032555413,-96.2870478263088,-32.878086617899726,-79.99968865634634,-25.915473753872334,-65.50067645356725,-18.558540597932165
0.0,0.0,11.046068046120183,-38.66036246235262,13.10750609661892,-88.00626850927779,4.705395891176465,-128.91853689364183,5.683947328396641,-163.88008847074133,-40.865963696828885,-94.63874558091658,-65.95098911686006,-106.31009139544466,-50.94063352146793,-96.78778524912889,-38.03639892519402,-87.69681786019089,-63.59402960985068,-78.94463634713532,-83.38767776430785,-86.40230054973046,-59.69536687949579,-70.82568046353236,-42.12437359853203,-57.79962116598426,-78.75592269477525,-56.5724785783209,-93.77763768877372,-62.8625470556442,-68.66028207056746,-49.1897177364346,-48.60336215759742,-35.967005880076044,-90.9018345745655,-26.134723360661837,-96.62653093464752,-31.866560503066523,-81.08238944029154,-22.298163324652933,-66.33555223916005,-15.30857779565639
0.0,0.0,7.102998480746805,-39.5750762170145,6.192140330093423,-88.76129455529829,-2.047980905570114,-128.98812224193517,-7.213075148689114,-163.8199078296327,-62.698089650029885,-81.82584376733803,-86.85985952006578,-90.03739946352533,-72.80138453828954,-81.62586554706843,-55.12530192140531,-78.09417772199095,-81.98398518788196,-59.624511593078466,-101.39523382002699,-64.32626914248988,-76.36219005611241,-52.427376148670305,-53.52271060793012,-47.44026251170794,-89.53915045455278,-37.22473946016214,-106.76597971527616,-36.70109982340091,-80.12799820754094,-26.70892300809436,-56.13936324643498,-22.456273495057474,-94.093337763233,-9.623465214471935,-101.38673094638136,-8.537853756423317,-84.08529733682064,-1.1066782633012622,-68.07905731574135,0.0
0.0,0.0,8.343668915132042,-39.33220606620813,5.918542078542288,-88.77995760679616,-8.26806985423542,-128.73915071249877,-14.104258667039005,-163.3709293046448,-60.14013122332878,-83.72385424979427,-78.58089572113047,-97.34686089271094,-63.68625729810884,-88.92066210031882,-48.6296689637536,-82.29614087231391,-77.2114198125486,-65.68753961392048,-93.30319998582615,-75.5868719792989,-69.6335937726601,-61.081719510047776,-48.71310954200871,-52.366898101264894,-86.4998243630912,-43.82603195766609,-101.45759686773242,-49.52071476296243,-76.72400787922729,-35.316982882860486,-53.081379384430335,-28.953056620090592,-91.89714714640373,-22.384852925856308,-99.48709244696813,-21.31859740246557,-83.04400665318948,-13.238388269914765,-67.2459789105329,-10.617738241460074
0.0,0.0,-5.849780038081917,-39.779634469236356,-17.90814293357782,-87.15623001065697,-39.360670863275644,-122.85303209315947,-55.075604647112584,-154.4528032350496,-76.7928747476245,-68.77044090301916,-96.71531462001028,-79.35689268080262,-79.83192913885775,-74.7642067233271,-63.7388058258943,-71.238080672411,-89.93942880617983,-46.76917099990237,-106.91109473738098,-54.67065177281813,-79.96486433875059,-46.748628977599026,-57.637255829559734,-42.34626073737658,-93.49762289620482,-25.712549557736793,-109.6687851171521,-26.80863151557554,-81.56959232125962,-21.914932661167313,-57.238307046391824,-19.485598052484022,-94.55387225620409,-2.3942713959445427,-101.73854767137966,-1.1966939785932595,-84.0834916312434,1.2362847967260677,-68.06739140573752,1.260266724993187
0.0,0.0,3.083770843893433,-40.089020970614285,1.059502905767573,-88.97071128519019,-12.731333502894358,-128.37461997033552,-22.297679606622353,-162.45554511487262,-56.69562823355494,-86.09369833618791,-78.15262151342569,-97.69102440131962,-67.28036047683258,-86.2332685864769,-50.66221505526866,-81.0607147247895,-75.70958706878314,-67.41301532993714,-92.24642536703507,-76.87300794306162,-68.94975731221302,-61.85260549554016,-48.46827158419802,-52.593589986237134,-84.81388863785594,-47.00579736719041,-99.72807892927777,-52.91743971400862,-74.30173689565495,-40.163597439582844,-51.32773541423404,-31.958972171307096,-91.88443396456691,-22.436980393340434,-98.70771664815149,-24.676929162037823,-82.09008818616144,-18.24224181914701,-66.22773004667448,-15.76850715397012
0.0,0.0,6.609895131083505,-39.66041516873062,6.339207800428426,-88.75091243172085,-8.746347752772834,-128.7075417614584,-17.557246343032034,-163.0359891412325,-60.85285553664971,-83.20726607115293,-78.9390073087657,-97.05669283004977,-63.69793810386855,-88.91229497834215,-48.164693643236006,-82.56913341105871,-78.67653735319215,-63.92541497801764,-95.60170519042754,-72.657940432499,-70.04150742864323,-60.61353872793859,-49.92875651344437,-51.20916256902848,-87.90200515049122,-40.94115511954939,-103.43206605083401,-45.25210343471238,-77.28986576541558,-34.06081788454347,-54.080344379949,-27.041240296001916,-92.8912123657577,-17.81544159934589,-100.22239653371543,-17.53953795852965,-83.48149045330342,-10.119422745147546,-67.66265566616278,-7.518182839109727
0.0,0.0,5.8223628452239495,-39.78365664313117,3.9075027893172773,-88.89117748658452,-4.996164057185069,-128.90759578086806,-7.035403364664489,-163.82763428038157,-57.67303860390933,-85.44202579639591,-78.65658189135792,-97.28571643960947,-63.96241189765368,-88.72222597091945,-49.802390147772826,-81.59179763658244,-75.4040852919224,-67.75455801116624,-93.45369598222709,-75.40072314289472,-69.17073841428629,-61.60537953151794,-50.02657878093356,-51.11360360486282,-86.30638132521875,-44.20576019644864,-101.40662347540211,-49.625012525217755,-75.54506380088304,-37.77308566056672,-52.75501272462998,-29.543543413479085,-93.63347056774785,-13.376863742996534,-100.12134068982931,-18.107492847744595,-83.44314058637156,-10.430927767127457,-67.56915828234355,-8.316663634871873
0.0,0.0,2.7990447688070503,-40.10990642450082,-3.9945272309523148,-88.8873093596672,-21.208189331896506,-127.24913599137886,-29.784413835257794,-161.25098246801502,-63.64261759040912,-81.09338061914144,-80.99418132111475,-95.34836700291402,-64.267873500689,-88.50120876405833,-50.46508378552943,-81.18358716218131,-79.64195980918143,-62.71853352680313,-93.66481016633583,-75.1383103331068,-69.05670352940439,-61.73318020037476,-50.048498465113425,-51.09214087692487,-88.40956584310092,-39.83326950470422,-101.18653006026238,-50.072260655712455,-74.9013240929821,-39.03401483473175,-53.26844049417923,-28.607439108002723,-92.82025512207275,-18.18151625231866,-99.39525737496342,-21.742745229726097,-82.68659048847186,-15.313057121024258,-67.49047108831678,-8.932768735228422
0.0,0.0,12.714712914572601,-38.14413874371786,7.054595769538594,-88.6969147802132,-10.79468870092171,-128.55195292620095,-15.922318985628863,-163.203769602696,-56.67794552158597,-86.10534040030342,-71.44410461894222,-102.69911593191853,-54.89312383300313,-94.60215892279933,-40.2907186257915,-86.68424019749665,-77.54170452967003,-65.29732206326187,-88.27836670402866,-81.39896998905476,-62.3080612108605,-68.53845160305025,-42.69865300895259,-57.37668593794052,-87.71644497972105,-41.33722259803585,-99.51770480331714,-53.312021003614404,-73.09622819708923,-42.317893241028116,-51.41104471172483,-31.82478290026546,-92.97576774727668,-17.36876236133321,-99.48727181053425,-21.317760352740436,-82.98159435696977,-13.624131641147642,-67.8997264232803,-4.938136960806673
0.0,0.0,-6.987190111294183,-39.59568687810116,-16.539984334502066,-87.42619133425876,-35.130756770161724,-124.1288034021344,-47.22759163943812,-157.0303959185879,-75.03484727217584,-70.68444559336405,-95.32286508692995,-81.02419323645836,-78.57686114899455,-76.082195085129,-60.32613958473874,-74.15022851483747,-88.01642820350197,-50.294776829187526,-104.96775867812698,-58.31493789159421,-78.68131224230973,-48.87806198928263,-57.21706865661733,-42.91230723631554,-92.43349706976863,-29.308519434680875,-108.32925511140719,-31.791785728669765,-80.80285622912695,-24.59189074095434,-56.614258853620356,-21.23059159456625,-94.23295976141068,-8.14349978598591,-101.58176819667524,-5.771354156255995,-84.06014842153957,-2.3352542364237934,-68.03860976163868,-2.346407190459786
0.0,0.0,2.293639587950821,-40.1419788057413,-2.2805210628152963,-88.94778938614525,-20.293670925347413,-127.39818219136293,-31.509538847097275,-160.92277531801787,-63.0621226923584,-81.54561812589276,-83.04311560554885,-93.56927619963429,-67.889169147888,-85.75479129127103,-52.180819347459334,-80.09158256788169,-81.2278956519438,-60.65051671632261,-97.71182076938031,-69.79442975726994,-72.79315900023528,-57.27975072193021,-52.28592743492723,-48.80000871177711,-88.61110018718853,-39.38291019739441,-104.49223756057998,-42.74713373307401,-78.17385259241877,-31.979859847391054,-54.54691845734885,-26.087276818543813,-93.26677876223674,-15.731346842403042,-100.62834445632922,-15.03663694907712,-83.6979634006892,-8.137130180652548,-67.72969091191493,-6.888179293286612
0.0,0.0,2.6746862242910083,-40.1183910270787,-5.436644288274238,-88.81077024709771,-23.718140490199204,-126.8052826856088,-35.47495005814028,-160.0953421333127,-66.50841614098823,-78.76007704679529,-87.96726541776253,-88.95576829481558,-71.71554417949999,-82.58150059207077,-53.58481741568605,-79.15912359625759,-83.00779936332356,-58.19073341055446,-101.42962687014062,-64.27202452229153,-76.08104944057617,-52.83453185200568,-53.82521555846762,-47.09676451821815,-90.27531797572793,-35.40208548067767,-106.79528330841887,-36.615742732935814,-80.34242576330978,-26.056808850414768,-55.98046045811324,-22.849515791316435,-93.8252016157902,-11.958212070218394,-101.35187974520214,-8.942070838126824,-84.03635352198579,-3.074614077868091,-68.07905731574135,0.0
0.0,0.0,3.5341780809314685,-40.05182680343387,-3.5097136718543425,-88.90777200527293,-22.351862227323835,-127.05323356869246,-32.83551104589992,-160.6574612919194,-67.46944468391243,-77.93839354287766,-85.36189098989388,-91.45882168839412,-68.78264715099502,-85.0398198957507,-53.611264960104535,-79.14121413888887,-83.2172903432795,-57.89074881120746,-99.54079307824443,-67.160202922297,-73.65011276437312,-56.17361239759393,-54.1289444870668,-46.74736812608856,-90.03323472569676,-36.013293890278646,-105.40429691500677,-40.44600529920217,-78.50674073653315,-31.153720868088328,-55.252951262429974,-24.556540916658776,-93.83536241724394,-11.878217635002443,-101.03213042160266,-12.027999884946212,-83.86619425664725,-6.166313802127263,-67.78911364540554,-6.276473227083045
0.0,0.0,-7.4102003293259315,-39.51870666000161,-20.71862281403149,-86.5312006254963,-40.06549438725665,-122.62498140588929,-54.06076928067008,-154.81092945652173,-77.64692203737788,-67.80468016384529,-99.20640817354248,-76.2197945110355,-82.863233997757,-71.3898309875641,-66.30529897855807,-68.8556957220245,-88.87017175840212,-48.77036786443284,-108.78280574814247,-50.84450330932435,-82.09998853030326,-42.88829354642206,-59.88266813119442,-39.10658659982013,-92.41827298378723,-29.356490094937726,-109.98729072328094,-25.470395210174388,-82.534382589926,-17.94264070586371,-58.04571283258289,-16.929487492458804,-94.28633693669897,-7.5002640766357445,-101.7391646692986,-1.1430359370291967,-84.01547159513777,3.6003468786488497,-67.98159419330341,3.64155130912809
0.0,0.0,5.963603144447632,-39.762729817450065,0.9879192246530693,-88.97153493452589,-16.11825988748734,-127.99348266020974,-22.661545228519742,-162.4051877935731,-52.181335506731045,-88.90234743095351,-73.39933429224214,-101.31093832087276,-58.57499903393236,-92.36770542335034,-44.72526605984211,-84.48165529791856,-74.92428777767577,-68.28475167274189,-90.36846894288203,-79.07213266460795,-67.64279215316628,-63.27927393486385,-47.516071947678824,-53.455420348763596,-86.54017718440389,-43.74629612769496,-99.90522348852932,-52.582235332068194,-75.09817784454623,-38.653930581881355,-53.124865944292935,-28.87318727471734,-93.63356208260367,-13.376223154657737,-98.82513648078952,-24.202408109800103,-82.3772836124322,-16.898080057713855,-67.18215065316525,-11.014385076589804
0.0,0.0,10.76123031882318,-38.74061392163577,14.62726196304115,-87.76646979607057,11.47248732477047,-128.49323694215573,14.004274623206669,-163.3795303784651,-51.009961936025604,-89.57958995934962,-70.24677263022292,-103.52178240852385,-53.44071053013701,-95.43015233684844,-39.06420514350498,-87.24383865068154,-71.68143486984619,-71.68143486984619,-85.525960268425,-84.28625311030135,-63.56240787263454,-67.37680717749129,-43.54345171515183,-56.738231120913895,-83.45944342361949,-49.370659256481986,-97.34194897334115,-57.1881991575311,-73.18042193866196,-42.172129539298794,-50.69567344710512,-32.95240535597483,-91.19854611062911,-25.07972251575876,-97.96479003030086,-27.47842923238261,-82.31460196746855,-17.200821722732314,-67.31642771413198,-10.161525712610285
0.0,0.0,4.838249801406533,-39.915292606458365,0.0,-88.97701957809105,-12.586750648853183,-128.38887651737429,-18.796494741461345,-162.89776683504354,-65.43236158467272,-79.65629423625381,-87.15282464735319,-89.75385035745097,-72.02365869307806,-82.31291578763933,-56.06508604092227,-77.42225541292362,-84.13418794728511,-56.54993040182194,-100.11093739001416,-66.30733412001018,-72.83465261700763,-57.22697980987482,-53.03543611620867,-47.98438885683083,-91.71538477470759,-31.483787695055526,-104.55381715185527,-42.59629645622266,-78.15319998326535,-32.03029811562368,-55.70225714931968,-23.51958489155504,-94.43442699854603,-5.320365740837474,-100.95994516699,-12.619573314433637,-83.74716427245181,-7.614094911607538,-67.9742224327702,-3.776655883222361
0.0,0.0,11.045695980305055,-38.66046876734259,17.71243729997812,-87.19621309377112,9.683131533473357,-128.64045580219096,5.509248351720629,-163.88605443114756,-49.36255052030498,-90.49783290295042,-68.08038730058445,-104.9591795080469,-52.76281793979413,-95.8066206483254,-38.1656330573924,-87.64065243554771,-69.47675061694997,-73.82030434582441,-86.98632391488204,-82.7782688571416,-61.88619754765281,-68.91960819021602,-44.50363359197101,-55.988263547922145,-83.81446239979809,-48.76552660058974,-98.02246423666563,-56.01376311034281,-71.93260230653962,-44.266955965022134,-49.86605250536272,-34.194869973906975,-90.94478691325381,-25.98486150555476,-98.03363358443787,-27.23179841641337,-81.25296316453654,-21.668362697316695,-66.04626192785165,-16.51209648583756
0.0,0.0,8.722719257106633,-39.249884251570734,12.582934031591918,-88.08280072838625,8.396081914550933,-128.730865427737,7.001726780887168,-163.82907701777424,-51.302143653437184,-89.41257859251175,-80.49939592925057,-95.76646465765435,-69.89257351896984,-84.12996899972921,-55.68285381198709,-77.69761448946082,-75.92767364081814,-67.16728806117908,-96.3920874139205,-71.60605998934096,-73.11561142672565,-56.86757604906387,-52.6070825495286,-48.453626527093775,-86.73123698146225,-43.36626826999799,-104.13022603196033,-43.62156782307176,-78.1291845636143,-32.08883270586034,-53.47377094778179,-28.221767230706234,-92.92769551396276,-17.62415106109296,-100.57856571001253,-15.366075571748638,-83.37864333888591,-10.934523307710037,-67.53107736046186,-8.620419684406897
0.0,0.0,7.700697748525442,-39.46312835021894,2.779760503045452,-88.93358726907235,-12.186115896732275,-128.42752230204164,-18.939510313778072,-162.88120089035533,-55.884882269437355,-86.62216279758385,-72.02274072859066,-102.29415093710003,-57.26019294970786,-93.18848544944927,-40.70107447508053,-86.49232360489538,-73.49516644090005,-69.82060383457309,-88.47286359714815,-81.1875282917913,-64.93507923131097,-66.05489630014841,-44.96631014215819,-55.61735349869895,-83.31445369429417,-49.61494228174922,-98.54021728866957,-55.09782871866895,-73.40290939171848,-41.78367573384571,-52.055007218850506,-30.760177965112973,-91.81805002097087,-22.70711308173037,-98.13652601694781,-26.85863771833783,-82.06475954079417,-18.35584938137231,-66.96296502337651,-12.276781348466272
0.0,0.0,0.9805435034342906,-40.1954945166479,-7.966158386519368,-88.61969495298933,-29.43782376239048,-125.60073422326968,-39.770884987716414,-159.08258032136587,-77.64011530828733,-67.81247413946676,-94.90832653704626,-81.50937401267043,-77.96527614500238,-76.70879501487116,-63.03567761007426,-71.86099675233277,-91.81222459618385,-42.97640776868036,-108.28877586050676,-51.88837409134072,-82.07699757088439,-42.93227585103119,-59.68180511815385,-39.412449756881415,-95.46453677475542,-17.01360956356308,-111.39276362200866,-18.373822831988377,-83.24780952461548,-14.271120290759825,-58.95033179490554,-13.44509971218315,-94.21816038305957,8.312974689728321,-101.07031009626418,11.702844774028108,-82.94852341452948,13.824052529893379,-66.94772622462298,12.359611577752844
0.0,0.0,-3.7532264615268502,-40.03189398627666,-12.0756878984092,-88.15377345740916,-22.000512961611577,-127.11454415099774,-27.942458729931417,-161.58035045925627,-66.58705576937632,-78.69360303077985,-92.86180830643829,-83.8334840982904,-78.00937648405215,-76.66394653009593,-60.2265320781853,-74.23115477907714,-84.34764072321916,-56.23105649395836,-103.76911794313216,-60.4221193315355,-79.42734211623336,-47.65617656034544,-56.593452350633456,-43.73145560162135,-88.86742799318746,-38.80104294829761,-108.35262663164035,-31.712039588054495,-81.11296162918835,-23.548887887580065,-56.6687033627677,-21.08483777937687,-93.22434490109104,-15.980888959079152,-101.53175934131457,-6.592875231443145,-84.0551459184338,-2.508866204244157,-68.06695555174791,-1.283591413328793
0.0,0.0,6.61053239840021,-39.66030895504599,-4.272472112932007,-88.87438323298912,-22.321348135642268,-127.05859798808365,-35.015768083353976,-160.1964002090645,-56.97243088997311,-85.91077506626999,-74.48770714864253,-100.51343184738079,-60.009178409761034,-91.44245197710671,-47.42568294162453,-82.99580774665972,-74.22415306017348,-69.04513967325965,-90.91831544442792,-78.43929028208689,-67.74592068814201,-63.1688536394002,-48.7686585901464,-52.31516985844297,-85.53756710399358,-45.675653316945386,-100.43033127659075,-51.572218417324564,-74.42482847499713,-39.93504189890439,-52.81437589552246,-29.437289681056825,-92.91375187362937,-17.69751414537177,-99.62941611590728,-20.64324594542711,-82.5604687665201,-15.979078886233026,-67.33925978782872,-10.009102668436753
0.0,0.0,-8.825476140477463,-39.22690678467859,-26.65204732233093,-84.89156840657517,-54.656881791707804,-116.85356296706263,-72.57817546898232,-147.0421677615085,-76.10585650735445,-69.52997741465168,-98.70089345756953,-76.87328618367701,-83.24331747401752,-70.946272720418,-66.05053073531712,-69.10012225447161,-89.10315955638715,-48.34338803878984,-108.69202108812283,-51.03828851939545,-83.21470660391525,-40.68324525925016,-61.004970998930304,-37.33165642480486,-93.3470260408943,-26.254017241568818,-110.11848724806404,-24.897066473943255,-82.40699466950701,-18.518906407772477,-57.96372999679426,-17.208089082136098,-94.57747454237979,-1.1263229312686462,-101.72713749618208,1.9374353132068336,-83.88871091940854,5.852020615129732,-67.88454195764757,5.142665476227535
0.0,0.0,1.2956185944761387,-40.186572601525086,-2.5787352426996506,-88.93964322813565,-12.965366693400256,-128.35119466446605,-17.828752410357225,-163.00652208393433,-64.71236990326156,-80.24231013314261,-89.81305906283893,-87.09180742053184,-75.18310454602819,-79.43754973449893,-56.898020384137226,-76.81220464461558,-82.49063995437064,-58.921562521019325,-103.2115948679956,-61.36960997117984,-77.07074903222527,-51.3800883963014,-54.59818049267156,-46.198460416876,-89.05737352611273,-38.36306703889079,-108.17518354066802,-32.312146613197626,-80.93910109703361,-24.139688867178222,-56.9086607176169,-20.42832984673896,-93.66259113932738,-13.171420395203825,-101.5931581704797,-5.567258904334437,-84.09257972615656,0.0,-68.02467435638502,2.7206109070889966
0.0,0.0,8.42423787653425,-39.31502843951108,12.782069012339747,-88.05412383735234,7.155420611553296,-128.80578349267455,2.8516555305294276,-163.9538310474787,-49.04956247036844,-90.66785304321161,-76.2782474998767,-99.16147163262326,-65.38619310182648,-87.67821433315493,-49.84524610622327,-81.56562355925462,-70.14026080528524,-73.19016343858351,-94.20849477421396,-74.45550252054511,-70.53926113180754,-60.03354461447918,-51.3221895794903,-49.81256783952074,-82.6995196966246,-50.633290767513756,-103.29188993359568,-45.571160033029116,-77.24362023706897,-34.16556450099233,-54.3712721104184,-26.451410058725344,-90.94495509298415,-25.98427288370982,-99.82737009073875,-19.663680721743674,-83.13093567869922,-12.681068495358488,-67.5532359419851,-8.445019761166293
0.0,0.0,3.1653662792055854,-40.08266085626636,-5.349863631251623,-88.81604006105545,-20.011491623827283,-127.44281112828406,-31.751755141028752,-160.87515874078926,-63.87613528276404,-80.9095698625201,-82.06404544821687,-94.42913185385638,-65.62429295004523,-87.5001468102005,-49.180461678253096,-81.9681748919291,-80.46677531694941,-61.65674561709838,-96.46974851188268,-71.50139834481632,-69.99764625388941,-60.66418514177337,-50.00144855629054,-51.13818729944023,-88.16785773063779,-40.36545001842552,-102.73958205404466,-46.803028023518095,-76.44946135945405,-35.9074159868033,-53.165578413709426,-28.798152665330974,-92.87432059290833,-17.90329211529769,-99.72653219141577,-20.168860548739758,-83.12813218270054,-12.69943324780536,-67.4183534056842,-9.461694830539955
0.0,0.0,-5.3851685115173495,-39.84519048897323,-23.870532296352792,-85.71527110666324,-49.3886245786324,-119.17589381884613,-65.6149148462572,-150.27865318842998,-83.1924287424713,-60.87313819681742,-101.7296637250122,-72.81788253166894,-84.49620456228263,-69.44936955486992,-69.39413743184332,-65.74156368759748,-93.91861631689359,-38.154288345088105,-111.18972139060911,-45.3399183974642,-83.93722760878148,-39.170852190775804,-62.5734120853304,-34.638521302148945,-95.93258429804413,-14.13789099896627,-111.53409355655822,-17.49546019191581,-83.25292428248702,-14.241252171578196,-59.368714496142104,-11.45722759115688,-94.05351789738664,10.00515193717564,-101.17474340532266,10.762688122728264,-83.11473783429145,12.786802561117383,-66.94775672763177,12.359446352399004
0.0,0.0,-1.3393109066249451,-40.18514018011376,-10.396971266659733,-88.36748837372403,-27.456697124539858,-126.04864016839403,-39.77065919258007,-159.08263677032022,-74.05799414109919,-71.70727060624267,-94.62510988810965,-81.83799286800215,-79.32988639547919,-75.29669741416527,-61.195631093761165,-73.43428518775335,-87.47266065799835,-51.23465475057549,-107.1418847023055,-54.21696123583342,-80.00911622427638,-46.67285250560792,-58.656267500993124,-40.92311499448613,-92.1179619783776,-30.285669432095688,-109.89681494760374,-25.85798169196761,-81.86323598142182,-20.791182257150297,-57.49371946896365,-18.7185615532847,-94.2482387794205,-7.964721033240039,-101.71378582527333,-2.54360607217842,-84.05400643713747,2.546756145697941,-67.89309625150929,5.028471575269293
0.0,0.0,0.0,-40.20745260520738,-6.080720101927511,-88.76899715577514,-20.429187136003634,-127.37652145608365,-30.074167096208697,-161.19719330025356,-66.89657964374544,-78.43064953172336,-89.07962386206668,-87.84184145720485,-74.02497400197319,-80.51786597400101,-55.17829214202496,-78.05674591147994,-82.81851675469339,-58.459810917865354,-102.30849223054709,-62.8636203278341,-77.45939300286805,-50.79228559168442,-54.21376414386913,-46.64897464417555,-89.1900500324584,-38.0535894129261,-107.10439130833522,-35.70146376944507,-79.87499144399227,-27.456299947774426,-55.51005558492767,-23.96969031836329,-93.19462899431258,-16.153278948016407,-101.13827964278315,-11.100114848873943,-84.00586494834728,-3.817933901999197,-68.03063611586987,-2.567215353276822
0.0,0.0,7.4101740057233485,-39.518711595963,5.919086316231784,-88.77992132335436,-3.5166986385394523,-128.95643735764293,-4.75061147044957,-163.9097994174443,-65.0903188787924,-79.93603406635282,-82.21073444233765,-94.30145089261055,-66.44007041686436,-86.88233744554816,-51.14545212870024,-80.75668537372513,-80.01898180008635,-62.23679588215839,-96.63979778151152,-71.27139558026454,-72.08227295876394,-58.17181246186374,-51.20902488187568,-49.92889773114803,-88.27706446227313,-40.12605863928911,-103.76957674273064,-44.47268932102634,-77.89054100528618,-32.6638376022143,-54.56788382003131,-26.04339417978315,-93.13313837963081,-16.504115538875055,-100.54863969169472,-15.560694551007373,-83.66313544039052,-8.487740175268584,-67.79951731261866,-6.163075301821095
0.0,0.0,-5.146140950499614,-39.87676614668737,-11.508350164512507,-88.22963158424136,-25.046349887983325,-126.54963556873133,-31.404213738872983,-160.9433627517866,-66.52659821961402,-78.74471971710892,-93.80852174334127,-82.77275968776848,-81.51060164068272,-72.93041434939147,-64.59286316508015,-70.4646119278126,-84.75262814353647,-55.618775901339575,-105.63367192238398,-57.09982223618687,-80.16179604991429,-46.410131372922706,-59.50892226325078,-39.67300378174531,-89.05717615113277,-38.36352522886949,-108.91973098946387,-29.70584713474466,-81.51791601418083,-22.10637993215886,-57.636312185318275,-18.27478707609282,-93.21722202297212,-16.022384731366287,-101.40363536763165,-8.334680137137752,-84.05278823948906,-2.58664921618805,-68.07905731574135,0.0
0.0,0.0,-40.18900109904126,-1.217963735609544,-88.78998183378218,5.766206634923094,-127.05323080802543,22.351877919597968,-158.48299564388242,42.09668331532953,-91.80800826990179,-46.88079320482575,-120.12995065724056,-34.93083813894168,-106.10911566303491,-26.526950262114212,-93.61790742670826,-19.31804635682093,-88.82480308176201,-48.852948401157946,-119.8169853272478,-7.921639369478754,-91.78738867467638,12.445445764772302,-65.96926128658811,27.628167208518676,-86.73177896121723,-43.36518430979572,-112.89251478791863,-1.1069135781819455,-81.66126495256526,21.57082454026576,-53.98134903771091,27.238323756590177,-92.4101230472852,-20.162749131643835,-101.25296911405553,10.000020217385213,-78.84691921137693,29.235685315630946,-59.57134413220518,32.95471139734616
0.0,0.0,-4.987120712395068,-39.8969656991606,-16.09351009042456,-87.50947917779763,-34.27437032115259,-124.36799204127436,-46.061130509570376,-157.37650050306215,-70.9225641914791,-74.80981915835326,-93.55713676996798,-83.05679175964781,-78.80253041977508,-75.8484325246107,-60.47405697148069,-74.02964230232448,-84.04495212377815,-56.682468475815654,-104.19865975486043,-59.67831807701032,-79.01419189804596,-48.33809386703996,-57.104299039463,-43.06225829205414,-90.16219563286394,-35.68920243800869,-107.57085827509489,-34.27033123226914,-79.93779951965003,-27.272896306704126,-55.8914756868256,-23.066323299324893,-93.65381314708699,-13.23369098817534,-101.37387383156155,-8.689180809641073,-84.04262867944072,-2.898021678601424,-68.0148012780539,-2.957169610765618
0.0,0.0,2.67514306201781,-40.118360567173454,0.0,-88.97701957809107,-6.779501379893048,-128.8261163985394,-13.617221168039492,-163.4122453859278,-57.50433799390328,-85.55565595495676,-83.11499386370099,-93.50543456418421,-69.02443208878944,-84.8436874011266,-52.045916234293315,-80.1793122278616,-77.16944433441762,-65.73684713398734,-98.7277951893497,-68.34972421495064,-73.19586587536321,-56.76424102157836,-52.038263906613764,-49.06402090723526,-85.18541461283445,-46.32910347977264,-105.45257921309508,-40.31995399446663,-78.83225971304023,-30.320578713734506,-54.38830319429945,-26.416373722465266,-91.66140525970184,-23.33139687152709,-100.52593043464287,-15.706733237988658,-83.4867709064406,-10.075765410900601,-67.83383491116194,-5.773117549922574
0.0,0.0,-2.008107107527877,-40.1572751919835,-10.643300762684333,-88.33815801721835,-31.287911657212078,-125.15269269744255,-38.9834724307307,-159.27736666473504,-67.70431611861156,-77.73445010361309,-91.16627804970915,-85.67425660350438,-76.80458541043456,-77.87091354884222,-61.643325864751034,-73.05887955842269,-86.92670635683149,-52.155574313329055,-102.1912854249895,-63.05397312143242,-76.03776236479871,-52.89681024933731,-55.63923971353097,-44.93922631844299,-92.41844783149142,-29.355939644608497,-105.84346320458926,-39.28239363466474,-78.4951627616199,-31.182881329774432,-55.930400938762375,-22.971777811682045,-94.3173643526022,-7.0994419314816355,-100.9434198786391,-12.751083952541421,-83.7724742639459,-7.330383393555849,-67.95434106416721,-4.118928930539482
0.0,0.0,-7.639770384857172,-39.474968694942106,-16.473286925953374,-87.43878333357122,-31.287902896613815,-125.15269488757346,-42.81584500260723,-158.29022102177603,-70.85923853598693,-74.86980344638351,-96.33393751689405,-79.81942733752948,-84.02434831282878,-70.01951447706864,-67.59252734585382,-67.59252734585385,-86.80484136032783,-52.358148615170876,-107.96376109380623,-52.56128455136462,-81.10228158605773,-44.7463267937805,-58.01654868767281,-41.825101749677685,-91.84349068056547,-31.108100417879598,-110.53678292792927,-22.968778216392707,-82.1802533434518,-19.50047756866678,-57.36132052611758,-19.12044017537255,-94.13000165690659,-9.25797398088605,-101.73521230223646,-1.4528374234135413,-84.08127150146454,1.379038685825492,-68.06487105454262,1.3897385827850712
0.0,0.0,1.2184533606904893,-40.1889862575286,-8.37931117026963,-88.58158475276784,-24.84442589634955,-126.58943244667302,-34.83367208657492,-160.23609438380282,-69.59881855907207,-76.04290636989987,-94.15124184465961,-82.38271758754027,-77.92798100184135,-76.74668262522266,-61.072340947410936,-73.53685251085466,-87.345891672569,-51.450475390649615,-104.91148569762426,-58.416115173188075,-77.99514258539888,-49.965703968655276,-56.19666156733325,-44.24018859234903,-92.11311299334278,-30.300414298746148,-108.03582142911384,-32.77508872522884,-80.48627376227675,-25.60902967439091,-56.99528640145817,-20.18538216174653,-94.20558647384283,-8.454275325497747,-101.62767493541634,-4.896922092635975,-84.09257972615656,0.0,-68.06779642090731,1.2381984501339502
0.0,0.0,9.526669314134324,-39.062537254755114,7.545494636721855,-88.65650299716992,-5.644638559845305,-128.8808285231698,-11.282561007079181,-163.59001947408507,-52.18150455814123,-88.90224820581693,-68.91385432341968,-104.41383615350261,-54.26478092656305,-94.96397773888853,-37.037181968161974,-88.12347393207585,-72.14241358095256,-71.21747238364185,-85.95011236117796,-83.85368523989195,-63.20119977188341,-67.71574549094532,-42.13859449737009,-57.78925429339097,-83.06670946811684,-50.028616512346844,-96.8092886138794,-58.08534058507877,-73.12178193479468,-42.27372318214151,-50.86096363590704,-32.69670783162945,-92.10980184681014,-21.49306162233222,-97.869557986176,-27.815710998472298,-81.99106389206577,-18.682275205316614,-67.03215242174554,-11.893215995174387
0.0,0.0,6.207068905822666,-39.72545205027086,8.853650803394771,-88.53543290938123,-1.264245419782668,-128.99818443997012,-8.885068704225148,-163.73773605534916,-52.483873467615666,-88.72407891793131,-70.2780557974296,-103.50054768615172,-56.27312805398003,-93.78783810292441,-42.74926784402277,-85.49853568804554,-70.36640369249443,-72.97277191792091,-87.4041860585537,-82.33693340568203,-64.85810953225996,-66.13047306576118,-46.03085181272408,-54.73956283525689,-82.80580278436543,-50.45928772026787,-97.70482104969932,-56.56600654506403,-72.86539774212793,-42.71412502769425,-50.115857530110645,-33.82769795628502,-90.23275020472215,-28.35873912310305,-97.24624897532709,-29.92208580611799,-81.2126885516341,-21.818826348254305,-66.31547262216583,-15.395328379049545
0.0,0.0,0.0,-40.20745260520738,-7.388377932408929,-88.66973488472766,-22.05920118931627,-127.10437265562211,-29.89706745081608,-161.2301336979268,-67.17733571925774,-78.19031090654477,-86.79945987954,-90.09562843235028,-70.01941654174263,-84.02442992459953,-55.68341840138433,-77.69720986712696,-83.68983994044919,-57.205479639121904,-99.07551333357816,-67.84471240191067,-74.91102739304193,-54.48074719493957,-55.14033263928002,-45.55000301239892,-90.45221130712615,-34.947648871576405,-104.97351665488783,-41.55124491415364,-79.03750541918612,-29.7814607115252,-56.22021674373741,-22.253079658491913,-93.90070082328303,-11.350140045668695,-100.92653329343753,-12.884061321207696,-83.83173924990086,-6.618267094687781,-68.0412792932845,-2.267676593619001
0.0,0.0,5.686354548594437,-39.80332419469107,9.384437296280481,-88.48074564351373,1.357877248222195,-128.99723281787385,-2.7326161817554464,-163.95585827658977,-55.946315083027685,-86.58249813114992,-82.94923938061507,-93.65250762354106,-70.53246405997396,-83.59422845285724,-57.14665226677732,-76.62740789495643,-76.78088553864103,-66.1902698733137,-98.43565823602962,-68.76978646796545,-74.73765077933498,-54.71834606405946,-52.50408766930988,-48.56521219981869,-85.63484912672496,-45.49300283607408,-105.37302430196934,-40.52740927158521,-78.51404188698925,-31.13531582573222,-54.356650024380684,-26.481444883672623,-92.23208663002268,-20.96209650850767,-100.63974739891557,-14.960127079756433,-83.56166626653291,-9.434505591739935,-67.8438957933121,-5.653657982776053
0.0,0.0,7.6747863508803675,-39.46817578085336,9.592334082724733,-88.45844866289139,2.132099094839873,-128.98675923806974,-4.20338388336512,-163.9247455948584,-60.284202786146636,-83.62017728059863,-77.13559927189522,-98.49602947817539,-60.67016379128654,-91.00524568692987,-38.706311815812114,-87.40320893203591,-75.7671893593672,-67.34826817804446,-94.10044774962194,-74.59201080900459,-70.15648353633176,-60.4804237569183,-47.015532996740205,-53.89618460552134,-85.59136385568922,-45.5747641280019,-102.9757845030756,-46.28102158321627,-76.23569678562006,-36.359059402176456,-51.84747314293787,-31.108710254401956,-91.40969890242235,-24.298852662800414,-99.93881868635606,-19.089176994717207,-83.2025401830798,-12.202428941935466,-67.53667097416496,-8.576486385891371
0.0,0.0,8.591612254798491,-39.27879127294011,4.935355106706282,-88.84003761238907,-8.747503452642547,-128.7074632204209,-13.721155052485074,-163.40355124181255,-62.066709029562105,-82.30578827907345,-77.68631451031041,-98.06225081959485,-62.4598342325794,-89.78637215434591,-49.18093600110984,-81.96789029891357,-79.6662586324228,-62.68766581642609,-93.51161468487672,-75.328880664969,-68.01354755707155,-62.880610594220286,-48.75790501190713,-52.325192372793424,-88.99035564527911,-38.5182722110784,-101.24027413984251,-49.96350713170091,-75.28830744155891,-38.28228608097095,-53.60669842716891,-27.96845023841263,-93.8118743182503,-12.062318643478477,-99.95965757388812,-18.979752803211852,-82.91364521559608,-14.031728406089485,-67.37003458904462,-9.79982063463035
0.0,0.0,6.767244564705862,-39.63386993470937,-0.9564635326958637,-88.97187865000166,-16.92565844183423,-127.88921765184256,-26.3465086473808,-161.84823797775334,-58.72624195334308,-84.72158910240887,-79.16383784879156,-96.87339818056472,-64.19835450024007,-88.55165044459366,-47.55671656674005,-82.9207948309153,-78.62037141516595,-63.99447951613763,-95.0611979566088,-73.36368983539768,-71.24731371214307,-59.191503856579516,-49.38251085260822,-51.736125482026864,-87.63395147710094,-41.51182049138674,-102.95364233948396,-46.330256656353754,-77.40527621652632,-33.7977200243339,-54.30054154981656,-26.596306367551165,-92.67377972624433,-18.9139590094602,-100.10434976052278,-18.201190010076743,-83.47401332390069,-10.180916687668343,-67.78175606402485,-6.3554378194604055
0.0,0.0,-1.03111963221275,-40.194228905454395,-8.43601818740089,-88.57620227883922,-19.8516645433659,-127.46780503385025,-23.641975365448104,-162.26536184666628,-71.74438706507453,-74.02203779049023,-92.08991059895536,-84.68067585864208,-73.90707831201314,-80.62609560422703,-57.723275076747,-76.19398283601004,-86.72438713419189,-52.49130295771681,-101.8264776742817,-63.64142352005496,-76.03819852032714,-52.89618328181456,-55.63925654187253,-44.93920548327145,-92.20453428229195,-30.021068431780463,-106.54257018038268,-37.34469028079127,-78.71889098251671,-30.6137039164268,-55.782956282612986,-23.327539805390643,-94.48436373935664,-4.344226390157814,-101.46458401853563,-7.556609603884397,-83.9793358187274,-4.362696464963335,-68.00197356283479,-3.238770840846314
0.0,0.0,9.751193167262585,-39.007095211188584,14.16750798636221,-87.84185636959387,12.835591515703555,-128.36423760429534,9.962343956218461,-163.67572317637087,-49.67869517417256,-90.32467215435457,-76.0525859353622,-99.33464989893679,-63.867197181224185,-88.79079142126523,-50.098322586060675,-81.41042672817161,-72.44824720403116,-70.90633037369508,-94.52906810486508,-74.04807645331357,-70.77033233408636,-59.760973062049175,-52.17708947741801,-48.91636118586001,-83.99296585792305,-48.45742851606724,-103.93170217560052,-44.09247595329924,-78.63184437282135,-30.83659701601971,-54.70875104719315,-25.746162507376482,-91.66123230705574,-23.33207633520766,-100.5623228328422,-15.472019429383522,-83.44313001993342,-10.43101229394756,-67.81163961975099,-6.028231671146671
0.0,0.0,0.0,-40.20745260520741,-3.8103357132241626,-88.89539557678182,-15.220053447239565,-128.10339526473592,-21.424318672495104,-162.57302735641412,-62.273936290868164,-82.14910841172221,-88.46289758424152,-88.46289758424143,-75.94663219183848,-78.70789398603932,-57.13061563092924,-76.63936497408508,-80.93894683051471,-61.03558876563011,-101.98100844997218,-63.39350328493208,-77.28199965608646,-51.06178971752408,-54.5981346037963,-46.19851464912847,-88.12809867273162,-40.45218061278371,-107.38017916612817,-34.86319370138381,-79.84807640370788,-27.534475837168685,-55.427256969040286,-24.160536208618623,-93.12977440230112,-16.5230873003957,-101.26814076857487,-9.84519294052177,-83.91809178678876,-5.414410019946217,-68.06429227505141,-1.4178018537057824
0.0,0.0,1.2966839277449935,-40.18653824095236,-1.3086922323297472,-88.96739480079788,-7.96434072103591,-128.7582975274574,-17.375055424018484,-163.0555062039374,-60.715494718523956,-83.30754980843506,-89.16793222111816,-87.75219861296966,-77.33958726616018,-77.3395872661601,-61.05887461307029,-73.54803421564276,-81.43396200885802,-60.373554156930936,-103.46330274043845,-60.944296937862646,-77.91630109963305,-50.088560200422194,-56.53126376802723,-43.81181661138612,-88.97412868525217,-38.55574038583859,-108.05795059651676,-32.70205598568282,-80.66684845124463,-25.034420823017456,-56.13946576453296,-22.456017204144416,-93.29722685245567,-15.54975098840572,-101.38422037924674,-8.56761442014789,-83.99431054337616,-4.064204884462299,-68.02243529763885,-2.7760297510166083
0.0,0.0,-4.986851102665753,-39.8969993994516,-13.812276830838101,-87.89841307866877,-29.19350651863759,-125.65774581153465,-36.78003393359003,-159.8005624466133,-71.5788138751649,-74.18215795071276,-95.65921218151189,-80.62681702022277,-80.7411403196932,-73.78137825275164,-60.531447861702304,-73.9827231572751,-88.42545337205749,-49.57212327453894,-107.12153303242354,-54.257160854521175,-80.16187813765129,-46.40998958677261,-57.21683141454095,-42.9126235609057,-91.99242398469995,-30.664876021585258,-110.00655329249676,-25.387071227596635,-81.85792053529671,-20.812100101552602,-57.06966273505387,-19.97413127791046,-94.47364152298024,-4.5714714860122285,-101.73577847290906,1.4126348683110734,-83.99105888652008,4.130858521072213,-67.7127421965685,7.052842634076484
0.0,0.0,0.0,-40.20745260520738,-5.328628963769916,-88.81731659066531,-21.352534025533032,-127.22499438388058,-31.46673766043807,-160.93115010904248,-56.25087215396823,-86.38494391916868,-81.93522871201318,-94.54092655517019,-66.82310439714337,-86.58808368204296,-51.69082367350214,-80.40869513898923,-77.0392750727197,-65.88934895921972,-95.07615426381187,-73.34430607493562,-69.17805081875224,-61.597168156646035,-51.45241681740592,-49.67804204724581,-90.3751305972589,-35.14649998973431,-101.91347116348487,-48.575606514170545,-74.95185292404176,-38.936902910385754,-54.08077162911047,-27.04038581455518,-94.1796295864869,-8.738687836976453,-100.2826130116465,-17.191907582241868,-83.16909995216571,-12.428305521939308,-67.80654094952314,-6.0853142450195605
0.0,0.0,8.591792313036734,-39.2787518876255,3.921974642780725,-88.89054014855225,-11.54961392170685,-128.48632737980142,-22.76496949250344,-162.39072269811282,-61.23674483463472,-82.92514839334223,-81.12672829030647,-95.23561547504579,-66.5234540345901,-86.8185094338055,-52.764623001129564,-79.7081806689167,-79.03249632678711,-63.48480711443,-95.51447885713729,-72.77256812741643,-71.50172469212174,-58.88392994741457,-50.573011864036715,-50.573011864036744,-87.52454719734034,-41.741997195876195,-102.10007379418147,-48.18215524478637,-76.16099456968931,-36.515278598906434,-53.46194088748152,-28.244171107388297,-93.29730980847894,-15.549253250902325,-99.587592444878,-20.844078050920643,-82.66470192712046,-15.43078158423367,-66.96305051960718,-12.276315005266554
0.0,0.0,11.553963817813639,-38.51162376603526,10.10293145945272,-88.40158815838998,-1.2519321217345976,-128.99830452859666,-3.726264872649125,-163.93628519796601,-60.78849418189807,-83.2542979617109,-75.2711229118213,-99.92810692489621,-58.45636294468625,-92.44283178418493,-45.57368559192324,-84.02701165439913,-79.80369304691071,-62.51261301589028,-91.91821224892126,-77.26515773731552,-65.49687432362362,-65.49788770514243,-47.18942428709914,-53.743997743488876,-88.92722357776749,-38.663802176580475,-100.97898851864181,-50.48949425932091,-74.09539701077,-40.54299947976676,-52.733290183889096,-29.582299291666686,-93.11908214601013,-16.58323956422919,-99.5064751544987,-21.227942931125654,-82.75770755598853,-14.923933967874461,-67.59411919482324,-8.111294303378827
0.0,0.0,6.610589630687883,-39.66029941559498,6.622192763647774,-88.73024611709968,-2.714848452903226,-128.97580975969004,-9.549297932116076,-163.7003407553377,-55.88455580288695,-86.62237341884605,-80.09031039203141,-96.1088480802265,-66.54686464007528,-86.80056637819536,-51.31991771656621,-80.64592706122778,-75.84581150945512,-67.25971369603207,-95.71359685984184,-72.51048006572336,-71.88922009817225,-58.410220626843625,-52.85023941280454,-48.18828957339366,-85.5606073795966,-45.63247918790421,-104.21341435706492,-43.42245295757357,-78.4208596881057,-31.369275267025728,-54.37108155132273,-26.451801752232484,-92.01187434599665,-21.908497746229045,-100.36110421800882,-16.727609479598925,-83.3785234804323,-10.93543722139151,-67.85332850213115,-5.539301055356475
0.0,0.0,-7.410104587242969,-39.51872461259498,-18.147585893582857,-87.10668825776256,-34.149966860047385,-124.4022092599149,-45.53572398014876,-157.52932582860151,-76.44120736781026,-69.16112325686609,-98.96489596307157,-76.53311613294221,-82.4772785304179,-71.83538155544147,-64.23549663715862,-70.79053946522501,-90.16445255720848,-46.33387211381,-108.7102574131819,-50.99943407891621,-80.58791399598617,-45.666201481791006,-58.28627500000316,-41.448392063191136,-93.33648788253645,-26.291457201021046,-110.70562490353267,-22.140681279678887,-82.25271463831784,-19.192540207785157,-57.36124754144194,-19.12065912800648,-94.54208907220041,-2.8214691251406236,-101.65979265145465,4.177405513382979,-83.90633510108165,5.59364772800285,-67.55328458786278,8.444630624912918
0.0,0.0,0.0,-40.20745260520738,-5.105070324162369,-88.83044675101749,-18.679973616784338,-127.64477463243935,-27.298236766848817,-161.69043547418337,-64.14452416804446,-80.69695888480032,-84.20698390094543,-92.52325307892016,-69.60415939949385,-84.3687413162591,-53.28517342434918,-79.36113531910331,-80.35063438920159,-61.808023453697785,-96.30808431671569,-71.71900193431566,-72.83431810709516,-57.22740554904152,-53.215060784827756,-47.785106086175915,-88.40955689813359,-39.83328935796885,-103.12535375447186,-45.946779711150896,-77.30954836136996,-34.01611966643162,-55.51865231749835,-23.949771812038932,-93.77240025955045,-12.365445552937501,-99.61512200209239,-20.712113056572548,-82.893114903103,-14.152507433700976,-67.45475917957796,-9.198560160434909
